-0.14191840976296474,-1.7617603933127368,-1.8921176710817917,0.11912947336784593,0.8281968174097943
0.2965066489453352,-2.5569762529478117,-0.6062041973992007,-0.49483891149926895,-0.4188267680008269
-1.6656283995505465,-1.4856054957464078,-1.314258427494456,-1.0684306981963076,0.30591834008529156
-1.9682167772254493,-1.6221556447500447,-1.848798944780044,-1.3098562352340966,1.1561850876474151
-0.45384885292348687,3.140125119972595,2.4819485532650036,0.7179512012901209,0.3937440212201673
2.123536893322579,-1.516852061344316,-0.16510387199616583,0.7477204397059312,-1.5701113135323996
-0.38158481589837634,-0.5928392821169836,1.8975871204444568,1.2252024585609778,-0.2906463518161512
-2.0728305373664737,2.5211817713564044,-2.4564840064777798,-0.3171599506962135,0.036535737867363555
0.4451515354878912,-1.8926358739474447,-0.4265405714540148,0.08686154125980006,-0.12199280955974666
-0.2765507907109448,-0.2550201339685117,2.924559930708088,0.5514732606183713,0.02345061907305471
0.006006972525748109,1.0447767411241937,1.0927108541751318,-1.4191630380098326,-0.3306168500118464
-0.3246375066129626,-0.7003629655571164,1.8246280153127166,-0.7088661771083987,0.34256835232710353
-1.4422769982554877,-1.0356697339957732,-0.3774493192383444,0.19702753660834676,0.03739598815760916
4.223033417822396,-0.06866378604668662,-0.7361814064900365,2.142681298869533,-0.0771693768328169
-1.878018154352536,0.9519354332637502,-0.06287660723262954,1.4619797011836813,-0.044958703979483684
-0.15148412859000857,-0.4265169544975725,2.7273188258129633,0.9620647091079513,-0.11277874537617587
0.6533795687316191,-1.7548356350257839,0.3751117776990216,0.2884545172686248,-1.6062510879583998
0.2704571285432357,-1.2748487270484894,0.9657409790919486,-1.1403616763601736,-2.5945896426634683
-0.5632046272076269,-0.4686382162508292,2.520234040927492,-0.5513729014944293,-0.40673378123219833
-1.560945850995509,-0.8506968633576077,-0.5611091458439768,0.3976295101608275,0.524214472550757
-0.6076422366331422,-1.0552181250581603,1.5880671056040039,-1.461644904127457,0.9410686102921305
-1.2832891807276576,-0.702517917923368,0.4906592757600771,-0.06179115195082949,-1.9621889843011973
-1.4828529197198317,-1.359521925206473,0.18032958282365777,0.14621679810313767,-1.0806047185802619
-1.3250516711497822,0.6049118716482654,-1.909304207331375,-1.2260756066351357,0.8425749639624553
-0.6120189246363729,-1.1707542687882357,0.9244803587466576,-1.1868552927379095,-0.02928951706177869
0.1540246720353907,-1.6444323773842702,0.8790617759583469,1.5021233173225113,-0.32822353384025665
2.2159926336157048,2.4032047836204464,1.5798021877078152,-1.7753064678908124,-0.26358377210579587
-0.1080378669235552,2.189646008306646,2.3514336058668315,-0.09860835982356783,-0.14375409774923462
2.655425926218731,2.521907816008281,1.1755735171700454,-2.367400663655232,-0.13995307856850359
-0.1353310568756077,-0.5329034381768616,2.1560917448974566,-0.5367157088104942,0.3829953465343145
-2.2118221882247417,1.9573041711187589,-1.1954825998450143,0.8463218591402981,-0.6877806230686516
-0.6576307462791525,-1.2515730734883188,0.23375475329228035,-1.0342443262728185,2.4874993061801396
-1.962981342515234,-1.0386056613746266,-0.2716187162765694,-0.005977643194786995,0.20271509709711416
-0.23802611682229086,-0.6577645231836059,1.7240371352055184,-0.8675836847273322,0.5290621860753448
-0.4130010348838219,-0.7556554556219099,1.347509757010192,-1.2789169987587516,1.7493064653741068
-0.4593690951785634,-1.0011803148489857,1.252067789683185,0.7591649333220372,-0.15167439824308676
2.3750235689144006,-1.1568971504895555,-1.1338957378357812,1.9194885292691806,-0.18343397284729065
-0.6021335434880446,-0.11547671378428763,0.9268392652634979,-1.6077993726125728,0.5839215637367826
-0.4196975952699457,3.4814962810666445,1.7356238497987533,-0.5267660655205137,0.36292053862139667
-2.1008374233841782,-0.07389761599620258,1.3342545474671643,2.0567361270956495,-0.6880521563207695
-0.25549281237192945,-0.6144077212165944,2.1515680972322175,-0.2129531425645216,0.6823795793847409
-0.28072021660160623,-0.6039892948608007,0.6804707190916505,-1.4099993728345828,1.8556961163417562
4.091370729484456,0.2808964634661343,-0.9880296947833712,-2.538100647594979,-3.9992323378787384
-1.5702504508366295,0.9088228659666254,-2.2906942607349325,-0.9733079558591418,2.2114748213629376
-1.414796943834085,-1.3269384354011673,0.11958896465033346,0.32397331129216306,-0.2599418849447409
-1.5932338081542547,1.6088075705343812,-2.1037489439160235,-1.2155154170826645,-0.9445948823288738
-1.7142967075738318,0.35363938765896996,-0.009555128955396295,0.8415620861572722,0.15437378803230997
3.9388755090873087,-0.1985525243554869,-1.7402097406197106,0.06297861883138954,0.3804754361466855
3.895174994312448,0.5793704831739057,-0.9163681300642909,1.8210272523862092,0.3318828798737145
-1.865474905602433,-0.6455146405154236,0.8862348916410795,0.9930790079749975,-0.9395005998229361
-1.8606502667938183,-1.1278715536955932,-1.5921588309947232,-1.0192140371957579,1.1533918174477769
-1.7060750348751301,-1.1404434594210393,-0.4306419716529735,-0.18525427524315088,-0.7101728710167184
-2.0362852670659297,2.6439255409382483,-1.286320212694529,0.8348256267493619,0.062167513217978906
-0.39556158640937833,2.8845830849979697,1.0040169398319214,-1.42142771598783,-0.5007647305838336
1.4784185951498414,4.448042032961828,-2.3357276906951565,2.5346516546417432,-0.7018751646725493
-0.49788098627537125,0.19215566062221393,2.9469582539389156,1.2839081041269826,1.7251236472790468
-0.4646666773005216,3.848935533684385,1.4140372947606654,-1.2134054902633715,-0.29988572049103995
-1.6991805269639846,0.3811362895220464,0.6407950884203745,0.9207559536539365,-0.4356853036573176
-0.09980973609181593,-2.04719688052027,-0.8388416440758343,-0.32085676572450217,0.22773632983461517
3.192142468119567,2.0874097024305107,0.24887827234786852,-2.500199809164332,-0.3292553879407945
0.3191972142369061,-2.2510499829015007,-0.8454712158290854,-1.4720786681163551,-3.093885304912079
2.180029077708409,0.9477281036814695,0.48772027782845834,-2.432873785382503,1.2378078729390458
0.5202340857193587,-1.21072002124202,0.9174665702838918,2.209791205814162,-0.10341088224572344
0.1638394475829013,3.1688418276344597,1.3405232982154776,-0.8834595787133037,-0.16922043575961748
-1.6739304398395465,-1.1339912323122607,-0.300882624866847,0.12275154317856195,-0.6485820759688371
-1.8666569506727413,-0.5637974762145218,-0.8965414868744931,0.3080445135081036,0.237872055160336
2.0559248442028495,1.753135618787463,0.1642201705936106,-2.133360814557835,0.6676685067394771
2.310422665464812,-1.3539139837232068,-1.3206033918605247,0.5507541186441924,-0.25784864518073064
-0.9365879637332817,-0.8514998072147517,0.9107759024127021,-0.8108189236114031,1.130670387830049
-2.5483702404089046,2.2325269278608455,-2.983652822553757,0.4634723500210094,2.3177844162821235
4.093299211888827,-1.0451058902350252,-2.911390819980508,0.3943263260070382,2.5135803177373264
-1.8382044704539895,0.8516396912225703,-0.15963020132756334,0.7415299191046245,0.2697222006297234
2.5475776293515775,0.18632785687657027,-2.5570523003799686,-0.46909553846945984,2.9175695860647766
0.5222631284525561,-1.5427377812491554,-0.2908154386268651,0.12702935380667843,-0.8641261039195752
-0.8881745413542079,2.6200095986301317,-0.6792337986251563,0.17418532064329031,0.03250330619390471
-1.4812990973212776,-0.8230230460743815,0.46415013286453205,-0.08961479887923934,-1.2606402161421915
1.4630644447610615,-1.1071353924936833,-0.48917448981326517,-0.2113215730037176,-0.44441112497156837
-1.6435382130088656,-1.2396885983505517,-2.7644063385879543,-3.4596584784601987,-0.46124595581638456
-1.9002715623123874,-1.1652139307437497,-1.356104992702956,-0.9135619026156406,0.16524279394094502
-2.132321412129879,0.4814900820557895,1.993271463214387,2.5026990749855313,-2.8642086342296067
-1.4131826665260472,-1.0989515891054193,0.5593552213544126,0.6657521310805611,-0.6823990355593175
-0.9670479896317838,-0.8577522564962434,1.7859673778342418,-0.6657830797233818,1.1329405489160085
-0.05777220560843288,-2.127665891937626,-1.305550748358191,-0.9069309942070003,-0.011037756395135326
-0.1945927251769944,-0.6825118673899144,0.7969378936608132,-0.2146151974828282,0.08211881022512094
-1.7515152477920062,-0.6223272015596835,0.9914170169814019,1.4989983500975745,-0.27650070620545836
0.008578807958557864,-1.7322915668626306,0.8092391879003283,1.373831790283778,-0.2275647975215647
-1.9068826438234234,-0.6031980723135932,1.1561623111099006,1.0320399600809154,-0.8692643740875032
-0.6312137321448292,3.2026033543973327,1.2147745861854045,-0.7085335910925445,-1.064774631183531
0.9899834030326518,1.6364566676990377,0.7383814803652176,-3.113545834399772,0.4394305417432511
2.5424055071047222,-0.05631939264179318,-1.3015767221533525,-0.8714421886464437,-0.48535342458691527
0.0693208005559402,-1.9866757686245253,0.13272496106562387,0.592226770159188,-0.7923677065839193
0.3005031155362202,-1.7088831819676837,0.029451706515957233,0.6238356905584761,0.3381921321074957
-1.666214573935982,-1.069142794906829,-0.2873553377776031,0.35234214263096464,0.05074961860135656
-1.3570729091379974,-0.649234502178537,0.9983184223232867,1.4722716800949944,0.2096501884337874
-0.5197848824701266,-0.6745131483433372,2.3788542827872146,0.31259987862217425,0.09474957814554866
3.4974718634868287,-0.48312397432296167,-1.8523861762753282,-0.7103363140945853,-0.4115758737259583
3.6861175774493846,0.7991944863269069,-0.6706732283092207,-1.0524116620141293,-1.8529055496534148
-0.07957724380514894,0.9012384631671291,2.7829587101370294,0.9574785291566807,0.7831446552724947
2.3608079987234047,-1.8306457585996707,-3.484371030320114,2.4768322178771487,-1.6214460484305457
-1.8856980549913556,-1.2393278922613857,-2.0762804369492147,-1.00164447800587,2.659692694151296
-2.9408819499066237,4.684717138635331,0.5842770443240449,4.510481739038658,3.259648988280922
-0.5438882110557695,-0.870593332745754,2.2285477488547145,-0.3246834851653154,-0.6808231209145995
0.15530510747253806,-1.4523158391000957,0.21571847205280295,1.099833065434087,1.5228535801142717
2.0228460298081647,-0.1842005204640826,0.04770492525204425,0.3247286169610451,-0.03547402132414731
-1.4700930706874389,-0.5607735399009494,-0.13300647700451274,0.12007465969520115,-1.5623897671969191
-1.4479029222193172,-1.0782740358138159,0.6976543664306757,0.6233789892256826,-0.9239822798020627
3.001327011930419,2.019930660924519,0.38271917665155786,-1.90439031772722,-0.8533326174597736
-1.7428078552475204,-1.1162256093209997,-1.6320508980516162,-1.1596208731047175,0.27605210796166657
-1.2687882136852071,0.8814254699473012,-1.7116842149607276,-0.9954892892620925,0.05338908140497078
-0.5019847767575845,-1.1411672286968797,0.6148769643241851,0.16851148938154398,-0.05303889194300441
-1.7794954667586533,-1.3737706912981675,-1.2451925585107644,-1.528996812296127,-0.6054262784054921
-0.16476084863280385,-1.0705944135926506,0.42144332538944684,-0.35335486990830656,-0.20754998457630175
1.9259145141116405,-1.1730380950631645,0.239585115007601,1.6541794283612754,-0.6596273156085384
2.2404228239325255,1.4206203606859333,1.3609811688042723,-4.63866990473757,-5.7968115204743045
1.692827090453389,2.346988968843559,0.35081809070277953,-2.114421674210063,0.42509657342172946
-0.6046982055745584,0.06072149242726337,-0.11619172766336662,0.27723192314228706,0.021347398372029237
-1.692632432633877,-0.7055565492893012,0.8326762899818793,1.3081879198170043,-0.8878128056099376
3.29095782447021,-0.951785016911308,-1.4717937528052885,1.111107958811481,0.09684201028154964
0.6034524417205095,2.5946301487566474,1.6698473405104786,-0.5648825775985276,-0.3745730711204525
-0.6183972062508429,-0.7143553093033557,-0.6520299209667562,-1.667001287613773,3.5351974962295536
0.35332892566032503,-2.0960148950813497,-0.2878622724768534,-0.0017558118702842836,0.17984998165185348
1.1858266384039118,-1.216795187000396,0.5250536474132425,0.8231154513125395,-0.46693047403736904
-1.6013827697144853,4.410081418621239,0.0364149227201515,1.5845740577364702,-2.75165033407643
-1.9266462106556024,4.039080044799083,0.44257916853304247,0.5176213610301147,-6.303493752400292
-1.774614301327636,0.8171423677001703,-0.6694894427515383,1.2401801148898524,2.481443884555055
0.0797715465908389,-1.4709753198273314,0.7119626224401047,1.860727192204979,0.10010000903571446
0.9286299108382228,2.5379445228121424,0.612403053388681,-2.801976821153132,-2.5381379977376968
-1.1675122218502416,-0.3030872721045499,0.7788175788153612,0.316760773755987,-1.8687901637978062
0.11802939820579478,-1.3412828663997374,1.0941284559682891,1.775896469332476,-0.0685730221411873
-1.2564770301150037,-0.08759279373499955,1.7161620476458637,1.8315858263809606,-2.449484367104753
-1.3981019247729707,-0.7448883913003896,0.9477578471439968,1.3077144462531693,-0.18164246434755124
-1.7242110477806971,1.0554608907493892,-2.2938654519184793,-1.4510425387095802,0.8334072929860994
-1.6840744169102089,-1.314929911133112,-0.9840197811578275,-0.6624308354125074,-0.8122937092582696
4.183377948723517,-1.2167797961136866,-1.9043966741143517,1.3496605639972443,0.28819417257494095
3.6014781332013817,1.3265063326233613,-0.7023828821558428,-0.5170301418973188,-0.2415651000927306
-0.5927460243529998,-1.3746380350522982,1.3984030493008643,-1.2251940224939284,-0.5453385970728101
-1.753465049654123,-1.0236574738629591,-0.06298657664334135,0.10963241306450577,-0.04790904207380973
4.149537383843598,0.30407824012220663,-0.9960167146323767,1.3134066038080263,0.16238354115861606
0.7738083476802915,-1.5943787419722355,0.8628294096672635,1.0174460427697394,0.3030235559211312
3.6798138826707376,0.26002606620399366,-1.2281236705512868,0.2060627986903396,-0.16550911294863369
-1.4975437941173388,-0.7580170433439387,-0.16197804636541763,0.644758123506536,-0.06226230523601385
0.200228911311927,-1.8108607349608512,-0.02462654458889497,0.3626042806514449,-0.04578263437384288
2.3839654416788867,1.2152436311361494,-0.4072139328401587,-2.100012278311717,0.21411429588452904
-0.16042411328953177,-0.2807163541533829,3.129837968171648,-0.40960044414728103,2.6728969178833304
-0.7704555208136452,-1.3564046699170875,0.3418647500499479,-2.290155676984301,0.8126135237913079
0.031859926276101486,-1.9450258178807769,0.9906597246388088,1.2000081052009608,0.10799729530154759
3.9065111701301856,-1.7490304973379018,-1.4706151949916808,0.4294486269885517,-2.299812652056083
2.14416388834519,3.9945827964290084,-0.32319425604483976,1.8968335078421639,-0.7692224263344011
-1.6486512913103817,-0.6892238203887366,-0.2731798930880698,0.3041044110078537,-0.19299505838068642
-2.293892786377027,-1.1783792316534758,-1.2219928011452017,0.22920436216809822,3.393440684386283
0.406271222316431,-1.8009159769736758,-0.12619472082355337,0.2744982248106478,-0.2723773526362551
-1.3165637553696867,-1.4400251645802957,-0.027513836181962247,0.13224746539164944,0.18462186250011656
0.7287500423104001,1.9790062190311006,-0.16250829952467777,-3.0771316255268863,-0.3597954274533776
-1.127120909468663,0.6939442423779595,0.19150559285309043,-0.98872551965388,0.15267233000472671
1.8588381039892439,2.644965546567261,2.2540801903328633,-2.0710501483943498,-1.2393979994181794
-1.8174400905997459,-1.4128705916867184,-0.918368684225037,-0.6142179027513117,0.19030751680875665
-2.09816805404988,-0.19696867322296188,0.27273832035632645,1.6233424657007487,0.9013257038628774
2.375638362669957,1.5932639881560076,0.9885273762081674,-0.8921313088413368,1.434666563185989
-1.5847672632316123,2.200847507661647,-1.8481529861410029,0.09779035374272657,1.6182966308954934
-0.804667847948236,-0.5658360962298705,1.4028578017723023,-1.0576659073240413,0.23235410663416756
-1.336823215964511,3.081799744611324,-0.055049585756302845,0.5471705111752496,-0.6526254289499785
0.07637525866324546,-2.6143598757806887,0.09548669941837483,-0.14253291667484072,-0.3935419287927625
-0.7107210589025288,3.7378804983267395,0.7897849053002938,-0.1786102052838127,0.3489371283514189
0.21705538153685056,-1.337620073144918,0.5562375134630605,1.5887123727282528,0.49853356608925914
-0.013146843218012504,1.995542026095571,0.41994242126893994,-1.849011529230369,0.4252132114133098
0.834476407020241,-1.3924536641676313,0.6723630572268874,1.3974594498621575,-0.33986056586564284
2.679620950371228,0.3737538991568705,-1.9532460496002355,-0.3974376447905888,1.4012792507265197
-1.6528926059378186,-1.3356928349580115,-0.27311076154148123,0.43035827404014243,1.0697847467703636
-0.23058460368715836,-0.6140667078993722,2.148198270149413,-1.1950597166181123,0.34206850032600167
-1.8753658239080062,-1.1229005095387783,-1.23522267133192,-0.8368628839060366,0.899559054553267
0.5525129449895632,-0.4421077579225355,1.7761207453738534,0.025670806035023946,0.10547656180729145
0.6091387668907159,0.04393917066185337,-0.4282637640246188,-0.6584401028682159,-2.1226657666556883
-1.5934507451840252,3.0128211716557916,-1.6158415845996226,0.16165089826005855,-2.568535402385948
-2.344026299886377,3.009717893226364,-0.41841293600217067,2.2646086996131505,-1.0726497070782275
-1.8370820556273717,-0.5964853752598213,-0.717869996330255,0.4809364218336816,0.5098450844363851
0.10838240939642407,-1.8959749213554598,-0.8733539402334866,-0.26670103460498085,-0.9412725129171602
-0.6879807729608652,2.4770914169639795,-0.6550104815484091,2.341807621742059,0.045882036101147064
0.8975847635656239,-1.7129862516628758,-0.7320538098332781,0.6584243197296433,-0.3790756357293351
-1.681136048900379,-0.3631464295845947,1.305713799291284,1.450955722555522,-0.14807926735590682
0.015813376522580802,-2.2363357710616536,-0.8933715219096879,-0.8110406616006733,0.05782410505332111
-1.6603372711395072,2.8297441379307577,-1.8604564921358175,0.056983522481516585,0.912586503434617
2.0904126244286725,2.574491375955093,1.659634212491977,-1.2436180139133586,0.657043543667209
-0.3284584204729337,-0.4381604968222466,2.973422008533568,0.4411541848937276,0.3061902208430335
-1.413463986753161,-0.9329572260599416,-0.42922749822835554,-0.5596851863791952,-2.0045605765580086
0.10967864402864763,-2.167437953292743,0.2605836508373369,0.5753639135651935,-0.40339222440674677
0.1380914179022971,-2.042124880766983,0.41028340469741376,1.0548212161154202,-0.10789083801788396
-1.4172491250007142,-0.18887492454272625,0.5090955420001635,0.8359246200218209,-0.22934971743617807
3.2878266835191448,3.2317270716223696,1.6627643414863704,-0.5548743616719549,0.8684544264157148
-0.5119410830181058,-1.0213146133334188,1.2908061258523313,-0.8393022032336072,0.00644822682563208
-1.5163540048301707,-0.9483720724416663,0.7721208870294316,1.0009248383416733,-0.48432362923254185
3.5491478772885734,-0.789583854270425,-1.802965951193802,1.1349268280881792,0.4966185509083979
1.4740127977574975,-1.22142093817425,0.8282435473891938,2.6088639558395554,0.40158015788545637
-0.7988390006682391,-0.1547517275133198,0.3707553171000779,-0.8342582513745254,1.3746365076954843
-0.637656932737667,1.5361456739990682,0.4848650525578375,-0.7585524788362715,0.20179976444342798
-1.9570456830040706,-0.9138845701510951,-1.355841066711783,-0.536033988968007,0.7865196868857924
-1.5476675337918322,-0.39813492716555177,-0.38469796274375634,0.7419898254591142,-0.19681978432259753
-0.79526471040899,-0.3140697680670564,2.391829332375015,0.3043478586114804,-0.22584772964734676
2.5115064599077748,-1.4387124582934607,-0.7973387237626903,-0.055015248136459916,-1.5661850929073418
3.879292868575603,0.8503385505934427,1.4933215645715854,-0.2215443339359409,0.2759689093614081
-2.1870370634276832,-1.2425474378858197,-1.3092301104284552,-0.5402657174956778,2.258531294678793
-2.1253861971635986,0.05348225333453723,-1.6696938888502975,-0.9523766442131871,0.09250483419774916
-2.2527366364623065,0.004061981575358828,-2.2349441233795266,-0.35470737383989115,3.515641113318659
-1.7800916909562958,1.3531788129262443,-2.7008643359679945,-1.6450674396746614,0.1356733296980451
-2.2596469075738703,0.6083833927405402,-1.4269381376728019,0.9040146405358992,0.45388541260339377
0.25986678982299155,-0.7953707301844397,1.3663985314296885,-0.1302452535412365,-0.293238758668504
2.5101426649623297,-1.2763179922491694,-0.5860958598390984,1.0765866080977609,-0.171731639768581
-1.892033300091243,-0.8102616111513115,-1.5061454602569615,-0.7641764393216598,0.9816916800797026
-0.3196136306436516,-0.6419564868626304,2.345696167727785,-0.12693194417309564,-0.5716792686904469
-1.6602610182323183,-1.5270715396239416,-0.030919003596207053,0.19437328464018477,0.10921681517954979
3.9625493677133576,0.8774670343991142,-0.7767344237811511,0.3259344318576908,-0.09628700123464642
0.13080286731332696,-1.6044441156219547,1.1623636677407787,1.5908470757929138,0.19356637151802508
-0.7138714248674906,2.568007502931177,-1.6072631011212393,-1.1207298083177286,-1.0034916794311424
-1.9895240203208377,-0.44044024677192595,-1.4615411347218794,-0.7278471992964303,0.13341609131332877
1.958365095436808,4.408488048718109,0.8346778537539058,2.877488673049864,1.6739803677681697
4.24189047137728,-0.707807490335164,-0.28779932095024163,2.634899954439704,-0.5251706062919044
-0.14060777989783832,-0.14950961268008103,2.7004586767675827,0.24829770781894875,0.537754792808381
3.6334926828295853,1.717979207002023,-1.0536228517586737,0.9292759988627528,-0.24016307750074997
2.779718481059801,2.3137437671737424,1.7359407974435017,-1.6371245199641247,0.035840733644537645
-2.1577488451982236,1.880916941994814,-0.6705920020807222,1.6674987641009782,-0.4901808510998267
-0.3569690175177418,-0.8941863831592197,2.165146169773742,1.222327261286742,-0.23529066796333403
2.8963259171452678,-0.00667202025232986,-1.689040666181778,-1.6445550511637639,-0.4300846797098152
-0.053034948886365944,-0.36243943825527886,2.8444431249972233,-0.27503139329269416,0.3040030774185287
2.6487181028294757,1.0617131965097315,-1.012738576873426,-0.8780742809641349,-0.551393416945661
0.29649718481141024,-1.532722165115131,1.4609131974392289,1.5752234566678815,0.137966676205764
-1.0609892658416267,-1.6739583983989366,-0.3223115586076702,-1.2523082038376536,-2.9369115215494346
3.075456521212918,-1.4426098773368623,-2.111338862357983,0.2656715790525302,0.32019097981023653
0.010811518223111742,-0.9501720775898318,1.3480412220851312,-2.1668641624144143,-1.8237927549394055
-0.030086823116029837,0.9545194357713476,0.7609487511044195,-1.4184006099820399,1.3654270841797331
1.0708221187967746,0.49616064652487996,-0.5198992339469785,-2.5636787123646902,0.2665482919027614
0.12659998842703804,2.568708104842392,0.4749039151268462,-1.5954215488718335,0.16210463979726789
0.3051481550520345,-1.7278721824146812,-0.9516144673250774,-0.6931853302963081,-0.0820357801196917
3.723112670342273,1.6323605795158065,0.1761094413706196,3.705167217877518,1.3790818261820066
0.5771956824047066,-1.6561740650670382,-0.04219812539067742,0.19984822741819935,0.1859691770438769
-1.451428276591076,-0.6181607245972227,0.6832020985379337,0.8584848504709179,0.13741694476663538
0.2071024886576,-1.5594610819503758,0.4124091949273774,1.229587427264801,0.5102103232543381
-2.1576364335935914,2.1906699329792447,-1.2106071261986695,1.2711812493833743,0.08591035226968183
2.894835831460863,-1.1262403811414696,-1.0991920539065776,0.7237569677732768,-0.2893011066589396
-0.6556485890840265,-0.6298852195220037,2.219005933949633,-0.6274079335490195,0.7586626723340876
-1.6401268804425995,-1.4187550201474317,-2.2417517270091545,-1.6775958881054436,0.3789263161931178
-1.3357110762766213,2.1989176307133396,-1.401672454392064,-0.0023556876938502207,1.1504510996603097
0.0758874236250669,-0.31705761581664016,2.7886961772272887,-0.5303103466170656,1.950206111431169
-2.0491321139180396,-0.27796344092296627,-1.6302974616630477,-0.4425237452789995,0.14569860434826476
3.9122944876382304,-0.3357298401183619,-0.5832706392870922,2.872854752391191,-0.4316791565226103
-1.9388038892211257,-0.34853232576904153,-1.1302898660302172,-0.691325421491708,-0.18541739581117359
0.007046542003806859,-0.839264750842809,1.8405483348614933,-1.032004402064405,-1.2045953132446854
-2.2421937439985,0.5461896033245126,-2.0077709444020284,-0.1685677317326665,-0.40413970169467583
-0.331926431120023,-1.0052497814208428,1.352560508831544,-1.687678328160797,-0.8320212944471054
-1.7808217698016107,-0.6493773713428311,-0.17988352450333958,0.31072170683703115,-0.3300174989950042
5.074785094031837,1.1085900250043725,-1.1883859214346224,2.0852749863189626,4.398591900447874
-1.8020913252659634,-1.067229247954034,-0.6454553892454311,-0.6253713516750143,0.6599036090905469
4.214117398114083,0.9110987155979566,0.6065291533404481,1.9223430133356691,0.9595951428819343
-2.34149486687102,2.548790977892831,-1.3095582298562234,0.8351023705871025,0.22080248494377122
-1.1724724235296864,2.510145498352821,-1.4975989765308217,-0.32067362796610216,-0.08120512392199747
-1.7318673071581752,-0.57296656137338,-0.3685196330792342,0.5240086691477821,1.584147416347369
-0.7995482765176728,1.8834380709838494,0.39912262866113035,0.9464355772421039,-0.25347584994828287
-0.16022996728314126,-2.204029173524824,-1.3181525970564092,-0.11843041422606318,1.019907881326002
0.128589782275703,-2.041892233105706,0.7339472556897154,1.0470780428664237,-0.6005917674008493
-0.8888686441495679,-0.4176983922013247,1.2701716770985394,-1.307262897006234,0.42807108963012064
0.439786924496043,-2.0916537469736354,0.39899576537129283,0.1426226361147271,-0.30687382508159067
2.508553860477104,0.07758133208237235,-1.2520976588980972,-1.0335000993874068,-0.04229260376304473
-1.7262119806228957,-1.2482051909507574,0.06802319308359141,0.19636530570526547,-0.3382865425195191
3.5710889068405454,0.692392181687591,-1.4094828002615232,-0.6015809747365832,0.06354624963405384
-0.4720602890370065,1.8233678624931158,0.16432456097815207,-2.2727056885784305,-0.30603578423989364
-2.1989782696728524,1.6237381135000635,-0.5698358635451645,1.6871287777350898,0.840122378358818
-1.3205666060642878,3.4928046749905155,-0.16119651429023513,1.680684060303409,-0.11636314679252568
2.1296640574407695,1.6860003279574451,-2.5844339163799512,-0.6579670321645223,-0.2750498977134249
-1.9231098301190008,2.9961872631208557,-0.8347711677947044,0.0970162457180232,-1.3530724079258547
-0.8438003833703978,1.03300003646845,-0.9472124730966686,-0.7132369379864799,0.006103435565324734
-1.2078566222036755,-0.33996388418747664,0.5843400069827673,0.710988327051652,-2.5071679073048863
1.9696298512276789,2.5257322175787125,1.039591424283846,-1.2998799227713227,0.5417844372868513
0.18294641752524163,-2.1045451182484083,-0.8243086763537492,-0.1917776365041742,1.0199071068996348
5.260305569809518,3.0891800376364174,7.027223181687415,-1.758426067922388,6.739879447400771
3.6600796024880644,1.4452091137551406,1.419007106601322,1.0109138905874497,-1.15923502125214
-1.8696483372584496,-0.7648527281255181,-1.6469721925300942,0.5537228935863541,3.0731296660896166
-0.4886748237152304,-0.721118687076641,1.8733507151139368,-0.5945806418678408,0.5378217217566835
2.3545094461971283,1.4157317184080487,-0.8153720576477279,-2.7512222079622077,-0.04921883787765623
0.5533734725463106,-1.4125064099049696,1.599167040380719,1.494734796277666,-0.2935600970319777
-1.8186820143309386,-1.4803543046601821,-0.48171808199798893,-0.023931763852794635,-0.7344182049418679
-0.57789145908832,-0.34822331680428803,3.1120175831756702,0.028539493526023113,0.18229964730637063
-2.7460947250493803,3.3021157154536493,0.6925273571817552,2.4422270042039536,-0.2534248574552508
0.03202427283836762,-1.9906975542406848,0.39398250975613236,0.851654929303564,-0.2036907862918353
2.9838684194610057,-0.4198615649358773,-2.346055120843597,-0.9428032627762613,0.07397311599865548
-1.848883613028075,3.3072049956353453,-0.17554425009242758,2.1610049034126924,-0.3651604336073615
-1.491413474831331,1.852002661286087,-0.7948070842897539,-0.3219263167839008,-1.8259113182344535
0.10126346409161913,-1.4556253894595406,0.37538407796117335,1.0200376376303157,-0.5033158420252158
0.8380573690439285,-1.924774609856279,-1.206808534222253,-0.0768615150434799,0.10364784459590329
-1.8066639045130215,2.3310266946633718,-2.4910221829910455,-0.29255800384326974,0.206810844718625
0.04271852351335845,-1.5584790439458127,0.5327998063042407,1.3806315406583562,0.838960071460418
0.36489409592268646,-1.43160345890978,1.420832811662872,1.8516771594068253,0.15085017861805544
-0.15869911178566154,-0.6767855330216999,1.1505423040390577,-1.8827850627034073,-0.5876578611527935
0.5099064481653277,-1.8954763024649535,-0.13223893220200889,-1.6536438033794927,-3.617617623633093
-0.9397699800559931,-1.6745212589841834,-1.5490177550647317,-1.5793841922711436,0.5946148479223665
2.1755625632517352,2.412560235055943,0.10094544491678835,-2.0615024646706535,0.34768253690050793
-0.22217851700176627,-0.7859776102937408,1.6343761861806891,-1.7957300071046347,0.006554615733562156
-1.647567428424494,-0.6332154445631292,0.9266109129801736,1.6353293776353017,-0.11851844576673853
-0.45462242105554196,-0.26580275625902045,2.3020112989934143,-0.02852292410304627,-0.16041563693880023
3.380963831129033,0.17439790941878944,1.0112088121391054,-0.23475848807713343,0.10684291666530159
-1.687952452375565,-0.4599796910929714,-0.5117037899959331,0.11418949205556414,-0.03531879868922705
3.0555171511162893,-0.5376446559989301,-2.076126103515576,-0.7525465344094623,0.0917858974741192
0.5838256855866073,-1.6175970743027888,0.20395638104899078,0.9118466425590133,0.16505323584100312
-1.5970400522261925,2.6005507569831656,0.27050072799651614,2.372136949340378,1.2941024184166168
-1.696460272034097,2.5360950200514973,-1.162918024463321,0.34720198633086297,0.15854220988700599
-1.5508301966086002,1.2587752732854474,-1.700596111623674,-0.6583897937760061,0.7782421061651477
-1.041711480962293,0.9118784161504109,-0.21172621128217775,0.25591515604380694,-0.8986184926552304
-1.7139948824812095,3.1705094338762105,-0.12205993687499485,1.4618948515878445,-1.00505643030426
-1.462682574492832,-0.39964346480175234,0.6073868770186783,0.9154497044909438,0.011143875619759085
-1.7695054025872683,-0.8907724147638182,0.7657298373139781,0.352245495902098,-0.20485128217543377
0.2638433915341966,-1.839930668046374,-0.13907475751765885,0.21032866947265902,-0.326663241119045
-0.3387227239548328,-1.9035780059410075,0.5395339044330244,0.8757563866135691,0.18012313002019065
3.767010862789941,0.45323407815560385,-1.7879859180047104,-0.3395846559241264,0.04255482801438298
1.861652707113441,-1.685501622458054,0.3324722198126533,1.486543795973044,-0.9413309236978431
2.9006522073831382,0.4106316000920095,-0.5918038895404881,0.2955727600891592,0.9554965452705521
-1.4928548051509398,3.5893625525945305,-0.3664583107963907,1.1957123143023345,0.16172179393875358
2.395168956072217,0.12429009339832667,-0.7625630818292319,1.5456230005528502,-0.06808626916997162
-0.875015539345779,-1.6961812248973105,-1.3249070951984003,-1.6958951424013387,0.20502785315891517
-2.2023547601988693,3.401412247809775,-0.30669926362638866,1.9448852650541568,-0.7012617817203204
-1.4864790857292092,-0.8237987649602747,1.1809461908510572,1.186943986968102,-0.707594994330912
-0.9038804599141064,-0.6715819378724162,1.5244714659356602,-0.7980125497713039,-0.2965099653621607
-0.7165777508377114,-1.1686303246438223,1.2099255276310659,-1.0980779286434867,0.21498111033042852
-2.4175537573340478,2.5451092863175897,-0.20735345720412157,2.536468475809159,0.2869814674450056
-2.1622950330297916,2.698097788981272,-1.9835365059680141,0.20475561493595715,-0.4307032614281973
-0.9233957614708554,-0.09550171093952904,0.9790716622155604,-1.0457399021711984,1.2137167968207963
0.0912327923839702,-1.8816489896633528,0.872161487593888,1.2005376661770695,-0.5357764837584872
0.07582075529577341,3.2417566385614682,1.8579292065738817,-1.5290260042881347,-1.555975876578989
-2.1547581806519363,2.3730775178395858,-2.648942420804101,-0.10955547130182072,0.8559555515731756
0.32598537726008536,-1.6379464283919551,0.8562353493181902,1.4244905795415963,-0.3760249239870867
-1.6856969543433324,-1.4433318034278706,-1.5368125906935044,-1.0166588857657013,0.13538709557678352
3.3666029794610535,-0.8063806055570554,-2.1184384077366962,0.09782368078931868,-0.19673420722051044
0.1250422562850546,-1.974075261306073,-0.26471142357322375,-0.1985658134984435,0.06255947955331095
0.03747091791498108,-1.885989323253622,0.2199656614408347,0.30195232701569485,-0.26900739953490455
0.3269669999475956,3.3422317196051727,2.6581155317848397,-0.6870426379166886,3.126455468270057
-1.7891573416183872,-0.6660291348499069,-0.9021387312413143,0.07189191542823273,0.020301658983572876
0.024532060030602126,-1.4701600001654456,1.4404837616326154,1.643786647729785,0.12152384930131885
3.425779541081759,-0.3288197836536751,-1.8478430430948913,-0.5363301171116707,0.09084759611707253
3.906315759789352,0.29056790924582926,-1.1251621221706036,0.4634533668585858,-0.24595842912172577
0.14925424498168643,-1.944027714492068,0.6074802661145434,0.9386818467341576,-0.8513711193722935
0.7203212783262685,-1.7615059893814662,-0.5640932031555888,0.09190553573682261,-0.2330751327968472
-0.24836883641730623,1.2895260497317156,-1.1387105514927118,0.3076133648110163,0.014946383702156944
-2.1959499348940774,1.9263855513487376,-0.9007235691811128,1.6630289011486359,-0.29556979625890056
0.27093684936020307,-0.03212059168646229,3.505499546769971,-0.6190880804282514,0.1439342288030103
2.466596927207875,-1.066485447560202,0.1688260727832654,2.0917582139999222,0.11123434128971528
-1.9904821763184113,2.5588683311454687,-2.037486198578846,-0.2877144019250278,0.416513579220459
0.38762161205495577,-1.7409532376180676,0.9771318429969563,1.5345978807508796,-0.0696357674785707
-0.9171989160734633,2.5906100529833207,-0.2555005948777119,0.6559715610762448,-3.0797728229060497
-1.5488443635946434,-0.6187119957537532,0.3459621765210293,1.018010368502487,-0.10091945030424126
3.9631987739948675,-0.10084263832819874,0.18841496775532054,1.907265852578527,-0.6287834415818303
-0.9904653358996914,-0.5109336978494612,-0.17917457076958954,-2.5125142027579566,0.05171752681271309
-0.7558945236197774,-1.3661096832890047,0.5290297525400715,-1.953123323655241,0.4553320774543215
0.022183863811901572,-2.1427498268632887,-0.8523260210756577,-0.5170558845019685,0.01734751903692658
-1.7591529600765603,-0.9188343324011286,-1.25622622564748,0.16906137025779364,1.822372604072483
-2.1803870029281107,2.6614745360213905,0.22617977044804013,2.7847215912325325,-0.005119035723698355
0.28440513895031044,-2.211466955118061,0.7978041368333331,-0.10635325703018608,-1.7056576650601711
-0.17003659290145695,-0.32866258490549405,2.8319424529722728,-1.8825800313727077,1.0668945836627828
-1.7516801202881231,-1.2884102260585735,-0.8527822581259781,-0.21332142317468447,-0.05803452451821022
-2.2672520051305716,2.771256036729045,-2.072237510244859,0.07367639418527794,-0.19364148169102754
-1.720855328999567,2.6598412865164818,-0.8748466188471029,-0.10752580076359655,-0.4888227829025151
-0.759241204857255,-1.0364943418704637,0.8306401211292377,-1.4356519965748054,1.3893592829905648
-0.8277081284272947,-0.9646466034832686,0.7046321442057458,-1.8672557321265961,1.1995514269128806
-0.8984041275933522,-0.5626583413658136,0.8708787018844171,-0.8079160706668577,1.4524616078945642
-0.014895753609817874,1.7630018094883626,-0.19539413868318084,-2.440507176056195,0.6008978427063761
-0.8057028024292372,-1.2549437170277304,0.9019137312834057,-2.0157899424189383,0.7920395035825643
3.2968890462785945,-0.156485875383179,-1.91342987884537,0.5510470872096761,2.9024006969123772
4.267707427141545,-0.720571474814448,-0.398984912666776,2.7150851667706726,-0.5281531528587038
-1.845958785405261,-0.478947450877183,-1.0050350717838286,-0.49908007289700496,0.24219519358216823
-1.7149182346731917,-1.553805016552384,-0.9474836376549046,-0.6453992656235368,0.07705602749212297
1.8980731583872088,1.6718341401771712,1.171084902197846,-0.9043684295950001,0.10099137950437602
-0.725971486121035,-0.8935597410543121,0.8406565060264342,-1.599124363103823,0.3701115489146381
3.418303868493899,-0.7044062831479632,-1.8639701740281707,0.16734262431544597,-0.09415714839181961
-1.5086209129993111,-0.5783387249119631,-0.35357100804411257,0.7730482137870744,0.3817032500862663
1.8096737806595167,0.7719899971249431,-0.24117790066569997,-1.6210383169592681,-0.4886838612233611
0.46109378391018596,-1.8804787224212445,0.4217485788389053,-0.5068636205439996,-2.8780906387734784
-0.12972638451130705,-1.0103195612583988,0.6831658709022053,-1.4168434047378997,0.24212104818738517
0.685588702172705,-0.9823480590129238,1.2760290876163816,1.0198692660541289,-0.8753576761015204
-1.8817167706309097,-1.7268218847423817,-1.2830814652725526,-1.1289390218817925,-0.018690125286627834
-1.6091106310110943,-1.1545369275952366,-1.1806384889812285,-0.9913519530251063,-0.25669745456446014
-0.06875436856463174,-2.189125423662364,-1.3890011300528267,-0.9232013769346911,0.04482633131847037
-1.6160840303614994,-1.439412581475648,-1.909906361579758,-1.361985168966883,0.32278628575797746
0.2056399812983204,-1.4410937707045668,0.22453688637737493,0.7711199097686037,0.108479755816154
1.9014616859626088,1.3220813166302579,1.8640819153219885,-2.0031650861945027,0.7346409052400411
2.999312449705129,0.8882001568744642,1.1000456607759705,-1.0800219108548046,-0.4644274993871814
0.7183613096618039,2.532400035357144,0.2969108916390797,-2.0145025683469564,0.4572975494424642
2.110796767278767,0.7927308930552119,-2.434193542674427,-2.0763376162622915,-0.24002310506499322
3.4980127987400635,2.8644849823362017,-1.2384481546886523,4.083265027361168,-0.16976722030022728
-2.446766526218025,2.211976965400346,-0.900699807130699,1.6175870174113154,-0.4156504978806939
0.8320615916208317,2.7801076775476936,0.7963420341550382,-2.3304195796832152,0.12140986688929238
0.11452281925645658,-1.977209560838662,-0.3006517456486356,0.1671855429111314,0.014923549155265291
3.309082563840829,1.6444712211804016,-1.4457969608020533,2.3462298125530587,-0.3940811664569256
-0.4433611347901367,-1.3397369138867177,1.1315015689851196,-1.4594134737496676,0.5269099428686659
-0.8298040254543235,-0.4076045992214123,1.4712389373234083,-1.3827646700445655,0.0854197803096625
-0.686251369638949,-0.6636294385745981,2.49117447571798,0.0492473197046904,0.8257399649630877
-1.3917710719644032,-0.6202908964358518,0.6918678605063441,1.2384264180961853,0.11434971510462112
0.4736419572528294,-1.9540527711615834,0.2643026492709514,0.7695164113836033,0.04417831200982396
0.7884500366648246,-1.7541336399332697,-0.5119540098196768,0.2670768205988242,-0.2939101753179772
3.5915717420177318,-0.5754390696775034,-0.9509679622483375,1.5242959222858914,0.004234555489238993
-1.6610176210434804,-1.3143596583577928,-0.3039907610958751,-0.09384701365728688,-0.23068305700097505
2.908846099993813,-1.760583668094568,-2.857379583954289,-0.2247041029446055,0.0901692906195863
-0.9593090788871408,2.579921392110594,-0.20034364113554198,0.3468526432707025,-3.081898570213515
-1.9397595339156064,1.6521262635261753,-2.5988168010558503,-1.194443319563844,-0.013737747814813853
-1.6538916836380557,-0.45914729781116265,-1.194262773707969,-0.5540538119725171,0.17789857421981753
2.857370671049823,-0.45002146966919293,-0.020539906408720898,2.7605103568730027,0.10301169361489294
