-1576.54803573027,-152.2391193042203,-152.61785739910133,12.090290526665335,11.823005085842972,4.206605372019354,211.72240541717971,1.7203918112618748,-13.826771097176817,-10.317303154210911
-1315.9351609920077,-560.1184902043618,193.4467592024202,187.43731587443793,-117.97034077562137,-212.45516283025663,-42.20072415029361,26.416825786193925,58.285680238068466,-3.0199207618109014
-1586.9850333563718,-139.69418033764407,-224.7253921115906,-47.89691491047762,13.460265729060987,83.43542798242441,-16.90997708380113,-9.120553410779454,10.568565104025481,-7.188738383704328
-1375.8482750966161,67.39727658227578,-243.5071268480391,-51.650161693646766,8.934550436768534,-56.05696245514115,8.93763747905108,106.91514738495054,47.10000846685236,-7.795983984293338
1604.6382546914783,2121.8794335521484,512.5553473049443,-1323.6930838036255,1.3280633420655796,-432.80327068123995,57.9614233828262,-56.76280601793087,5.9961692129123065,6.191347992656645
-130.50828773074363,-2146.2103741268,1461.4710515908096,762.066426978976,-544.4428248896526,-800.3731702830955,-957.865893268947,117.59848291632096,8.12277005688486,-0.9489975708718354
-1598.4285330846747,-107.68018151857807,-225.2616796021938,-27.636012551232724,18.107290413869855,16.712556965321934,-6.766599133380211,-62.00738604500429,-17.865342902801032,3.475001057692875
1590.5011206271297,2641.8132635630036,-401.0600411358108,2005.4514360513494,357.6460771683014,161.0172955228328,7.796969546072528,127.83196037048408,-8.492847347272203,-5.324022472047396
-1195.4366149167272,-773.0372743343613,377.49263226627625,289.5335826384106,-190.33228761317093,-467.7950097284121,-455.95996645424356,-49.96245870580045,15.92376545641281,-4.439248960324141
-1603.8172153925084,-123.53617933430702,-239.74136277936623,-38.21037590648774,23.96291644845917,-11.38675892604132,-2.523180488574108,-143.70803332237293,-40.14870596001131,5.961091928373595
1187.2466537727796,736.4214719032491,-1369.1027354514345,237.60563724676445,-205.31408118858448,-498.43224957570277,207.07456497095106,111.95235274021931,2.168506422425253,3.49225560398947
-1378.17919551909,-159.16822150985536,-367.1604984542717,-194.68423985238704,181.43878549758506,-128.8181952825995,34.76575817058987,-181.94675555670602,-25.201033467750293,1.7011997232099745
-1600.3479355137335,-111.3124447905901,-224.26202013251196,-23.05955746576691,20.234273647163313,4.854136903460411,-0.9528558768910447,160.91026210338936,-29.108599061363208,-0.04550912343489877
1385.9767267016032,-3001.4120096852103,1309.0574277560531,240.17774104842061,-222.542276903252,538.7143714104579,738.479506145135,-47.434488882075314,-0.6465566098064812,1.5464308858635363
-194.2269210997663,1523.1294314769013,1249.3900544092835,-673.4113775765233,139.73616992200087,197.4592797463065,-173.77581471301806,148.97534970728907,12.932693184204112,3.899656754604486
-1614.0863378331042,-147.3662692781896,-211.9404729711597,-24.1201659717467,5.783076306661071,15.091401966428478,-29.277909284350116,-0.29408919511678455,-17.465315712581727,6.316459533768072
-1334.9864377708775,-510.3979469703049,94.0767613712348,111.27532277932451,-92.00269217571912,-29.372271941219882,3.9990437867191773,-143.22527353198626,-1.961403285763197,-0.934903059596838
-1155.1030714760254,-323.67786330209793,-309.9541232884695,-101.89746535158291,129.77947385876186,-187.77366972660994,-53.474636527940106,58.350852686877545,-10.03289331330052,-3.298749043649897
-1187.8038430624874,160.93284773140044,-368.69145408396685,208.13087497949363,-212.6521278121882,-57.603908832269184,173.7235666294932,-179.15056066835285,33.771241651620386,3.3235324807585904
-1359.0042346227854,197.8354672001292,-201.80220287374286,-15.368203063575908,-194.95111483726177,-14.880443426838672,6.574620015842058,85.93480629332085,-35.25285787746908,1.02370005806333
-1294.6323202647736,-221.42169424015083,-258.8003133011602,43.63435972497486,13.90557031889266,-193.52714383081687,-61.182027819937126,68.07133894104304,49.37235840969487,0.4494643549936157
-1214.2319303269264,274.9837408091465,-250.71242548212578,209.17384751350536,-35.77320595539882,1.2054738443830253,4.948532010336841,-153.3582197687109,1.568135936845124,0.3312484632578716
-1634.5550493231042,-66.57089809772818,-206.29897385824108,-40.6904899887123,18.230905878511418,0.5651525557149943,-9.553120568757283,96.80474502945165,5.368580322405691,2.617777692749611
739.611971316544,803.1122589273472,-751.5521209539229,-104.06314399576354,865.6287870348708,-435.5046962709904,113.58568181148372,-84.04131533569307,16.96912847354284,-5.819960478812419
-1585.4245266835765,-117.52860726796119,-231.03579293525954,-26.185663481523992,24.549969324938722,-0.9753123475760024,-1.272525246822653,144.6484986315428,-25.92659145693142,-0.07319825458879592
-1366.0623167520396,-428.5963721970373,-18.90863162513864,47.739391415906,-55.020853137070155,33.35729949973971,-43.87549229099445,-142.97129462314305,34.0576751322383,4.710400848313956
3442.7799424443806,-722.9694802522529,-1837.9665951644852,-314.735083067908,-17.949224347194544,658.7775744561632,-166.49248501613985,-29.47257288451818,-0.3433781558579767,5.618704204747271
1381.5996901878138,1706.3771922547578,-15.179455875374458,-1035.3918693142598,-446.83282659949026,-598.9757911696057,94.57380172927324,-139.76335433698534,-20.619009772366425,6.836420138758093
3204.441917612114,-1338.4326112833894,-1135.0683562282256,192.24159435912895,-332.84353824587663,596.0459664021915,-462.707461839286,-113.5355348260674,-35.72701306644012,-0.3352590667202655
-879.9132774111425,26.484075644854144,-528.7166402238249,-39.91332285632013,-49.310016365168075,4.3300645017930695,30.705444683540186,-186.6668085425251,0.9250060333624219,4.338607478050822
440.3457709678837,2614.708634508114,1505.219198868614,102.09480932642853,677.4184031968018,364.09603746744204,-224.39231057917365,54.59285185217594,-14.780850818280783,-0.893437391742534
-1381.5174008674155,-297.01166111095137,-286.1779598996032,-116.72708506204121,-11.631634475336892,448.19417767424926,-57.592639102378456,-30.756666885834704,-1.2719953667280492,-1.6886062258240866
-1283.2577246646251,386.6129894866861,102.50067541418952,-185.01894464877935,-66.59237130375914,15.487183985463115,-26.75886494797671,38.82085209242673,56.48034037710278,-0.3610092545821857
-1451.4660358068838,-142.72787715579543,-367.45093302816144,-177.75313496595788,171.9635013718429,-143.56090924248656,29.3723152121875,-116.2451077258221,-42.03312763020595,0.5849980908697816
-1206.9123938419007,-308.66799737103054,-422.48462857776207,-259.012944617467,156.75255490827234,228.92467754358813,-10.757756878088976,-143.4409168004858,22.33228895014767,-2.451989615106971
-1504.633404895442,-188.5778655111334,-272.13214009343096,-95.5390801548078,63.94634488950603,33.19369283089838,-22.62403482107784,101.4496002578225,3.2510984730213437,2.461168894304249
-653.5809157196753,-947.3010323672763,773.7264391557669,357.08583573058127,-159.8105571500062,-88.07491518428358,2199.835413317618,-62.79711369739799,-23.085120102989478,0.1876190787640688
-967.6564076203107,235.45100473315273,-367.88079927089996,-162.64947071064918,-62.502879107784516,-157.49386920862494,47.37025078317706,-71.20419120343666,-29.53324358510038,-4.2370137651892925
2661.7968520923846,2598.7047523747547,-1.1389426975979404,-1277.5810090069958,-781.9885799644821,-589.8590370759283,155.92706346367146,-140.99963566242482,13.826377912273202,3.458776226457653
-1535.429759588998,28.025396927854928,-113.85378480178221,-148.2644239624728,-38.890856371670935,-12.010849509411756,-11.515521655899931,-32.82303931212119,7.8259320458976305,7.9789394250790515
-1387.8439995539436,-170.76183821540053,-350.0136821189316,-177.54390689025672,156.3035761289644,-67.13754961232574,23.71260804012592,-89.40538167497738,-23.075976230274577,4.238776974161759
-855.2578208980534,-478.7595585569859,-595.8087946184462,-532.2444777709835,372.60409179446197,279.2492212361706,7.240441830294781,10.370806577016905,-6.183029405392773,-1.9384685825947674
3729.2724934787325,-2393.8638835443026,-1137.9148488168962,-534.0196661376358,435.6531624340007,288.88098418484225,-516.2600965421182,134.66636439068915,30.658051532490134,-2.0357345159150917
843.2977294111192,866.4473913654735,-732.3469504826369,-162.19065980575417,810.7370639727036,-467.7221128093594,119.22186737079957,-175.71416007424398,19.11508310254891,-7.449344991770613
-1624.3443703328041,-88.01027695534094,-224.86110899291072,-30.72033619676508,13.47827161152289,-2.047730419795548,-7.366614295765766,55.15294980970738,-11.168726335791135,3.450190233077043
1490.2668657142203,1567.6627769780748,-1397.6421806811977,1950.067141496409,691.5507997788069,-185.67361400566517,155.37706696273983,111.3501689938997,27.92453299194156,-5.293133215739367
-779.0833930974281,1079.9556576590494,734.3179415260508,-941.8220601191864,-606.7468417676265,1.7113456178933228,-45.32182707288242,-102.37649854435453,-23.786278753372258,-0.9109145074829108
2085.6933136815974,-2643.4682786852527,111.06349760709298,-410.88643363692466,420.5921700995774,-157.40398271996045,126.60690071210942,-137.20610639639293,-36.98797025570484,-2.37001565672519
1692.8314549908705,-2081.4432640590853,1929.8639602863868,482.57405147317354,260.22831369666267,617.0220630840993,327.75002169776184,-123.84143957386596,-8.172659038060075,0.28752682430245
-1258.889780684392,486.3707930865757,285.8858151458372,-451.4164487013937,-163.58974619271214,20.94441658153407,-41.663655752814115,178.7471638075084,33.35492784826394,7.504800025476722
-1255.3901414131715,455.89606382065716,142.6533067483992,-386.8930055848577,-306.0782838409319,-23.96686010932239,-14.935016501335564,4.199036874781333,12.284143991986113,-7.594197461038137
-1598.5749893376308,11.843726665324041,-110.15224531294547,106.41021832357993,273.6276659410138,64.79187086409159,-41.42366233470399,48.941134242649156,12.826824129850294,-1.851300780072732
1281.7319373120827,2587.28836333196,407.91272850941084,1242.585799503834,506.5317605460814,236.6656046077806,-62.71204528815081,-51.427596563517675,10.825839228748308,-1.5488528255191003
2292.985236756415,2527.091705571992,201.5529445711715,-1318.9589492409832,-804.824255540544,-459.8392063951737,131.89324629709344,-51.2346490072756,-25.980296784960018,2.314809280136064
4343.602354465669,701.6441035278124,3291.723943764285,1705.1919814204093,-255.6040399112542,385.98328500672164,-167.95819184864033,180.90713694790017,4.952815603708856,2.2542351445349915
-1211.6230724471566,108.31268517973491,-139.8491690949969,-421.50581865238604,30.49593434265644,-110.5372163529137,17.205351848670627,-178.98743233964163,0.9604239898239797,6.4192137476132025
2792.64222310592,3055.9489626003965,-104.25249476300728,-642.9142353362859,-856.5714410549414,-567.611174444369,183.24104855081427,44.35647212968671,-21.708408911496804,3.299210916950715
-651.918323838095,1225.8619606205193,818.6923639462995,-1033.9552315333408,-631.8039113322333,-10.273009606127543,-50.65392514443502,-110.69377801577832,-5.475422051239875,2.8115983537356453
-1657.2822158759257,-99.82288012380329,-232.979745850026,-26.852968573098806,14.647637422995325,-4.773498527252278,-2.243344815199048,-6.281531545492283,-9.594052405127059,-5.554447064575248
3699.801388268635,-2141.5547044990717,-1297.4152872475197,-462.10983390485717,388.31000196696255,257.374105629171,-440.36999247756063,-130.82827119663827,-17.886139598292175,-2.503361736618391
-1604.1405363355727,-112.96977198129981,-215.91153228172718,-10.740083631339353,15.959103468165758,8.788209119862646,-5.165088849730726,120.80288105909379,-34.56968676581603,-8.025605063842544
2417.8959686981407,-1296.0230752968162,-696.964250055122,612.2388095257246,-891.931581634117,1484.2420355486292,-628.3362327637956,164.90392445571453,25.068491330319546,0.6502095336967706
-1540.2698143344585,-203.34201887227738,-112.1626968886799,16.13746477455544,5.096636783694478,-9.305053662384367,346.65277399744394,26.11199943396825,-45.847174874029676,6.445315067332228
2957.7548799097144,2094.1040121891156,-538.8571786247674,-871.5147138155394,-839.3398185656026,-364.6453592850816,137.84287831246178,-142.95767350865196,1.2311269912185452,3.3107500612701877
-1642.539867018742,-83.92421799567917,-230.48255983476994,-31.411571132594375,7.600800407887077,-4.04725127468161,-5.904937800555677,84.8623549255232,0.4751967686964633,-0.8553416094308393
-1335.214318294767,487.49017898144695,361.50191513846437,156.1721543607688,652.2554512084748,198.75865873089379,-119.43212760794933,87.21971183230468,1.6760505944543098,-1.8708720134060925
2911.769938914988,-1080.6225488809403,-1043.1775818966908,321.4547813985198,-768.8580553855162,1802.6564669767708,-477.17693529024115,-16.563565804194116,6.623016983487332,-1.8724678076207528
83.33490314068013,-2457.182476286358,1662.3206005635534,827.3889242891223,-627.8549976365455,-802.7652567222267,-1118.50012774907,46.38221774605887,-30.15933334485615,-5.582087581920737
-1626.4867612365288,-107.18748400875589,-230.3943536774907,-22.620466156422996,22.35359087809795,-4.137899911102072,-7.71089585026661,132.74689291780138,-6.914052351519899,-1.2082062162043172
855.8280920857424,2582.860558346074,489.83734549623546,1253.8542986427665,403.2887521284933,318.7033858900743,-108.62297749842497,118.93486676539702,-29.065234743895445,-6.135212186792092
1641.4252647006715,-3249.6312597385795,1390.2842551683748,360.1933936420728,-349.8550430770523,148.8340814230126,-167.96825051609449,-113.97422796385212,-4.754590037342467,-7.152651021612085
-317.81231625487817,1763.516286599002,1089.9410503360054,-754.019453497269,-368.73230676325414,94.96779205064159,-100.12974181690072,-104.28799890102816,-10.398942811722875,-0.65524607808001
2890.4902992931598,-1911.4486951906222,-847.5021319983447,-103.59537723438125,305.12884706805113,-683.7056633075873,-416.36558925596586,149.19499979463092,28.428953191366247,-2.476150197700793
-797.9759517919292,-294.7925161437791,-601.3497876912804,-212.42452932084484,160.46887092814197,139.36865911382907,-0.6170918730787553,73.61542568898801,-11.769577950376373,0.34314584488233635
2366.5289068782604,1984.9293743906026,378.4011899618645,-1890.680274806799,-395.0599456119625,-433.41926023671675,156.17288534060881,-52.187230588024164,3.712544342581026,0.48419882357157107
-903.0040658436611,712.571345976177,-82.78250710497284,-33.67089769373213,-563.2235005405465,-26.936002816499833,19.283709112120412,-88.87687194418024,23.65654628183256,3.480625688860723
-326.0430106362742,-1172.5186252650456,-439.03337089115223,-514.7500267193526,-128.30189369237806,2458.520085768004,-288.11834794802814,-34.942103332590904,-34.13292330424105,-2.3195168363581757
424.55846245417297,580.485337113122,-1606.4483178304417,594.2217226653722,-159.18249372592587,-570.9037884428534,265.66695602802287,86.38378848880376,73.89445307952457,-8.810116655464894
-1139.2230327105171,272.6871658183961,-346.3505682268187,202.33906404236225,-100.57128642072482,-37.624840318913186,24.200167156182545,131.3611025930828,36.67642345071667,-5.120157858112102
-1413.205805776358,166.36900979557157,-18.742056400846224,-127.26617486678832,37.90870439999418,11.37894201851131,-23.54833470317309,-42.61634023691212,56.6778163280712,8.206201895285076
-1542.6008167278342,40.58416564707177,-174.27114897166035,-64.85299184728557,-70.54256723557637,-6.560789398467364,-5.721790262227727,-7.581267174465242,-0.2039729061694544,4.547151537544405
-1009.5501411424095,305.1287982142451,-252.44381400456268,-172.53137112379204,-163.99253363524508,-116.49331613530143,35.213382589056174,10.85474783115279,64.78430488473933,4.869771798637604
-1511.551750326314,-137.7443069047068,-273.9338383021728,-82.27912026806544,74.30650569659599,-6.503454434545963,3.8140125524393937,6.853074260160723,-9.65653559172533,-7.807125407037431
-1056.840400183612,-272.38498504544214,-590.5514588530675,-459.62078543798054,437.58989306875844,-267.0906113115639,72.29034046050053,-18.028471383660165,-4.938543491339317,-2.5966184724624597
-1596.582485924013,20.768663186324687,-101.60606387765043,114.10937064262643,288.49579352835264,69.66018906463633,-43.45709116176258,87.06661030283067,23.4370487761081,6.676555432909776
-1526.999262709892,-276.6347946167062,-93.3421576308611,37.339861887093406,-32.91946742599783,-73.39317677416012,-113.88846615732292,80.64807156355671,15.853089252495323,5.297663283219446
-1651.7826799857094,-97.2725228015933,-232.66616290606353,-30.18642785750226,13.018010273913754,-7.014098114181959,-6.0880185853648445,-66.39361405169576,27.972831884990853,4.64664654033605
2642.2515453150204,3320.4672150563574,-79.37747626954504,-237.79415682920197,-1278.1517258293977,-442.28367891420277,184.65421325701917,154.28974780342872,1.9722658218145597,4.724572153116647
3183.194997027045,598.0409425991809,-1349.9223978193454,-721.4331230065774,-252.97207101168007,60.03613972733558,54.45310841176293,97.68803389107877,79.2486209195678,2.6978046912605116
2513.9237605477933,-1494.254649730935,-740.0627237838355,311.21262352369286,-14.635873082177802,-732.7360119818202,-415.2620290753669,-19.18151676494775,39.513436134670144,-1.6380823800243238
-1596.2926153753174,-161.55962809804674,-157.146092800082,14.548218020319048,-0.14203189109573167,-17.411909800388848,112.81447611489888,94.27615972542706,-3.9244734514712007,2.461774383929786
-1373.49432679694,-514.888283526118,146.2024575760786,170.03685865216775,-112.58083489155302,-295.091041376889,-278.97902871489595,-63.31630311408774,8.73769846269228,-1.909494203687764
-1643.261305576725,-93.40826197802609,-236.01929867994085,-27.78354740053549,11.86635213484691,-4.326348496587694,-6.715243713979371,121.15938652385584,-11.913072071582619,0.8073406832164292
-1589.2495748663187,35.860754050255636,-82.37588173449464,135.01254964748125,324.9852884057218,76.79000074975548,-48.26985325291039,-40.90793743813567,-16.090942085933094,6.7275787413801815
-1628.4028130606966,-100.49248467105905,-243.8906361813556,-32.86340363231957,18.23452702506259,-6.227899043129858,-6.324897143971764,78.18180201806891,-26.52190269455909,7.042142502297391
2388.721557818631,-2598.641684075595,-150.5797976316851,-566.626930000759,643.8073423665376,-493.5183089029894,198.74471630124395,135.62719321082113,41.622398481556814,-2.1194975788178017
3571.837451103195,-2241.3912579314397,-1212.820343835898,-537.1678863433858,475.7467761554832,211.40446083153182,-459.8313696316832,144.04741825520378,9.672753033997324,2.3924736999586056
-559.8365681571918,557.2112019890862,-465.6298171063251,301.5283824594383,-448.3620886542152,-155.6699791374327,322.52255731889255,-172.43228614386854,-30.730091225772952,5.401149368366273
212.12271191058767,-2524.4356139586203,1955.5392411271723,893.3883238646908,-579.6220524290387,-514.5130687039555,1048.7078956047012,-28.293860149571486,-19.470329110138607,0.2487166929977036
-1291.7201741789415,145.0110214181541,-481.2801424353974,329.64558110244644,-228.80475866902523,-11.771319756015423,31.41366168397996,-26.647214480665653,10.114790499851537,-8.796344214370869
593.8011712664556,2641.5460227488,1528.7717906245566,-320.36092140208876,726.3550610755667,186.54459056605324,-183.67946769458334,-129.21112092828443,-26.36236611510384,3.379936862538475
-1538.078903383839,-194.829756668519,-229.37793492135947,-56.947287733181994,28.172798850529524,45.06487853663292,-40.6905361671918,142.864171121424,-1.9489327782343366,5.680905689174477
-1569.8859105740003,-163.54121230204925,-231.48699946868598,-49.134687561226755,7.948923694275809,108.8352444287665,-18.9062966631279,-3.1714685601422516,-27.52150484752751,0.8841556838054423
289.26988310392653,-1234.017090981626,-366.7669925423775,-539.7009118665746,391.8426005972953,1053.023648417594,1528.7446199216752,116.5888142128757,8.517626738497185,0.8871282111362948
-1012.7431727165052,597.6830270299587,-94.31458165554997,-48.44350494688287,-475.62082188684155,-20.994821813766336,15.118133870461993,98.17072883172733,-36.82728856849744,2.337371502770157
-1605.479171838902,-25.604961751094663,-179.74387880246655,-62.493336243947425,-13.325899451089025,-1.2048890639250356,-9.391888899029453,-72.2893332002748,-4.8063737012315215,4.7800363482638915
3430.0552011667864,-962.8983049377656,-766.7571364313488,161.96337705493227,-830.9719526927271,1647.1717461334915,642.4535183450814,-6.355320441381714,26.807813688828077,0.32788392003543443
-1244.6985403959295,257.0196082302605,-124.41972849965074,-177.21334822964994,-144.9954771035293,-49.898399715004686,6.962856507808272,101.94817350913095,0.4398226114844732,-7.698097860405814
698.7365002883753,954.3620572517356,425.28968400758936,-1704.468498382047,640.8006992468981,-356.37860745724254,-7.481072356434744,19.342921557424603,-2.5056655361743907,-6.565127611421454
-1632.5811162535554,-100.1456933817662,-239.91312581653918,-36.18322711862622,16.76505863537175,1.3945380780908287,-6.716841966134067,83.69351492314355,-20.543381709728024,-1.4073013242007733
-1498.0182573869124,111.2442068506894,-46.797364875622975,-106.94695765307458,20.019490143028577,10.768981002226766,-24.287737586940235,-127.21298784968661,30.391814492538487,-9.789994816657696
-1441.7080839292248,-145.59515821114246,-364.7169794470311,-177.2717809656755,169.15122912611355,-119.77709167069956,25.233511184203824,51.61931671214128,-47.71006370645418,-2.2856139046651656
-149.5604197482828,-1796.1988397732248,928.1507960312316,373.6955402502229,-340.6319949889573,-134.17273169593142,-564.2246425122651,27.535573285932934,-12.626752293896004,4.830560279887138
3076.880969487908,-893.27508509034,-1010.3061157124001,261.358016332302,-952.7517969003993,1908.0081536817916,-497.866209116616,-113.88291594563837,42.046045746653164,-3.1803605201664933
3167.320747375427,22.328314971002555,-1055.6424856258482,-477.09755758986455,-568.7974603990579,1093.7322651474497,-184.30351801060635,70.2703713552874,-18.559931489627232,-0.3721705380148279
-100.50626723039272,-436.8715905821843,-700.1158697916065,-74.32525397929564,144.01833216026526,-91.80669141291057,-50.134991861637374,-23.281921743924197,-12.658865008785057,1.3732522203717537
-1602.2869531192946,-37.34399430622453,-207.61323549106686,-40.68205349109001,-20.000377728105008,-2.7326462378766676,-7.502155406809827,91.36481552937461,3.542223328649399,5.940397543140687
538.1100553124033,-2354.505242446572,1113.4453919933994,292.13516604449705,-286.88790767860195,541.14511242453,830.41584917046,131.6851383489567,5.936552914872763,-2.09676675330142
2530.4160538980263,1152.6835593680753,-1747.4607642175256,368.0042023798564,-494.176845671441,-303.1084598050208,204.58239956156717,110.14928858823266,-33.651864545867014,8.548382124042558
-1069.3068508340148,-416.1411274891781,-362.311093348594,-231.74428782448825,86.9326543030659,537.4398206919806,-72.14589740304285,3.2861186307037418,-14.425170078781562,-8.336185456111242
-1359.991484807446,-511.59260761319746,163.35786459566316,158.68899430369288,-93.52851459918949,-122.71211691499454,222.53209660006624,-151.79071235615356,57.660511675239235,-3.919812971876774
-672.4211752376964,-949.8310209268919,-314.49675764946886,-419.28245201310284,-88.50135743323116,1935.0692802586832,-235.4043672245284,124.29754139299219,-19.86168359190974,4.522669644801425
1777.6823586288747,3167.6666090031713,450.19025187774935,1282.8790846109414,195.99270714776836,202.33878136625364,-75.04513121267011,-129.5191511972841,-34.13074133668191,-0.9580933236901217
1733.5745550553474,1975.2266153842982,-1239.6829976349998,1664.82499311652,287.0328317420452,-229.23720466364287,159.31059034629018,121.11827925098667,-35.01427274421428,6.072385509471371
-168.05941140170876,1173.2774348471414,-628.5476158230053,817.0989028980406,-906.4426784788769,-23.250201507897472,89.8590827343558,22.591705646370613,-31.087294425867128,0.8817732826368463
-1645.4602788031727,-116.7610941431185,-218.49833683465496,-19.738959944251928,11.499003760625312,-14.51494207321177,-17.61455637454374,145.3715454882333,-32.09519106539594,5.856981743852938
2632.920983640673,1647.9404219361934,381.86770301450485,-1949.0857280846167,-533.6799289611474,-8.209174655158392,240.71037956438502,-144.72129231100433,-26.696748341790823,-5.646752503554111
-1018.8604862486131,244.42071633497272,-337.36327394218307,-74.8700146153159,-170.60304380707478,-80.75837412461212,38.441820310691824,-149.01438703306766,-31.38463198256109,3.08058140116146
-1611.7243052875995,-167.74107792696782,-169.40283388399394,7.453770080786882,-7.090480514454754,-50.61025012103066,-40.62627557023717,-3.0175234929235293,-20.07508562545503,5.334700359236688
-1642.1841890013109,-80.18063173644097,-223.64858531570303,-29.77893746205767,10.99000046113244,-2.824647180902656,-5.82417366433875,-3.2946619589877706,5.364284348144906,5.1847459967973215
-1561.0531514985519,11.397638613037259,-129.4828372753763,-130.43958665142588,-45.5034497392893,-10.66588913505587,-11.025228066432915,-126.48243412830396,-19.257349975719137,6.425240492944059
1288.29700469694,1767.2970386837699,248.54728747572307,-1043.2161643914783,175.85614827927324,-351.3645215614212,43.039630366470966,116.25660036056605,45.6335184539123,-7.090207853670064
-1634.6566996479985,-103.48923516197536,-233.76531582854915,-23.900755506654793,12.63719330690435,-4.625777048167626,-5.760525786441827,106.72328677453645,-3.6680792281036787,-4.991354023464878
655.2358508681805,-2962.326679922462,2344.389664208974,1048.5194434699283,-676.8487946384171,-495.98335122011974,1075.258751531289,-120.20949437013796,17.50075315200698,-5.0038873629428995
3756.5795970726226,-2050.43927881243,-1267.5353481061843,-436.13346059095153,431.66603516844833,513.392423978942,-499.5459019248394,55.57757302863942,12.353858338043452,1.634451988198645
-1537.9371548633967,-172.4112295477015,-263.1451338957701,-59.46607131481676,6.428485719281815,171.4235020368836,-25.439196206700817,164.69981287296648,18.650243393400388,1.6435299809384567
-1647.6066006922108,-86.2792764101707,-219.97751965996042,-34.01441724252378,15.922254593753506,-4.255193181081743,-7.7885523621243635,-55.19741035290497,16.919930712860662,-1.650820381887268
1960.2201511609364,-2581.5916213797295,1054.0049779319734,-2.445487540157327,224.4138010627526,272.2764748842499,90.28172003827372,49.73639925630699,-38.17065744143872,1.3221945644764865
-1205.4778342095942,-699.1713061050519,250.51522783915095,190.32038191801257,-139.27596117117324,-253.58528968402072,-270.52051035960926,-174.8594987088362,8.985668760524632,1.8264544668593867
2220.9039962340316,-2432.632897944738,-157.32694184157302,-524.3213545422145,597.8715173501397,-326.31778105735907,247.8770016900431,-133.8111255316397,-25.143911770852625,-1.5109777880502655
-1607.6482579885478,-105.61350466592006,-232.2123556109453,-24.78213530162159,13.917068132302338,-2.3700729334932227,-3.2124345638175003,92.96432175179925,-33.46684292905478,0.2901712059044925
-1408.4235866083848,-262.6367287810556,-265.4188425373561,-116.02804932440289,56.44696988782028,217.21683638218659,95.9836549375,-51.77930163343212,8.034921582263152,-0.7952514106323179
2598.1194709040396,-1954.8207800910104,-696.3723944234596,-403.94033949014784,736.3599533122829,-1616.4158568695111,-334.96590958280007,155.91837626060004,-36.43726318831388,-2.9381824865603345
-1151.8183151803942,-255.58187898731563,-366.250497939868,-12.85473573335907,-29.779667379450586,246.71046280021184,-55.46379510891018,-11.467376685883416,49.75747473224277,6.400161171305072
-1159.0286454756608,-28.50930809115684,-328.22575469746005,50.617194529336075,-175.84687798467004,228.9778135909556,-29.76567730336914,-7.215450485682507,50.26383523037293,-5.5190359603900045
-1615.4105860949492,-134.8352366582443,-183.45304980499697,-0.2979497978551322,3.7971621288293615,-9.118143162575183,102.57200547343747,-88.0842557788908,34.682724791577556,5.123206709974102
521.1011141272311,-2894.7891118473767,2117.9125538475882,937.5472603802949,-648.8578454159602,-468.24649866486544,470.74083903652104,54.22121720619391,28.67771150404465,-4.625952671710135
4409.448142555946,977.7796789892944,2424.8378931843563,1054.2871978240814,-1605.1742903306006,-946.3805589864427,-151.80764904266005,172.66362916615344,29.917802423580753,2.5085078444887294
-1276.9126157865905,282.93640256485395,-200.25793126543167,15.670298782541963,-263.00637357349655,-15.533982661633358,8.259675764781269,23.90322996630399,-10.109211800951456,0.01735474223205813
-1351.5429098100235,259.3153190994246,-22.050351173458807,-80.01566055827381,-40.67911410926112,10.243275472230845,-19.908914657934737,-45.34375401054768,57.266544670590775,-1.5559322698151785
-1245.2643212934263,-700.6770101864074,312.9440394628316,255.19760704244544,-168.55550192722333,-419.456602560423,-405.62729536780535,-85.30349221517402,7.625273773406377,-2.807014638802773
-1654.7075893000338,-97.22491437829332,-230.32106358992792,-29.61370168338582,10.969865288911048,-5.113157674623646,-6.083805192948666,-130.9548000511568,-15.353540090983245,1.7223639766871806
2473.5226883943474,768.6696468933177,-1382.9798257415641,-804.6963023079048,-111.98619346472273,-365.62807217790237,175.64646263909054,-6.577452815730021,-28.60393164743435,-5.999541371230504
-669.3962633934333,1335.304334327556,1007.2124409822494,212.51228274666343,1018.7842005444398,362.16857478588275,-212.75303284934404,-153.04743020041917,-19.633877264874712,-4.979750982318485
3201.1913868521065,-376.93067350099454,-1471.8196783245253,50.65591997167459,-624.7987107568138,1162.5302535751248,-260.60808384037847,-108.98392688102655,21.84518566467787,4.795570585744802
-1653.5805597966691,-98.38747929315973,-233.4335041634557,-30.224071806119102,14.700963261393007,-2.7807723633444095,-6.612940444467712,48.67364599948535,26.831523783543304,-5.091015382624197
-1363.0807432557515,225.01669052655808,2.512028621053986,-130.8021686253205,26.43232515951376,8.052045721029403,-23.831337360766337,42.26052770874672,4.051216411901407,4.913981861494882
2412.0622079264526,-2099.337423252728,-436.3221313597451,-3.6236519059999246,-311.5564752322006,1577.327091282878,-681.0654081083721,-31.734694379184596,16.40563596717655,1.018876684127557
1399.4386176047115,1437.612627038883,-1576.4890938257413,1911.7569806829015,426.130023093031,-241.00023836001617,179.84229434112123,-72.8732878796946,-15.014757496141016,-3.7901965502518102
-1307.1959524756576,229.89794191548788,36.94555422258287,-433.94010107600246,-88.72106324601188,-60.911901177761905,-3.0638969907977973,-158.47648073570832,5.034335577514682,-1.8062501479374262
2590.2339137270787,3026.460272645565,-51.406747161032996,-775.0700065729789,-848.8856281028641,-605.7341670302308,217.42037525067883,105.40900172330721,-4.591369165824389,6.131840543712318
-1434.119886580387,-394.6261171169384,28.556178936847914,112.84845531064016,-78.93141953435551,-178.2415779614452,-208.73560411220572,22.744629374171865,56.766633549631024,1.818021392814721
2459.0804687291525,3546.1276308302226,447.4634018509304,244.66780253278733,-834.5100318869642,-167.3688766075705,104.2307798590841,-110.68862290390024,-26.261146486926037,1.1666506021125098
-1358.0728365553764,-204.5162820657245,-387.77260245633903,-222.4061623352002,196.36385959771266,-79.93196288151691,15.600207978353044,108.8689028576593,-23.397950487097717,4.684553300595873
2093.848552635205,1548.58903671028,628.7544608517449,-2464.6867870178817,-209.98616759832998,-158.1734984136241,-49.989081100999265,114.44458451868584,23.6322597835466,-2.0836609695959076
-997.0210217713241,-746.0053567890154,100.55118478657118,29.683092171444244,-133.0623863441274,304.78532753446245,-331.92898827660645,96.53873055470322,-20.84605345238991,5.494120458158598
2755.954732035632,-1803.8053900188925,-784.7184071231229,-167.15191483506752,609.5377325849452,-1672.0146622859443,-161.26659586100854,69.86116318641994,12.092362375547921,-2.3901833130805645
-1652.1473464920537,-92.16517104632827,-228.07350899190521,-32.31245390374689,12.016160193214494,-1.6224216088497294,-7.313625265810132,107.53776856588522,7.190219368029446,1.8414371535839003
-1449.3595266681727,-157.92730425799516,-314.3403342739461,-146.0581566931188,124.14645117745653,-106.84017015576035,4.913723893555931,-32.01008311436238,-26.51759723055399,2.397281948016653
-1093.860861100805,306.92353470637715,-364.2261588855762,224.06140451251636,-155.46797682537215,-44.531771949715065,25.801526969277276,-57.94781965879662,41.886380588231646,-5.362259498738595
-1019.8842637835178,-796.5884453703543,318.20704473764545,175.03685866161916,-150.44561823992763,-46.786857469218916,171.34120193813058,-128.53350778024725,-30.71129175276235,2.9188636426562162
842.7678366816763,-1518.2582322324106,-402.70560506255214,-338.75239291925914,184.28069768545254,507.57439302423984,-336.31585089155874,142.2751782541637,-7.486598700457407,1.3235794603951838
1528.9293955841745,2666.5683254101004,346.10743740677503,743.2499778127892,346.29104415213783,33.72640720723472,-0.8310859036371623,139.4096552321812,-19.78600073225249,-4.993744439139947
753.4384326368713,3114.4416055243178,1888.2098738714308,124.6875009304218,893.5206589508335,446.6391165284462,-274.4182169383332,130.94954523980113,-35.46191837543954,5.49524040815923
-1360.9557536955122,411.23574682247016,253.21285304329854,-138.94620373388346,196.71187556660087,89.23054709002379,-68.86431372057068,83.15330814896129,-13.794386888878492,-0.6515633738060167
-1644.289872746713,-96.18841964033103,-239.15455127063456,-19.23091306354182,9.766648786972128,-1.089874580187817,-7.373022904631446,130.85140045032398,-56.955557768185734,-4.48545330626032
1291.520407751569,1607.5389680264432,1925.0714636425892,52.978719554354896,-6.9889916106976955,249.46601381453337,-1.7711136097217226,52.499827990251916,-29.498641484925542,4.572765959643956
-1214.0991783371876,-695.0984466024422,293.61569004101705,189.59033083680333,-105.72216088587643,-146.6596911232333,312.5585359552912,4.855871382943162,-32.73800487466285,-1.8297831416604318
-1332.4668247178383,269.90808464194924,71.21454711725988,-144.4938721279479,11.621237623712805,26.737346669728147,-39.382340349444526,-52.92466275645736,25.262083929327986,6.781410329713534
-1571.4355887840948,-139.78241877178095,-201.84328640276183,-5.329860265228433,15.038642406886428,-30.80110454036376,-36.373590841246596,-127.31950896668233,-5.786195930710676,-6.420654797589399
2217.4102122447407,2709.276505053876,-605.1523815251144,861.8884804099715,-257.00794465650256,-299.8634197253389,151.28615285452761,127.66937237995107,-17.084166572198953,-1.5302821851700017
3054.7137752635767,-763.2463165762714,-1792.918026104784,-540.8050936705462,305.77669680694686,394.84829471263953,-66.64212904339423,-14.459867523524649,-29.987250055199937,5.609116875383467
-1609.0060386225484,-95.6750809870339,-240.6849920357903,-30.24437546760913,18.535212183510616,-16.1170752465489,-3.138788222904567,-139.1300120357082,-27.1825436810918,6.985276427424733
-1540.3172284473076,-20.8408019248143,-312.5235708411418,89.54091404920877,-63.912776755592965,-7.885694113327773,6.575154082577249,-63.04779136093418,-41.21995653839353,-3.984254313795912
-1599.2110728244652,-99.76761011216658,-230.39934395761202,-23.347958851072796,23.54656606178457,2.7965126361100037,-4.484480308563912,68.94349760089463,-9.21246769817877,3.9645361344581183
-1407.3372073744329,-308.66913619170197,-248.69015715070594,-120.32033663997831,24.563644627700043,285.01047535653754,-68.25619679974463,101.83115533738268,18.41416014563069,5.508117131725516
-881.6472186917866,773.5151104463017,-4.680335285891687,-107.43422904248197,-595.9280335484652,-25.296900454744048,14.268654772817918,-156.86751050398513,-14.677376556042674,3.109114809537708
3643.3446449696607,-1745.131225886092,-1468.7825558807835,-311.8643812123634,109.53887409978122,1163.0776210542695,-421.08309436871247,-119.84039065676576,-22.521994114901176,2.572058314617017
-1557.57468384292,-144.57495425863868,-229.5214917638466,-40.28926833170313,15.801411283092218,104.11633235489242,-14.49276991644074,154.47433939072593,-28.070111143785667,1.802100517993658
-1635.2407666073796,-60.11589875701527,-191.3991443487027,10.358650010877689,91.19673207156396,18.445399336809082,-17.43310726369651,9.290661951557345,-3.5135137308542,5.708666961088621
770.405198006807,-2349.6992119415922,760.800729238367,29.692706158638934,-98.64178777546087,694.7239314595855,822.2377649181085,42.210078525041524,-50.182799870707875,-1.143766826254648
-998.0886623913784,-986.5111994350965,587.0840120894181,341.2954553382114,-193.33771998418,-284.2545134714455,383.77673706965953,106.97511768080925,-10.984395011252701,7.169292102046807
-1000.4620140567262,450.35735209987973,-118.28964388610515,-29.99780615283254,-48.03418905660754,-23.563752250447386,0.28276764551334654,15.762481536460045,-48.20722411269493,-2.284722077586741
381.3691878009804,1093.3445425806744,373.3258805829713,-452.75558761676933,2261.71262939811,-297.71263537232466,-45.998472292217166,-72.28050716288561,-12.87085868443765,-0.44595941924687743
-1169.4247261131602,594.7711535094126,370.88712253420726,-614.9856664284443,-316.03118173212886,1.173670699253849,-36.7989624947934,159.0648667120553,14.512014150253918,-4.947285433130049
-1417.329843691501,126.91500299243408,18.518946672018217,132.12698839423325,392.58929874778835,115.96508464615894,-55.84682860870338,60.38730993289407,-41.25640706037085,0.2327816283852222
-1186.9015994975182,275.4028854372562,-242.38723953349938,-5.853449967093798,-170.8099094322562,-57.85209558250622,23.36117616815342,-72.88288800869184,4.86252993995609,7.319341728052013
132.38588944880576,-2474.0494340234436,1584.6050914525886,768.2686602912114,-629.5698325133293,-687.2045940567069,-1371.4555082295665,-140.8129003404258,-30.74911362198327,-6.5134519370423805
2124.475427770133,-3202.264564744331,781.0765225705122,-31.898004582595945,-19.523085944435074,136.65152815191726,-438.3260606568787,-131.5790676998739,-21.41346176704174,5.051125765605214
-1178.6972230188503,199.76594116712863,-454.1201819142958,300.08564285040126,-150.79902862148268,-39.267990277763104,30.466850164451472,-61.53435126781153,70.73419511916168,-4.295828947630923
-318.75097357698087,1656.0473497246492,974.1127159084211,-831.5060670879103,-517.8622112102806,46.30002765068075,-75.23462465698776,-30.6308132773273,23.29199185707435,-8.214726491441924
-618.0965952387567,1363.5555001968357,828.0420085352406,-1016.673932977958,-780.8621924473831,-24.4372002494695,-41.47202901890289,-30.754003975134395,-7.868777908760862,-8.950971263780175
1460.7610565011996,1710.7426931632654,-1429.1112750512907,2237.983030484941,673.8081245596346,-111.79579704700488,133.5288259179759,16.28813463449351,45.13063193954238,-8.088044381641302
-1103.9489625005253,978.0249244832806,927.826249468336,877.9377792762588,1966.2411821089843,535.7005365023643,-284.098669780513,-136.59818916582515,-18.00786878616809,-3.324364031763439
-811.9010944187526,-600.1607345886459,-317.24259461210636,-274.1529267607636,256.22293906252673,-162.02711210402006,-101.39992785227392,52.345510228175186,15.270591682176729,1.5230340284493806
167.79131437862247,-2473.063015479824,1650.99662407692,807.5576923280081,-622.4575420920803,-739.6454029926657,-1159.3332879719371,-57.779428592007136,-28.005856845384685,-1.3614505924972455
-989.2726171984995,607.1995021874955,-125.85936477294145,-8.974657324460079,-487.45512943539114,-20.580037623431025,19.670493495627227,157.14257517407216,5.820334353789292,-5.317242499430585
-1361.3131209165513,-277.36807839254544,-268.45429091323496,-132.42618372182986,104.85800151220533,-24.469398626962278,-38.94165122739215,-12.811712958453064,-28.23510958851169,7.020574553938651
-1652.193431922865,-95.00840472595586,-228.2692848675818,-20.432890754445047,30.379514183108284,1.750146549551956,-9.125189122144842,112.67282009426323,31.175514003439474,2.328544243917907
3224.0098366328016,-2697.3045894206284,-428.21044581097783,-488.289802826275,623.4563949428963,-684.3053408555081,-210.50948810561172,-125.98317007995811,4.874589154875196,1.1324071480298805
-1637.72137105014,-129.46508986228213,-195.0260455033074,-9.551486906489458,8.996948821262084,-8.958618232770217,88.44156372290347,-21.487025162566923,4.810916031631891,5.642801869307693
3003.8836677246095,2816.425358752443,258.4803605546242,-433.6109123400454,-898.9374954135121,-518.6453415440551,644.7053435455316,58.86481681141113,28.41687763923221,-2.142916008861711
-789.6493933438081,1156.0073316134838,759.2106495799449,-1000.5813981872999,-676.2459557398463,-23.641875118443068,-43.25241777441351,73.35162364915774,5.241575625117932,-6.8871277928940415
2822.7121741470796,675.2366963437404,1953.999477384329,-216.74109089208983,2477.001156519104,813.6485038680611,592.6421975627645,-73.20096875022544,33.8782329204644,5.0912377922014755
987.6790176161753,-3220.2710794364116,1975.5719790574835,745.3428242943089,-591.7943460860039,-38.604676851464845,407.8917889072882,-124.32052316798,2.373800636575396,5.070992404978789
-970.1855868070073,-134.89309015155314,-570.9342242985392,-99.29543659622679,112.43646963151193,-65.19797423475771,31.63861135033803,78.94345248788026,-5.652553261619033,7.161066932117929
3313.003575866616,-1782.8103219315444,513.6122117242265,-387.04679129542916,1505.665394413819,-518.6672757036714,-241.9385619057698,51.92055870935877,-18.055560403821545,2.9580315233694474
3600.155005445879,-1373.3215586806161,-1833.7661228230863,-607.459746999207,365.9487592157053,631.7029408590894,-254.5474287077603,-41.89318548303917,-0.29453462733725644,6.3355567346918775
18.66148458422026,2355.560311824865,1680.379571694743,-292.51329050758596,617.5058547485147,364.1889962299885,-236.85466929526433,146.77896477196825,-39.60569353489879,2.2819685707615687
-1635.7426614451524,-88.13890851744425,-236.96094105690625,-21.165972585604838,15.052953060709013,-8.00460767751323,-2.5916901972252187,-39.194788594323825,-3.2429157933176214,5.936809763031047
2613.807072582286,-1928.7660053147285,-730.7461934192378,-338.10320106870716,725.9129726313092,-1597.8230158939878,-32.85325846733136,152.8281261650501,35.943327288054775,-4.868617206315152
-1355.4561568474228,-342.0769064862204,-285.0497015208736,-149.50947011355288,-3.0198907331262,525.0593913353842,-67.34067330605549,34.59205450570653,-17.11510849225074,5.783499513484944
2966.1697527216725,-1035.4328472424297,-1489.1939410220466,-144.51473010071624,416.41630365598684,-1261.2665295177499,-212.36934503579826,-102.93783105827754,-29.07141426601237,-2.3067758004462107
-1622.8234968796396,-158.59339496879275,-150.10552089979967,9.124217459740407,1.8412434783726042,-12.06837787480084,210.0350710608577,-186.31695623185303,10.85771081577083,5.559823138177919
-1563.992552500988,-87.87427529145054,-243.42109032773433,8.58059417679214,5.506181596367705,-4.644934011965866,1.7282784581032553,122.4348339220022,-19.46323466702708,-2.215837319011495
393.81236182965176,-2098.87122773669,756.4368065328784,65.61811499829125,-133.47647651432573,834.9271034144278,1155.03788869581,57.81972553617621,16.407384057068015,-4.7640980926174805
-1152.272537905566,-219.53567691093807,-400.1673444379173,-48.30283751107632,-4.072772423386269,219.26030415119558,-32.353120216650225,-12.193587803345126,-18.533980647046036,-3.1053961545802684
666.2897473283151,633.4740321172742,-1401.031128879663,211.137640197511,-158.4466307779766,-350.0747209142653,227.734338182082,11.422999679567654,-31.005017395876635,-0.46508981181665554
1537.5732771575922,-692.3518257704269,-358.3785788338682,1203.6972504652526,-1131.4505355171666,331.22231701886426,-561.9046646786774,90.82747619954311,9.802471466690022,-6.856166690953575
1763.9269321018623,1542.3602267184774,792.2858351533029,-2674.271697586335,35.5455509388355,-322.9424493088173,-27.29875902276458,-67.16167577841807,-51.2940294724827,-5.587808025814943
-887.9864996312396,-377.6816783507402,-645.739167900678,-547.9584224396128,465.58551508101107,-62.16485350120729,56.05492798580439,112.48320225939413,0.5465047558437135,-4.1722084826343995
2245.3124918498884,-1960.5981638306607,2220.9514532253975,409.29768324543386,555.8226717154766,521.0982107138468,117.9137666058468,-131.31089073703149,48.215238895357686,5.5423043683419415
-1260.1870422784536,-678.3849676695377,293.9352879268753,247.33324375605366,-163.14425435662525,-411.5571246639841,-391.72232837548694,-171.7934840042348,-7.650327698613864,-4.055568938316494
-1296.540436625075,195.59722768610953,-360.65285160015094,196.13107633653183,-238.74344665037597,-15.342091278841528,21.390567422381203,-167.8197547243782,-7.8300969515157135,4.465723362813371
-1496.1835522840097,-336.9316099026926,-15.757847165381435,86.38742497195476,-56.40607179949489,-165.60498142926312,-138.2003148310278,-7.3751693332168475,-3.476357577043828,1.1112092140574568
440.8284472339692,2449.419707603812,1389.0571090855879,21.191459115043173,501.13608682411603,322.6314830239064,-186.98658417739824,36.40928511140161,-32.17093751205135,-1.1360287286688973
214.72673538439926,-1743.8898357944965,367.15775653897117,-147.36091747375787,12.096889266794973,1080.1009845411572,1382.591025307283,29.62889989871659,10.189644866645565,-0.4269590138005128
-1142.2032324765073,37.80643503961916,-413.5024673747063,134.5288690418571,-192.46862484454323,170.05268991671142,-3.5910123191089913,-172.52946521736314,55.16205938692957,2.186158598025756
-1599.4350106297225,-105.76715562342427,-221.78365174615573,-21.271146588038665,20.955565151421283,5.0178095347592695,-2.99074959479755,-6.640988074947778,-29.280866612682487,-12.356617891315837
1759.4585402321372,1739.7858402382506,-1279.2455650083302,839.4293849418269,77.76082914477054,-471.51279388349496,225.4821819758315,32.96564003735695,-22.0469444556238,0.01199608350913195
-1259.9913714300933,-315.5650895229336,-382.1574399116022,-236.81635399407207,127.33396204366869,285.31121482917064,-22.737937155476352,112.87295554407112,-6.287413814152984,5.965975850883993
-1126.0261557108922,691.4881721016696,573.8588152277189,463.6150303427241,1246.2414121063557,353.89279374721895,-190.57493812182352,-132.52083071680946,16.371612219653997,-7.346626842671862
672.3237623322188,-3026.915118442675,2169.9974891637453,926.5701841093722,-663.0223464416761,-332.62257038203916,585.0611219213633,-113.76170509017763,-10.98483614161367,0.7192667305510874
-745.2141777982762,1161.9927975393573,754.8090509598596,-1008.7423882061523,-678.9881184688444,-24.42700940944312,-42.70546115993225,76.13158476435838,3.30577502730128,-5.420630958374333
-924.6780402044693,-404.59211952861637,-457.50140808235847,-244.37134485108987,201.17527016920158,46.15589886467188,-51.479418604583614,61.19228778289194,-6.7401284599514355,4.522711034589809
-14.688706479589428,1958.607328393686,1269.6722963091238,-571.7864379749215,33.582945522390574,185.0156764611613,-150.8035963931764,145.29578947879975,3.237048553583165,-4.013996454564783
-1129.0073239849585,-279.1287604013461,-529.7633602416086,-398.1332874548225,353.8920881051131,-117.40300694658656,45.93104268382016,138.74283453636167,10.663322275229831,-0.050144673882977386
-1211.451781686957,463.38006343038825,258.1906745408991,-466.2396972748249,-165.54147637927218,20.36727555501124,-41.3386734745668,161.2648943336103,7.58347010599023,1.1168513060348229
2639.204823706636,-1799.018914765228,684.2300795971378,2526.2680672893875,-1578.8468293889648,-808.2128372427906,928.6406852196114,-5.103047509200122,-22.908568629809167,-2.9970919201840447
-1242.2087497961284,183.16174380377504,-414.7062794581798,316.70008407661203,-70.84047400596023,-13.838494075411486,19.69551668476161,-141.30760967000748,47.459820382050964,-4.417481534769176
2636.083511769519,-2756.810518058776,-43.10225268681796,-422.58439084907917,480.90389603137066,-363.9952655411886,-252.40422990284583,-41.26792597071832,-6.584347934658041,7.507399315916178
1276.7818726519758,3171.0294085557375,1294.3407624507272,262.25871842700144,223.54170720973136,253.0253731537572,-147.70348611995496,54.41594997380058,20.65735213332482,-0.28093432374602756
1883.2367615087119,2287.6649408514113,461.8621096778354,-1157.3703627253753,-339.8720754611326,-220.68542724087337,47.004998388190174,-56.04155892494958,-44.15264860594509,-4.32690048748041
-682.9826169852805,595.1373231704874,-831.888965426343,873.731821076163,-652.1910594053653,-21.86205860817508,88.30779876478172,48.46917836203262,30.339796944711168,2.901727754867352
1387.657349297297,934.1537432531976,-2199.379093033267,1350.1483377581176,-618.7499531702405,-560.0337355654405,358.3718536000185,-62.353601059431156,-36.00290450593849,6.955061646237709
-1542.1739942748115,-244.4653391460963,-100.01356511600048,46.06634065884191,-31.81214509722404,-83.87821922212173,-59.40543820360179,9.12257193189088,1.6345050626437398,-5.226987891203169
-1462.9048540905926,-279.7954854079207,-162.11327156672155,-30.853029617785136,2.576356665271078,158.94040107624326,131.20055058271944,136.15736522450757,36.75894857157283,6.490670469764257
-1183.236640406268,571.1666865706743,218.66820559116832,-431.9317626511333,-388.1279165179559,-19.51778687161103,-16.23049195239942,-101.00636704539711,6.65276878878521,-3.4396411586323543
-1328.5711915297961,-577.9840261882146,194.11416233666887,191.59419865379874,-128.4120772581099,-317.1938173269287,-318.05455741381985,-51.87493007117458,24.086776272734795,0.7097061694288271
2373.726810705138,-1247.4916883026033,-711.0666982052369,628.2921370690208,-672.8462854233985,660.4699296850091,-552.7936011867166,-19.85331417368762,26.2553235789444,-3.11826623973451
-1489.0171731643477,119.33993999442437,-18.410321417689346,-27.61112884190743,178.48463825261794,43.59525617377058,-41.43385656613572,-35.04991071121293,28.736063609920535,2.901188330608875
2943.5610009737998,-2268.4119895262174,-700.5482953966459,-435.83760195672244,667.5504881334757,-1056.4285426751762,-236.00096700288583,-124.96769217911103,-25.693485905738953,-3.39147124958016
1938.3599592345508,2124.9080024740306,627.6981702314275,-1895.7962756615952,-265.77099898560215,-390.74991893467734,34.35782805628882,34.86553449544376,43.9245391601971,-4.184722139093683
-10.954085643312283,1963.4775075060045,1070.7057174522838,-58.451606662268034,424.285511562429,217.82433639392133,-153.1216758812892,-133.32524662697284,-22.27975038219624,2.3227916429167124
2588.5074565056116,2821.5647569569355,-119.60488403354424,595.8301882110409,-485.22114432109055,-317.1103263990563,373.37513624310134,52.645572759215185,34.47222565027948,5.60856174184428
3261.291882759913,213.1111231387954,912.2419784377568,-631.6837776370985,1816.7771250702503,-1199.4564044647655,322.09362044796956,-34.813401648363374,33.473469470160836,-5.459894950350634
2045.926208032703,3119.9568385267808,3.6644275203246366,1280.4748300242559,-79.10013093134427,31.807967301876253,33.021400094844665,-49.98372517647945,27.86157395116254,-0.35587110574029523
1297.5483112361621,852.5979408506266,-2140.5025986705514,1172.9502078501505,-484.60955431330865,-607.7105154970526,353.0619315274035,-46.64499267363895,-12.22221781020967,-0.4576892059664317
-1623.9513957247857,-68.23541430766434,-234.38562766663568,-14.552341093210678,-1.7351148940988068,-4.352318969585069,-5.185489482237365,-16.03933417495595,-23.348301498127555,-0.26406192573638165
3138.4025477467217,-612.4220013201412,-1619.8307338270574,-75.42814077482959,-310.2774260573754,1089.0808140306817,-220.63363971685777,-113.4972065115348,-17.649990453276146,1.9965299494000668
-963.8703887856966,-478.3675213613099,-304.78822256683685,-106.66419718184234,57.351958968361224,167.14963243357576,-122.72507538564307,149.3545405479132,50.55626810256493,-2.039764547237011
2208.464766398613,-1841.6604249114748,-715.7319297169558,-585.0974478595766,884.6426797567929,-1344.484469861155,320.79048504510996,-32.90905062477468,-8.118854489828038,15.216819496090807
2422.8126380423428,-2886.2167165111046,158.9307013888037,-371.5911101890261,360.6374336750824,-156.1053077268908,-274.7981395455236,-132.98678425957954,-30.446553353351078,6.0425601720989945
-1551.3511572993957,-28.62447078611008,-247.0508178040094,29.870443133991095,-23.177877257876474,-5.831510433829378,-4.239810451488755,125.9977914503536,-46.32671407796451,-3.3678906697214632
-1268.9002446535903,-146.35389589279333,-483.4097275295338,-218.9292069638517,224.89394649506858,-177.0839817925644,50.90457700036131,-13.545868566374597,8.921766905860466,2.674449775395514
2857.4366476301097,-1579.6941778646042,-900.509834512813,341.21942250061005,-334.6274281830461,536.2381933410683,-464.75391282394395,143.06571694778657,-27.90481719346529,-6.093521669855878
-1622.3050905371467,-109.90396002425949,-228.77727582266462,-20.16317851254515,13.859838804369522,-3.564274008019536,25.964442720192686,8.142991965615787,-33.646071167004905,6.497244516060324
-1615.104479459772,-13.664486634437154,-141.1908732811757,73.36921747259,209.66911767575695,47.808085271219014,-31.39036988984551,121.82721047950689,18.792177640719103,1.658060903411787
-1154.2975254552534,124.26684006341056,-427.1896833042265,78.80587051489228,-122.6390263329424,-58.07065494648695,37.37142748823644,-86.02579916360368,38.93266416623314,7.477169058902376
1026.2637488799774,2975.072523243972,1284.0146401979869,40.824926787001914,92.4046176380003,205.72573007572427,-135.80171635278703,-130.33760257901184,32.654248316729735,7.89339248346592
-1625.0376069507424,-154.78773389706697,-154.36969527631408,7.723593092694763,6.959829416188751,-1.3526991516425828,233.06154273140766,51.942763816638674,27.380812770867777,2.5412761466684906
1501.1717747689668,-1750.1626753644405,-581.0440296025422,-761.4907598723472,816.2082276007155,-274.60060957359923,964.5243674621274,41.365760883423064,-21.529563270329902,-6.8462363428621575
1362.3886907128103,2898.2394183997653,1934.7596517558131,150.334353390318,679.0814004926256,391.63576655577253,-134.66195914150612,-135.80112398366964,11.113518179678778,3.838400580186427
1489.410416183422,2070.438760838848,17.076611115886863,-256.6429682720151,-10.249395665921995,-302.49521484125887,70.76525792836897,128.11408387208778,7.530995229700977,0.7636497937951994
-1637.8902041253832,-107.29334255777259,-236.27853187258114,-28.998602019252317,15.900179445389618,-6.6312879975913,-8.310195375914072,-131.6515083100873,-47.30427802643223,1.078539211823479
-1017.9000256716243,-872.4079377542881,401.4834071322805,257.79229416021184,-168.10989891825,-302.83869797239834,-281.90688861425605,113.86843340699785,-24.282070903329668,-4.5785830729378265
1369.3690698324694,1820.4157589777994,-1316.5664865478961,2358.682340455459,644.2365523757874,-35.90072082422727,113.02877497469122,-61.44777310278666,-38.462981198471496,-6.113853793777965
-1361.501352915575,-406.22518549834126,-32.48825855803622,50.81508273856127,-31.562131824678744,-96.90912861747985,-81.83183102512872,-42.79796932358596,36.08871338331801,2.4882731756650855
-1428.9854353449016,-428.6781291257097,58.66413938488324,124.51030942793093,-82.50343214795848,-218.01314580046343,-223.6875896944939,125.64773014224149,10.890443291711208,7.126373321162003
-1092.5688055033188,-211.02386692476648,-343.9011629401157,-178.48071098100255,9.186018612077842,241.40825949397473,-36.589373540912064,-105.21092932993254,-16.866813141413843,-4.318621635879922
-1030.4706428349757,-256.6303213167949,-626.6463998796748,-493.1231732726809,485.10808802435156,-355.5831365461008,90.62437936301625,-150.63816965063236,6.265610546698056,-6.542922339694073
-1627.387858063971,-109.84092830999528,-233.0418095007336,-27.55990764898328,17.535248166351387,-6.123483556595866,-7.224738398739994,46.59833608222848,-22.003304441976752,-10.364046275202064
3029.2687203803202,-747.7916065377785,-848.966684862648,360.6606328860068,-696.1649157832535,2015.2818442836874,-551.8462453079658,-198.17969369302295,-40.531346407681326,-4.55748980660792
-969.0142475687962,-381.626095611697,-407.5252898446561,-100.151400054866,28.802940128775532,312.9044868337778,-81.02043453670473,64.14981684694403,43.00133769262018,-1.0350035718370911
-1627.0079064350002,-93.93859272932252,-228.9446214410915,-26.774426136197032,16.11388589989045,-0.06902325116857888,-7.1381326694028395,157.9177151118063,-0.2530626535719591,6.793000177208043
-1204.03065862439,240.46824135282935,-244.63879154983857,-48.72215271184848,-154.5742740913661,-71.97791923967974,21.007965868965215,-153.78160578846675,-28.581149515773177,4.783120801425195
1508.0842552085755,-2884.016400055016,870.6801980391132,43.79416673785143,-78.12290320755142,323.1770039263731,130.8583936201194,136.10659552731565,13.22430147150854,5.3870160792427235
-1226.8849652417757,603.1809734112509,389.9499216377949,-599.4970573141718,-326.1853990612295,-2.216175832215063,-38.55448555033369,-9.673142528669704,-23.82287775054192,-2.7197434462688577
1556.3556335800686,-1967.5918662700303,-360.5134972622838,-657.4598638112913,680.1835593957148,-127.23898310320226,839.3111833115952,-45.79515121654314,9.928900363528584,-6.093448192506911
-1357.7822409869277,-537.9999037879342,162.6259994666906,180.27157566715235,-115.09649561799776,-306.67007761626144,-297.83759179458707,177.84189634067357,-31.588593074256863,2.1468339581937563
1397.9762450208796,2000.9764074285902,-1000.0659925912057,2423.4538771211805,670.8602670672582,88.99779660255479,66.44426744585525,-156.1524975628214,44.77035167876517,8.061843788047081
1649.9600059496179,2251.233926887849,-824.4277913210524,1916.8972984621873,338.86449942982614,-24.092519701974144,86.3764307164933,-74.43275056761553,4.139373231212332,0.026546357938205034
1060.9874009444688,1235.3108685568125,-1150.6577722873237,1151.1498297599028,752.3550849911453,-270.30292494110154,129.10180897400033,-162.722800147484,24.97017111820773,-4.093485115513439
718.9965680005835,1013.9519224725121,-1819.706763192573,1578.2190726759359,-897.2651430048961,-307.784076840434,271.9300407996995,125.9218051570288,-32.820219941614354,4.5132281565964885
1807.447901165221,2552.6252741178787,-457.653874470968,1590.4623053708042,37.16940093254108,-6.773511578544176,92.25288807874273,-52.92373290013531,-9.854861076150442,5.91277993492697
-1230.2813337930486,354.01465457614273,-5.367775391060576,-51.83281847182679,-16.42040975270694,8.912660779716123,-20.430187290907774,-131.18130436292847,-8.30921752695268,3.622011895303384
-1065.895686966217,463.98778920290323,-128.5211546415831,-41.90533989564172,-292.91386439290494,-44.603146084185155,16.21295294066941,-151.91016406780756,60.3708737884466,5.130513629416111
-1446.5377129859216,-314.672108902481,-22.689128691876704,77.84961010044749,-50.2943303787271,-146.19102177717497,-152.0886962540093,-13.351076697621888,-14.315008065402381,-1.504640832718998
-1657.1344018199525,-100.17843469330786,-233.27473913039188,-27.361720576606444,14.759842071709441,-3.818361734207363,-2.3835685410818157,1.2114800286665606,52.27914546861362,1.6668102002317582
2644.6787128772207,-2441.353571354453,-95.62133408036433,-496.2793388500023,804.6439277173703,-475.1749993176734,91.66116436050146,137.54479265669193,-15.13144773108877,-3.1845367665575823
0.6471067098123058,-2354.4518185539455,1571.4613507142635,807.5453340745353,-617.6247533767781,-881.1805851132108,-1396.9231433637988,138.56052762582488,37.07079172955159,5.53038255560627
2403.4082836875123,-1711.9192330831709,-778.5655175866135,-301.3707383703235,758.4770832208608,-1890.1216049868426,3.073010587645431,69.16076427528523,13.14325137908051,2.531494582059164
2672.8698341153518,3332.668488775799,-65.25202970754304,-198.16034661883478,-1104.013844832201,-445.22096182199414,177.23696602065021,152.03611065689947,-20.790921059371925,4.961926533408564
1381.7877779520768,-1276.1369160412353,1536.5610381079828,875.1595120281427,-789.713066043779,-1009.6835877879759,-391.17530568628894,-26.51777400086113,11.093675088580014,-0.2117822842848298
-1605.8241187954345,-106.09817868551363,-224.8301854615242,-17.845892505109514,19.55716665380277,3.2171293373605536,-5.0677667318012345,-9.62049679987622,-13.276810632327269,-10.31152845048161
1210.6625949067402,3274.8905968491968,1579.1826313700758,247.91397221607104,457.7573048947697,341.733250318619,-197.06267474234184,53.873398470865936,-28.01104764643631,3.7784158365637417
-1656.4550192889492,-97.91646107037155,-229.65659230313867,-30.414595640353152,12.99657301899448,-6.049394943392363,-6.698781055492747,-46.95538020824334,2.741181747132572,6.221613390483284
-1129.9299395772982,357.709786038631,-231.21782861498545,132.6675702215479,-139.98468186010345,-18.587024863037144,14.251752506686735,32.10976738018745,17.696183063438326,3.0476559688196723
-1617.7371396207502,-101.07529265159783,-219.46470386811575,-15.675897412237827,14.538479335712568,8.926497554673132,-5.393562989920518,84.31908697939781,2.6719528436221367,-0.055291607704589296
135.31975577548565,2548.2081612773936,1975.0909016379424,138.99930157953034,1396.7677359933346,560.528154552247,-331.6389301499022,-143.98304934827877,0.19201899138174383,2.86258868286167
1379.3702093622464,3177.9027236668435,1056.0559934524726,766.4659045735547,404.19314724461816,307.21604429040354,-144.21922847170345,53.09135099990203,-21.31596304398097,-3.8054855340461042
-895.7697778915965,693.0187374970214,-134.15369187462056,26.764604874848416,-559.5081516511932,-25.546423389894535,25.141604094781556,-96.75532189105206,-7.050405808083099,-2.6691383037823027
-1511.5755652448418,-274.5781299018047,-77.36698556896846,56.701449058490525,-43.535721307249425,-91.65359611454042,-90.85669997743898,-56.80305248151795,20.506773779937987,5.367904849223766
3140.322802226489,2697.7937192841323,-561.1015574418018,-581.1011683794961,-1149.5469768986086,-580.8176217164294,234.17658443112092,-138.25749783869642,20.52931156475492,3.896202944372316
1064.445078285723,2736.5777894902176,511.0445045728744,1293.1771492635803,502.7751028292562,304.3508718025093,-110.88995489430198,-137.00717567866502,-39.51584548371174,-7.894985989769673
-1608.4228527360658,-183.00054353786712,-110.2634578749017,24.284724940732687,4.27505487658555,-4.237967984944479,363.1799405301944,-127.08321722829423,-5.455267044631142,4.607820180857198
-1520.8443989908692,-3.822082726324183,-310.22917482497644,90.5530112022681,-72.0694758996163,-5.757096330888646,4.7294296742898165,78.30073404649052,-7.5717560947874745,-6.5632087686571925
988.7115467864214,-2302.0299495411987,506.4612695657345,-145.86385483206345,79.31701816486276,591.5346903131316,884.7833160048538,38.227860970783446,-17.205066611884433,-5.057898316942071
-1149.0007541454374,-378.96750334780387,-244.7318227168849,-104.49439662537496,150.66020139558438,-300.9804493155842,-64.66161317850734,-17.246532348752567,44.06131489226212,-2.4738628620453476
-1622.0640037783376,-102.76493527803139,-234.33784531111408,-31.029787333808976,13.452796872628335,-1.275874103514667,-5.007440390237072,-38.41170188487917,7.807301781622158,-1.0101606003220702
1938.0049360084213,959.3310939476138,997.0803913183828,-2609.0975348952397,-402.8688541956199,661.3690526546893,-243.48974866629723,14.936581792685049,76.40132092436781,-0.8313646877804715
-1300.6218946824747,288.44296754064845,8.12070834815853,46.38163397262616,204.94563130850207,49.59959292142639,-38.18452446122342,123.30200786785561,-8.78590083624698,-2.3725090178300796
-1652.6761901889622,-105.03641247928832,-225.09009388933606,-23.48360759022341,12.103235051578244,-5.730246090738074,22.06341971481926,-126.670800935219,13.642781316062582,5.518132397414782
2010.947829285019,-2338.7208533617945,-210.6255911937768,-586.633754589862,638.4953182833138,-319.0646641092685,456.04227611635747,-40.364584722087436,11.614800559414434,-4.42499117454266
2433.4294494874975,-2737.7869575918658,22.48517934298704,-397.02157609316157,437.9927802096094,-243.96630615996224,-90.50096290287058,137.95612446026044,-22.78627394695296,0.9183885271286165
-1566.1388626398802,-232.6484895203705,-108.76219769473599,37.248757536580996,-24.15608454135291,-86.73638513085858,-41.65051431656346,-8.967371795389116,-8.418446318429716,4.984255838627771
-966.5056053768609,-671.1036599125304,-120.84938137295265,-135.4745078321414,-75.56437741312163,711.083461384842,-231.51862143623978,87.84635589361272,-22.579944663848536,-0.6645532073102203
1100.3926282879734,504.21914013758084,1483.9288931145811,-808.9975688971491,-1082.7699179998274,178.54178995116808,-315.94258822275344,-96.4356866220568,-26.34201517320257,-4.18386028067062
250.81023631448238,2317.836343840267,1811.8322704673642,-164.56753243336524,989.152862645083,444.1906743142743,-262.49180749912875,49.73578443053318,-3.008942735087061,1.8037260530290062
-1044.0867154081257,-470.7883512151608,-214.89346819059926,-92.46295582205336,126.70411035429638,-274.33580197306077,-126.77219186962726,-37.59193678050407,-3.19529282928454,7.307963002151293
74.8063655053545,-2371.7998397281253,1654.0133952376968,834.8841604659057,-598.2067738924354,-844.9921563428179,-957.7221097154543,40.634607155326506,-10.172790057700027,3.0787126604014503
1724.234508178944,2719.4537618848626,-248.65635749774137,1738.6828467158912,296.45434532193593,116.66481998484915,14.231344071494913,-47.075236769867104,10.975542707446778,-4.549224970716143
-1607.0673655613982,-193.28176759073926,-96.28487426248645,30.261295208018232,3.462939579267003,-1.2396698474615908,405.19327890669354,72.95901828266415,6.56878427779435,6.4262837673035555
1342.0019775410906,1775.9659962305514,297.9067373286499,-988.093260161915,-12.599454836581543,-195.72654591963394,39.37606522265603,126.1179657835501,-40.83175843651786,0.716270410411326
-1285.0340907434017,317.9245667081736,32.18094915131064,-126.28615786358571,-21.470786850642448,6.652884608314661,-23.105741199956302,33.437284968187186,-8.455102693732343,4.9583576985944475
1768.0566399728564,-3300.332609036692,1225.0990232006338,248.56009087204916,-277.87094646073984,224.0554252747598,-412.5934397629336,-27.729680566382918,22.428243571670038,5.556563116212018
-808.2993282617246,811.0415127505895,-68.25207174517288,-21.927733173182695,-637.914981790697,-27.040588273504905,20.73842142917212,7.170781105927242,-7.762420555609268,-8.391512977691743
-1632.9239773970396,-97.23031308910578,-238.64310007692114,-18.8742564780392,14.092149084926575,-4.803476493401337,-4.296609252162914,47.20923269769737,2.9595937795487117,-5.051902858857341
-1504.6179236008395,-326.080677974029,-26.37053224513096,81.5660476315047,-55.786011055837356,-163.99514619344617,-158.5375630596936,-72.00429046753422,9.142460932164411,-6.48027990956583
-1624.8306836423992,-52.60291092756583,-195.9162239929405,-64.39209536565932,-10.29869061707203,-3.0964877397530257,-8.191696078881064,58.999682086642736,-35.22293646284882,-4.104397617604364
440.2210985828083,2152.101202127244,2158.4046328448894,151.89159296508578,1608.3022752498016,629.4878474588803,-378.1677529780452,41.108565471827035,51.9558888844991,5.171551839519996
-1514.4079418324802,-278.98535774265923,-73.13160274099593,60.148220986000524,-46.46880320450928,-109.09490289998995,-125.5845416375242,-158.08803580130038,56.62670534295714,-1.1284254657019925
-977.4197629412795,-192.08452942201217,-534.0453975351447,-132.8048142105114,124.33784629120228,3.517292811869119,13.042848012952724,73.97670460150142,43.37054270246597,4.405663705750015
-1591.1684707045085,29.24692822633334,-90.14297165179156,127.70396387713964,311.42005777974424,75.45859390853046,-46.75440460735445,16.863616416951835,5.3195333273496175,-1.9477395421352472
1774.1178654766459,3296.7641600606657,475.11665413084563,1262.989590358688,172.58057600420176,208.10190085466866,-60.74657597243061,56.850671663119456,5.914417099452862,-2.8093446028018967
2296.575456106974,2740.8942271765254,174.76330197053608,-852.9884788185616,-653.9480048872736,-457.1737892568124,120.15943111962488,46.71223584384445,23.164685553351546,1.3479169668604385
-1541.9520195237615,-61.1042715604974,-286.2297251558091,-0.8169485747917271,-17.270719332897713,0.3924840562805807,1.9185231415742479,-134.81450089314572,4.10341239409604,-4.242150139662844
-1149.109468493909,175.40189679348964,-227.37241459737697,-133.14524162962772,-154.54688287083528,3.3465785341308134,6.1045615800096975,-162.94030521235965,40.37171133373627,-5.257047142548659
-1345.3575589252903,317.1906206290752,9.676928953889984,-237.9430257667749,-239.15321840488912,-15.841937906691117,-10.155333289858472,90.21096757958651,-20.670704704459013,-0.9060274085965823
1799.6785137368765,1466.4208135455951,871.9256337864591,-2525.922683119124,-179.22946674662361,-7.2896364537923795,-103.507226544768,12.046879430809993,2.057853021057994,-6.730232541716217
-1302.1965517085187,-98.56013468743085,-208.339778368228,-44.49055997283968,-145.8963744008015,282.1475972361669,-53.91627021803855,-183.79416729566742,64.43874708123673,-5.141170114233703
1508.5328489735975,-2499.6822799112106,437.2240391474372,-176.26118420297738,176.2420014696795,132.96251512254958,314.777170096527,-141.13886498700484,-9.663493147995794,-4.344073441073905
782.0598254686588,-3140.5092536762572,2261.6745089107912,937.8453408590875,-701.8230138607387,-116.04269036448743,761.706110460542,-22.449839321076325,10.773293897244557,3.8700167384411035
-897.9176120494988,957.0998420259754,626.4506154200385,-858.1960785630192,-569.5507054893046,-7.701452363638524,-38.51266121705008,-104.88499771610905,5.927977667306621,-5.846052311641312
-1653.2729959356154,-98.86974102087736,-233.81425011993394,-30.445178467028697,15.519911273862514,-1.2860714228814016,-6.926139903499721,102.9690534036729,13.256592910223006,-3.6092863280509606
2138.2960874202367,-1172.8590187444877,-666.6781901870212,556.3756416490361,-162.66909028134364,-1047.30106138696,-391.4280797482853,-102.93262999985618,-37.213816802050715,2.0451857681009393
-1595.0835887193357,-102.75296027418752,-228.36850833764495,-25.93423512761337,24.73255360742341,-3.0857472327384547,-5.408029718817432,-4.866834365575005,-13.375626610874647,-4.770050886042855
1363.97042786381,-2520.6607590679705,490.996158171551,-179.6737884948717,138.51980213004637,354.52281698464355,534.07278670186,132.1916450016911,9.068666811702542,-3.379258293264984
-1484.16740750655,150.48914839504056,-60.6894842298326,-116.8330395714586,-47.13278067730805,9.962720547534186,-18.810451153718592,110.67977126776826,-55.14102419795882,1.0233823660453076
1949.1292571883218,-1337.435201456938,-1373.142800760097,-794.9290660568172,607.2890262838163,448.8709391814131,-152.54989956721153,-38.99444270427691,-7.676498041179215,-3.4694186969802114
-1553.6399027423745,-240.61759356018393,-119.51082128769822,26.823978264424802,-24.39011265060912,-69.97755181257773,-91.171812864648,-51.78483694641982,-6.983402094196833,-4.615032481122869
-1476.3761706106588,-370.8040483600749,38.26647071330859,105.62224860114088,-55.31511457900093,-145.09559552843677,95.4857977627449,40.92123816858329,-38.54912615702432,-3.456404546786379
-804.4563117784411,-487.02947618511115,-627.6227818574703,-573.5974439355456,426.8964087694621,201.37359929562976,16.354909598952883,128.86371056019752,-12.598548053837263,6.612383078697878
-1557.1954070710271,-3.1254300217910753,-133.39716529680294,-16.93372792607147,117.42816242766597,29.40260602067589,-25.196598934813657,66.22347515014167,51.27227713537948,-6.041589899771845
-1242.287809771904,150.38326522664886,289.804025798662,-235.87899369439648,-277.0337324646488,-111.67630446668758,59.889436832172024,-70.19469264113559,34.54747060590864,-7.904735953219307
-1621.8238564979752,-89.75915379975689,-235.20759126862995,-24.14797791971282,20.440277201254855,1.4775093960154342,-2.0041144191320956,47.29321292308918,-21.00762777879949,-8.00693798549482
-1654.8403222444326,-98.25186567937382,-233.06273105234024,-24.703462028130474,16.719149087758375,-2.774975786034554,-6.7387749528501875,-6.179072267416882,-27.549714137622473,-10.394265320375915
-1581.002681579265,-143.22511153098995,-248.78480003791077,-57.528077143728524,41.934060983889594,-12.545571291782949,-14.750676736039317,41.97315240475331,-36.07363245243033,-0.29549604735705515
1735.7213253377981,-1451.3264618428175,-1116.840436823994,-853.823440058766,806.690804384679,-320.956401833295,-108.00516185094433,-122.45357380852455,-1.5975538184748785,2.525409854158145
2216.9055732092047,-2165.790386658795,-474.6677183781337,-661.5645626603899,789.0172467895825,-591.4663743524891,450.02765869616326,153.8811467383517,14.997145507541745,4.694636011125203
2830.016631532239,1156.1022823058925,-17.936234447230447,-1506.4460499608363,-768.6234307951443,587.1930606463361,-119.18559739084016,5.832332338811645,6.271298763973789,-3.1897991719973806
2996.496535266761,-355.889696544581,-1512.9972100679906,-32.24842796758629,-463.8412994829911,1022.2035738321273,-161.84570553305636,154.47505160281517,-2.151288833426861,-7.82929930377636
3098.2596093295037,-339.9310896881579,3976.9222141427126,617.3126087821914,-60.042827946898036,317.5268402790253,465.7859392113997,66.57155786877773,9.613830808767446,4.259679089170923
221.06427333612237,2665.325219003371,1943.6035107136804,256.06759105055073,1420.7427441042141,566.3841786209289,-331.9208796599271,37.52607421577769,-0.917750071978034,1.2542779121476073
3451.5118214765084,1431.8555941432105,-1147.6250330411149,-788.1463524658941,-544.3875295838349,-263.1679164623856,161.99397069915605,-165.50517781807517,16.50112472640518,0.28694585302968356
-1602.9284116176177,-154.18883876430434,-152.28264886973756,14.099903899718946,3.0011744286352346,-6.9070079591980145,204.19901233494105,-175.31616316516013,0.8823707000900356,-2.9076010713510207
2605.997499894153,-1771.430887545248,2182.187735788359,483.264323291863,1166.731805244732,677.9819113165813,-240.94846439557114,125.86288584620998,19.37835410388226,1.8974987865812913
-1481.665476955473,-263.8941663832263,-203.0323088689348,-59.70983075886644,6.55281991425019,135.41450139679495,-71.72060894961957,19.284779423547043,5.621144725268152,-0.615196726282262
-1223.5674681899343,485.7310082143969,119.61233798197543,-335.31300108183353,-340.46427935258913,-17.02057722069079,-11.922080598119361,76.86772892815762,-2.1772896378236624,-0.4330821155927751
-1185.95035342781,-132.1740006605762,-345.9047147891401,151.7299795964229,-182.52009711552662,334.009065065737,-58.07882142426927,92.29904112574454,60.48691013105949,6.766476088909922
-1289.3426425883272,66.51214729604929,-392.1388321738302,52.00407601802792,-69.91795447732116,-78.86757914821118,27.914420389375834,108.99327630804544,-7.59452921274476,6.251749580632328
-1320.5422134877479,-557.2798310010245,182.004816076549,167.08545675846173,-106.92975723008331,-134.95656221662693,80.9427644028728,-46.126310240518976,35.79318389641364,1.0675945482557232
-1023.9242174204791,-989.8048185792692,577.1952448418083,387.60144695813017,-249.4283650325099,-543.658081022957,-474.44109775578914,-74.91491702894793,-9.833778548709674,-3.6367685009831128
590.2446651136693,-2065.2270281291258,543.3704265176791,-89.46537481734666,20.533418282163737,858.6666641278435,1404.1820108749391,43.52979331392982,-32.44735345978161,1.507880341474369
-1580.0850365072797,51.326861372109974,-67.26271119380777,153.4016349455567,361.2467505443391,90.07465291828004,-53.201781438029975,47.213609691386104,14.17764569230971,0.726345401239616
232.27023863913246,-2391.6751753364056,1393.0451120744365,499.1425708613915,-442.2923808186353,258.826365117808,560.5668646216752,133.1452620297191,11.218421829512309,-9.810475460636631
1461.748405455075,1622.2964685717482,-1033.8106157001857,1047.8610364220576,512.6942572134932,-262.29564039753745,138.8883696043397,23.61187928349638,-12.604728414623281,0.9443282758123885
1414.6259986784535,2057.499872592509,-1025.3868740558873,2307.811240440854,569.9014761523356,47.89655154958163,74.62806439912606,31.285790687336608,29.411030498306445,-6.854240222966238
-995.8213431093666,782.2427462161704,543.9304996439334,-788.2687202764093,-466.7608500773158,-8.079998957497896,-36.35824168020039,-114.16237386253226,-29.27499107892207,-6.621954330160716
417.6479964598907,-2518.518275266979,1842.8367554983888,864.1178643569601,-637.2277651059408,-696.8386254855775,-567.719383438741,-130.647372844544,-17.3199476686556,2.3743943312613673
