0.051542062379001434,0.7164201202003592,-0.4815696308457671,-0.03691560963829788,-0.31657680564877,0.7811765561556852,0.829445956939595,0.6247787253326742,
0.06785457948805446,0.8757035744845711,-0.0935814938059174,0.06229106504738581,-0.1204123694445044,0.5350316859987099,0.7800159680164728,0.6007301665774043,
0.9779402537360189,-0.23974218728597196,0.5902143199819048,-0.4241965069273213,0.3990415691172363,0.5324530718342463,0.7817585217653754,0.6014868646919074,
0.675058519289658,-0.47211175512746273,-0.2448121593403776,0.2125107880005465,0.4036624663812397,0.9135054454381016,0.6946493164662462,0.5402881116192203,
-1.0190276557463835,-0.22172081451342904,0.632958055580472,0.4885021231602044,0.24066844283779998,0.166768913568691,0.86870376016338,0.7431167689751301,
-1.048274789285645,-0.47935715771720633,0.20508955499026638,0.21939416845333304,0.011660119882439313,0.5615541634516868,0.924969473472946,1.0,
0.04666786977186574,0.794850196614896,-0.36272747519812043,-0.519203955794075,0.05653396827073909,0.5693686517322945,0.7810671951292378,0.6094940056853294,
-0.04413633835980451,0.7167830488609722,-0.5423408831766416,-0.09089983061052201,0.2380871781238879,0.5563646514540143,0.7834847390345804,0.6048584160727283,
-0.6092808887553308,-0.5149990561106382,-0.330624585137591,-0.15212544469013656,-0.4460552352031832,0.5533647558090998,0.7824989658516556,0.607122069789478,
0.08744493678941084,0.698310391314071,-0.554605190318836,-0.21046600454661715,-0.28166601322556517,0.5460550615378778,0.7867311490077538,0.6021674013650283,
0.7963769089647259,-0.21961574299775685,0.563128434874789,0.025172206531026864,-0.38576648215076675,0.55986391780614,0.7771832020603299,0.5996405883079965,
-0.5872451629433562,-0.5250365996186032,-0.3355844777791906,-0.024254071489768547,-0.29784611592025867,0.5188493745019417,0.7835112438736286,0.6054256965901756,
0.7041344016132285,-0.4558840147751737,-0.17367762692561417,0.13049556890258032,0.2652311030922031,0.3911693461679548,0.8024730700110768,0.591108666694132,
0.8310201690609209,-0.20011451624912144,0.529887415599923,-0.4807469899225385,0.08419832474810318,0.6087316746145187,0.7747544089191081,0.6027422513355031,
-0.6116043930345441,-0.4996065130335118,-0.3005300726392437,-0.16273239664094336,-0.10659732667445798,0.5615541634516868,0.7809906221896061,0.6078061028028399,
-0.004286335487906964,0.6962889623721247,-0.5964357168350128,-0.07477759268295453,-0.33928863081742566,0.5426411955930532,0.7777457404578749,0.5987704857248795,
0.7034246769153879,-0.4069820321160954,-0.14779419800150168,-0.250205983826177,-0.0016496421438033648,0.5622839849728678,0.777143329896386,0.598760955245197,
-0.030300760409394424,0.7183819822805899,-0.5265875022094344,0.1440484002667942,0.2779490699001871,0.5601269748409377,0.7779502183968096,0.609209107513149,
-0.19774416442864184,1.090218637952611,0.40384973221139786,0.12787716795740056,-0.2733935220814274,0.5411436684923537,0.784741593139996,0.605476444334583,
-0.6635123396498381,-0.4760496496949149,-0.2747274336037103,-0.4039915682834883,-0.21365621131480006,0.5495156026664306,0.7782423614739141,0.6040480918441615,
0.9530258525398582,-0.3185725915548324,0.4887677487357106,0.11491328881924232,-0.10698260900087886,0.0,0.9128098040327188,0.587872231148464,
0.6532706623456462,-0.4845312791581572,-0.22603147303613844,0.4404138733626897,0.08279098417398012,0.51773119394867,0.7605491940537236,0.6051759018937365,
0.8660308852226097,-0.3747411035438739,0.2084860476395617,0.1407039774179063,0.058983954172361575,0.5829142580669644,0.781551057435833,0.6041218418269957,
0.00534081519515445,0.6996611960481095,-0.6125698449779695,0.004080803902786534,0.14921202881494244,0.6750211872446463,0.7980269981661102,0.6162114283360112,
0.03207971092426819,0.6582596693773316,-0.6528316726855543,-0.1015193692942517,-0.3902853760994715,0.600951844871422,0.7712582214793376,0.5953659621802002,
0.679123400897384,-0.4925179055253952,-0.21940324126460609,0.4013089851805627,0.18516437946959974,0.5327657259951681,0.7703132014015391,0.6073515373734877,
0.6912180128803287,-0.4355084152521189,-0.1828821209705839,-0.10508299338061666,0.263565641741233,0.5538523154179896,0.7807399101593201,0.600049520042846,
0.7025725989072885,-0.4455023169655714,-0.1405453779142618,0.15715529509719772,0.04299074849928508,0.5329143845579772,0.7796370101009482,0.603497592661256,
0.021692340359201916,-0.08121155500647845,-0.389910541467762,-0.02676034922076545,0.4534490461244155,0.5604689812413829,0.786977123106551,0.6060131199274914,
-0.2452676953072372,0.9948257531097668,0.413892519456895,0.7388674585602024,-0.09290016747411389,0.5696724831450726,0.7925383132810693,0.626447795218281,
-0.9960764693350532,-0.49075824424394787,0.1837608895135453,-0.0659265156987361,0.17029826451484154,0.934863452951668,0.8671923715089833,0.6578013979867892,
0.6712228411177974,-0.4858153522011851,-0.20374098417312098,0.34043185111214436,-0.021078710573939285,0.5619628875368405,0.7760899157513815,0.608453854076546,
-0.9635660110272526,-0.07208919284544082,0.8369607924644072,0.5371838046937816,0.198541060697078,0.5725536638121862,0.7767588565230247,0.6022552630494789,
0.21489161438170815,1.0504248376071168,0.3483826184375526,-0.5292045836432351,0.0019140099410105416,0.5456383685189168,0.7613677416191852,0.5995526442274681,
0.06670950299095495,0.70250409751669,-0.5882378604519273,-0.03983335027197436,0.12747586094710994,0.5714034494099195,0.7791887029634861,0.6058513198478419,
0.6685231612935791,-0.4976271055903506,-0.2387567469100695,0.34922503207846445,-0.36788355752255486,0.5464672008803775,0.7829050261141608,0.6049823287878163,
0.719196632408683,-0.4670196799381958,-0.19786432595694217,0.2091192031672203,-0.01781846462507286,0.567226178580012,0.7809796640473349,0.6060411005369478,
-1.076638161402957,-0.469656475058019,0.2893054152489206,-0.08220539943227724,-0.208393851377353,0.5522797791466917,0.7642645826407093,0.6124647962756973,
0.672574780694278,-0.41638076046496664,-0.1298575015144504,-0.1782624590176086,-0.1424329324225917,0.5131661332962294,0.7767143115406359,0.6111011411856796,
-0.04327473345828273,1.0635106363836264,0.34971477990294764,0.22777195393902233,0.17604335812041672,0.5598021965164376,0.7778858024454927,0.6090125928672462,
0.6855844013865077,-0.4965476137239002,-0.23181589098687852,0.26043728621839807,-0.06798923080362185,0.5634834676246253,0.7799563512795096,0.6054901550419534,
-0.6037944822090247,-0.5067436452660345,-0.357346373713789,-0.15033565444068428,0.3290995401933149,0.8795331216717053,0.8368247968856047,0.5511166041829743,
-0.578269234527568,-0.5134081197964858,-0.3220428244323556,0.020426112971639654,-0.4264172866214611,0.5812055542203727,0.7823908130857301,0.6152667573023524,
0.6995838600317045,-0.4709279515243726,-0.15496241023619495,0.30445498740860344,0.2530805906799539,0.4286502144022668,0.7915454925686866,0.599807824880869,
0.027299118174474862,0.6384448814669504,-0.6928512774937883,0.3472047443741347,0.2405000890312482,0.5914741895088355,0.7757831184092193,0.6059505708674934,
0.1099438241080527,0.9657677826224209,0.1837115678569966,-0.05739839714582276,-0.2967774048496541,0.540996622689958,0.783646966268379,0.6046841318886554,
-0.9240004528079757,-0.45924059621074587,0.0854608388585067,-0.035689662781536985,0.37383814564023254,0.4881421000037947,0.7939479723798127,0.611497713508837,
0.689753715135222,-0.44955770860680255,-0.17481424490923925,0.02428888547177617,-0.4529494506872439,0.5626533703530365,0.7844948606657464,0.6007687554072426,
0.6767138055092806,-0.5059001463583426,-0.216919716326179,0.3893282548929141,-0.4737790038006124,0.5757834537106139,0.7837268484827128,0.6138393825787226,
0.3256118584919561,1.0503374568200932,0.44306289244251706,-0.8304833048695532,-0.05699843764455759,0.7184442870334063,0.8105043809588011,0.564441972562106,
0.719674637438188,-0.3337343938537062,0.17816945891943803,0.6082778979113597,-0.566202200483449,0.5597518562556131,0.7867741619185213,0.6084507999285901,
-0.940814895074723,-0.44060685312137104,0.11443801060915504,-0.17532771058673857,-0.24846459646207142,0.4545473519106468,0.7718636195804881,0.6088462626512311,
0.025435036493163463,1.0436896739914319,0.3401743634095501,0.13976567948439242,-0.41537915553462296,0.6047617541773658,0.7863451052609807,0.6033635122701493,
0.1775887243400527,0.17250462940393338,0.3885050991783968,-0.17329025177192078,0.10805881224051428,0.5282406997482829,0.7717378748021713,0.5927586481550144,
0.9405683580866385,-0.2124687256830706,0.5490142058967177,-0.5481558519670167,0.2749024847036089,0.5562593698217743,0.7831672478325017,0.6019145552671693,
-0.32822347511375743,0.9983372977807454,0.2541688610198084,0.17182833036926065,0.3289656278394487,0.5637474543683672,0.7727661629725866,0.6019738529779316,
0.8284566809909946,-0.2530361495221408,0.5244533371082534,0.27042985347407,-0.5451192815760034,0.5526103634086799,0.7823886183931326,0.6061316096073827,
-0.4469983190051136,0.22372220702682952,0.6002188447910417,0.14074369790272043,0.4458722981666746,0.4912989994560887,0.7738363916036346,0.6001057965640836,
0.8188452269956582,-0.045801724794185164,0.8351122659654145,-0.554502998559308,0.022279506536513116,0.5471474695472888,0.7718222536467134,0.6162966533459674,
0.001913964066974895,0.6812834094591346,-0.5922420431421511,0.3816069057396796,0.10561439277322726,0.7396739061689668,0.7883533830439505,0.5899031022123347,
-0.9734062582348431,-0.2664897167511443,0.6358151035373385,-0.3682792430241814,0.27075529087789685,0.6234188623398308,0.7841801808150927,0.5979217237259506,
-1.0436875572767488,-0.16321156608653037,0.6694847362992021,0.03386954349137458,0.3247341883028577,0.5399390945773304,0.776898313342352,0.5990177838201568,
-0.05351588242614846,0.30741333995322706,1.1715477813376247,-0.09983117420436446,0.672587153239471,0.5412975448094414,0.7712729676686926,0.6090509345088507,
0.9734305834192564,-0.2948014458352666,0.4806490022883846,-0.30195533886597986,0.6066736270526377,0.5507963241711678,0.770615517434209,0.604185555967536,
-0.5874388769797719,-0.44634311532848603,-0.2534673371537385,-0.21466651189579566,-0.46435608637484915,0.5804085027258814,0.7947860921602363,0.6006739449868853,
-0.8995527936017774,-0.47462387795897676,-0.0016180392502087582,0.12156912540922557,0.551189513671649,0.4913401090352531,0.7758467376832932,0.6071182218926379,
-0.5679430666600752,-0.5092979744977753,-0.35917295896725415,-0.3061785033076575,-0.42911826359630584,0.5697842063321402,0.7799531415894629,0.6076101511968031,
0.03322903409606399,0.6418114674304516,-0.6503134562974324,0.30100097976062956,0.2906095466818931,0.5789068646672655,0.7637796053689918,0.6016110081160136,
0.025477931856584007,0.7156096168947799,-0.5898584589768928,-0.37645433025265046,-0.11964824703320232,0.2025152737897972,0.7205164307021025,0.6373419025254398,
0.08369622870617438,0.6628073471075179,-0.5855242137985504,0.15143186500388442,0.06870831585170944,0.5726253209709451,0.7804495596060125,0.6109002046169268,
0.6970925327560566,-0.5148227986952726,-0.2492671174944057,0.49052390400186313,-0.004646456826635781,0.4432387391375843,0.7857603135231366,0.5965529875444595,
0.024054445183523555,0.7141457880175,-0.6033147812451942,-0.2981715727134258,-0.18199603947836673,0.627793237790455,0.7755775910012241,0.6016952718383938,
-0.8837346031941411,-0.1851390368604856,0.6868594287080015,0.5729940698463238,-0.09850519497389021,0.5731478553448778,0.7746303877213652,0.6073563850094069,
0.8121268632329932,-0.17088191779846162,0.6398286156529155,0.07590232407197516,-0.08010478635071616,0.5787649101281355,0.7731300299826416,0.6169728504923165,
-0.21431383579547242,0.9648257647587266,0.2729190409493705,-0.023027363872179837,-0.01684931407409962,0.556977797664976,0.7744478413876892,0.6013231436850273,
0.6713247794100312,-0.4920206586462458,-0.2521576021567233,0.36135161876150446,0.05696452742810709,0.5708407857621717,0.7791582721909084,0.6041735728312666,
0.088926352840691,0.6992039587101831,-0.46592590368042114,0.024597095543451214,-0.058096151466916934,0.5239861745322996,0.7663100514622857,0.5990390420082671,
0.6486423320849536,-0.44136724102750435,-0.19159887821200938,-0.1908838259509115,0.19567948424380044,0.8010777034291714,0.733768467208305,0.5359864870432167,
0.6781044007026342,-0.5066471954245239,-0.27182505664849904,0.40282890736286353,-0.22070066536863997,0.7066682899679979,0.7381536392063256,0.6174573668960024,
0.7158987305462506,-0.47307441522372407,-0.15287308560008553,0.5178342676817267,-0.15850280932653826,0.6285670465613419,0.7810812135845726,0.6043403727049259,
-0.5815169137638665,-0.4934557543746494,-0.3196141458190625,-0.18016710999625826,0.003920396553024563,0.6315392691349281,0.7786731187309544,0.6005443084909158,
0.853801448564343,-0.3309060120860431,0.2534513375422124,-0.4829344566718556,0.057240183309256176,0.4571132221055695,0.7723776679112195,0.6195214161139263,
0.932122648388267,-0.22259472130289285,0.4759826328160044,-0.7329140505218725,0.2160067140300329,0.6422084698382181,0.7825930120681281,0.6018924731182795,
0.14272067910718012,1.1262742959998062,0.4749173157411054,-0.608495049853651,-0.08938474448524114,0.6630554536600175,0.7797276436278843,0.5892655762919018,
0.0030903761677552564,0.7554892855889851,-0.5000297465302822,-0.3707896616191061,-0.047073459388690675,0.5679695030168107,0.7771394231137517,0.6030836732171548,
0.6765525319967768,-0.49522937702052616,-0.21744125455606372,0.4870773753153799,0.22196337425696921,0.4889623942218906,0.7821673106474382,0.5921548496958211,
-0.60340065868911,-0.5109074339885806,-0.32400079096352885,0.08616176390074598,0.33355487503017744,0.5576215325651113,0.7790273643312278,0.593495626141529,
0.6867410537921377,-0.5109187797602595,-0.26990841960017353,0.456769726086166,-0.2675499743486225,0.553234628179668,0.7833991038913086,0.6070365646328568,
-1.0002635644587345,-0.2438923683296658,0.5635182073470494,0.5904286775199994,-0.024908681309658398,0.6116947265896758,0.7822617398818159,0.6048276521237589,
-0.9504126520015769,-0.46874625106744594,0.04807237306850054,-0.09594597720452266,0.16870312726256842,0.5420893469269009,0.7846452832877031,0.6041634710721103,
0.18095157846567622,0.9831134152868954,0.1583022868283822,-0.5756252460880855,0.2185744761407037,0.5302485548401786,0.7583361165967787,0.5904744366168171,
-8.615093330563775e-05,0.7015705543971689,-0.5945185085739099,-0.30266230873124683,-0.12792154838184977,0.6203770697091973,0.7778722321211071,0.5996981282357626,
0.8355485086650732,-0.1385303080892924,0.7145157794843392,-0.2472985129859795,-0.21745732619415126,0.5535930088417219,0.7763077763359281,0.5850168774632994,
0.08802249539711879,0.7811576064269189,-0.35464859367275225,-0.12623934538468545,-0.15585253437806212,0.4854832589144542,0.7682089776332863,0.5950479682500446,
0.009558326272285603,0.6879841741761366,-0.5985289940648998,-0.1693649065603766,-0.09121870995027315,0.5786828490835727,0.7912102369961591,0.6008478556420714,
-0.7325683401428522,-0.49336623980017524,-0.17388982834207448,-0.07489952635689628,0.5033408642357399,0.4968196997103356,0.7735888854332162,0.6120450157239182,
0.7234388930709734,-0.48042151078074546,-0.20826805668637863,0.15117548021771682,-0.2200624842004235,0.5592799783700368,0.7835904596368071,0.6027135775003777,
-0.6046652416069433,-0.49271398426142676,-0.34334884487530903,-0.281581667754897,0.19530948986318009,0.533648380282581,0.787134773276381,0.6044768425822931,
-0.6035583935127002,-0.5028153092890201,-0.36600293109793075,0.004782447275223756,0.37541312869700605,0.5782222636831654,0.7741518451504571,0.6024875925239291,
-0.9427309324152163,-0.04261728168604795,0.8919931547685013,0.375801680489966,0.048876226575292225,0.6181783396789658,0.7814747778879166,0.6066105686702646,
0.33585262280586586,0.20566814520105167,0.5663645998074315,-0.8092400286505663,0.0005798234207134989,0.6166471659688579,0.7843015170573193,0.6000887955066672,
-0.575945298386747,-0.5098178813017578,-0.3661915402721507,-0.03365512184928032,0.16610656143811287,0.5617156608522965,0.7761696983810599,0.6049535341051099,
0.003843863600467543,0.6958073667302831,-0.6040429598042465,-0.18202822007024144,0.09746777743705104,0.5588144503333039,0.7704938326456885,0.6045524217580577,
0.007717616512245475,0.7236098983345,-0.530672304879742,0.08346089733133545,0.4057788803856849,0.5867663521256815,0.7790836411520565,0.6119423502107967,
-0.633662650415418,-0.5105910473090662,-0.28896208591598865,-0.10449717255082941,-0.3791844874517213,0.5533914454128035,0.7832649135681794,0.6050102418324887,
-0.6311313956105382,-0.48592963170088166,-0.38105354296775346,-0.42810694254706466,-0.33191440621768087,0.4952793554017988,0.7730960945962302,0.609042173059229,
0.057557566600744105,0.6774422902158221,-0.6085992109954195,0.037255635616904065,0.3502336339581823,0.6063681900400977,0.7643705253933211,0.6127557368269271,
0.7020960253187323,-0.5037505129654974,-0.22171791138682137,0.5746166100732053,-0.32709979664496214,0.5142052569664926,0.7801872153219418,0.6080465675167195,
0.02858228560363322,1.0629226816781614,0.4001178299440499,-0.1581629031043372,-0.31132842896985713,0.5708728196111666,0.7771292731392607,0.6048453727735893,
-0.6550787118192127,-0.506983811966891,-0.3204451690517328,-0.31654886646906727,-0.45799180294759806,0.5641544708248479,0.7807883542639851,0.6063482964610885,
0.6591426814500173,-0.4388613952609244,-0.20551856324397738,-0.20528921358698277,0.19624438027774238,0.495823582984429,0.7706352811581235,0.6162600694873591,
0.8763645358812537,-0.0917604179080587,0.8348610413072669,-0.28689795969689735,0.24425391909161343,0.5507937311054051,0.7841784917061303,0.607173317403425,
-0.6030944016094641,-0.4716108851591696,-0.3131947221365786,-0.45698586532204805,0.21656412186718288,0.5677573143428161,0.7828722321211071,0.6088872135019706,
-0.1584155664820657,1.1276058953174395,0.4616600282303056,-0.05432778435734454,0.12793986420662218,0.5531180034658538,0.7762669083254303,0.603981823425205,
-0.5910476901986433,-0.49076498003867985,-0.3675822696192736,-0.31888967636958293,0.1859681913751049,0.5230346458884096,0.7845662245618658,0.6068948296461089,
-0.16536323843802297,1.108837701145132,0.4487084555442641,0.20670326646974557,0.16130429653322775,0.5838224951617188,0.7905031476411459,0.6184909982284843,
-0.7264332204503674,-0.360370051456401,-0.04173711243835221,0.0615959817531998,-0.08355977604961984,0.5481270159505168,0.7857835627099895,0.6058280275752207,
-0.6657204669860683,-0.47056292322476667,-0.2852888572440935,-0.3431606857194497,-0.33722175323384973,0.5430833133055897,0.7794843046922757,0.5996038945879509,
0.015202183215906651,0.6775796001452536,-0.6159853363161019,-0.02897491760078416,0.04420201092425946,0.5362131753038948,0.8228048094792335,0.6019735508589791,
0.674287466082706,-0.4812734951329116,-0.25287634110790447,0.3397017210849967,0.5174827237825327,0.5476477731257194,0.7836490000934563,0.6042868674384433,
-1.0912191741837063,-0.2956425143989452,0.4607088787400707,0.052459844083318996,0.37633413695990414,0.5650395600642575,0.7851800911889029,0.6070778203490848,
-0.045603722352067964,-0.04318070070534861,-0.2359935508489562,0.27085427264809353,0.27200807278280237,0.5627193986617252,0.7768922999612385,0.6083264230489296,
-0.881349352223177,-0.2183954989929433,0.6217792198822217,0.42943790900632045,-0.4089437323998252,0.529326277243002,0.7818339395230048,0.6097215012565402,
0.0523377160623309,-0.09929416916938658,-0.3899564288015338,-0.06467917769685862,0.11558757300429401,0.5494092869701609,0.7796252284701805,0.600966890509345,
0.013381291264938474,0.6903999826385221,-0.6095660397493876,0.012322739794410648,0.05989515489558239,0.5530425199539574,0.7942231324429954,0.607054010629094,
-0.7133248068322021,-0.49747998258373927,-0.18840616636881968,-0.20162779375429615,-0.21585301240586718,0.5368179288361563,0.7787491669360559,0.6026356582759994,
-0.8614356664764797,-0.18491597584862088,0.5970960121766957,0.11283788005405693,-0.22877428896827912,0.5390179237765157,0.7784688399613304,0.603070022933575,
-0.5850692854939197,-0.499400669862073,-0.3656727280785243,-0.21901363626987747,-0.16323725066460482,0.4792450383900224,0.7858569872424396,0.6035102953899394,
-0.005339826407363375,0.6916421934481508,-0.601016063035487,-0.09233934989833575,0.3465625177314181,0.55213336579936,0.7832284311126976,0.6043912605226658,
0.04989519462033036,0.7175797151383674,-0.571922409605031,-0.3042675260820875,0.24164529161706005,0.5648258218753558,0.7785323060282422,0.6061704280476249,
-0.8939244022631186,-0.19191054743651037,0.6822483453723099,0.36051304937421114,-0.1835883407966209,0.6240102078247342,0.744358146254621,0.6188375835976874,
0.02314533412083255,0.6658978997727066,-0.7294855246300138,-0.17546706170179238,0.21666600381276202,0.4845870700886702,0.7818321929613565,0.6018672599184279,
0.033159962124217235,0.6363633602889599,-0.6574252447648032,0.23669076344026035,-0.0008853464753003637,0.4888298948859684,0.7779263831925615,0.6212393743391148,
-0.9185326934379843,-0.2795038375491259,0.4167142568709199,0.2508083794851933,-0.4263157383867254,0.5497166917540509,0.7833141581802666,0.6056174613768385,
0.7460687849747552,-0.47631165694448996,-0.0778235849326413,-0.008985951436380146,-0.4575825486062996,0.6269919172242813,0.7868294697040497,0.6012580782488087,
0.013514968089732012,0.6809344599000138,-0.6775905389074488,-0.2932795622523711,0.1857047104499555,0.5457192911443642,0.7719834275812726,0.6154076545956413,
-0.8405631233125666,-0.4320911705116167,0.017596138248414384,-0.08227864673005095,0.3795857505411303,0.5466540597290563,0.7109938395400108,0.6141050824647414,
0.021722000007810667,0.6524713042150488,-0.6720697085633971,0.2064104047877628,0.4417180621022495,0.6454785787469801,0.7796097277355521,0.6013251486562573,
0.06492177492939541,0.9115906174836936,-0.0033138440795966173,0.15121413624293495,0.15878307794564217,0.5536770621197364,0.7757019952168723,0.6038966451063597,
0.9095438814965753,-0.059347417922311574,0.8915333443889492,-0.3879532303050403,-0.20966002041355924,0.5450453470280937,0.7640366103834622,0.6175690959776982,
-0.006397755402369507,0.7085737293383403,-0.5341622508559384,-0.03298189407363657,-0.3165056712466634,0.5158477427678764,0.7794496913641719,0.5964963539735508,
-1.0241575217486014,-0.2141975948289999,0.6453440950490071,0.38798837520425095,0.025359133021187308,0.5527794502700584,0.7755887368222689,0.615456982380972,
-1.084358887283334,-0.3416220473124806,0.4788728936548068,0.14967227232888536,-0.335096297860901,0.5701333531502587,0.7915188728242668,0.6195427841634739,
-0.6327000468558263,-0.5150407294193845,-0.3173733426356785,-0.11361381439586887,-0.2959644012369421,0.5596837376829377,0.784686810088998,0.6056639047501339,
-0.6141342890026423,-0.4835706283831822,-0.33537455768790825,-0.4997409812337985,0.03466134321817982,0.9963285983530872,0.7282330924406054,0.6611477773657974,
-0.9330803849813145,-0.4689038188691542,0.152535840424307,0.18984959391890294,-0.04492335010862725,0.5612509233843936,0.7661254751337115,0.6133406116535519,
0.7082691820483912,-0.44861324171269235,-0.1354160230542235,0.1758121802812722,-0.3983203131700382,0.5551011928102509,0.7800946513847629,0.6065121328224776,
-0.1349364912478411,1.1309812643645423,0.45386684413212286,-0.03906345579073216,-0.01143114544269841,0.5685656867829542,0.7827767304365945,0.6014913140801165,
-1.0470755236515772,-0.11634355999448581,0.8030383069147974,0.038759743164718016,-0.13233894021577153,0.5125428488305906,0.7778930989365891,0.6087231629107788,
-0.9694189236541958,-0.25572005197470904,0.8039833105613964,-0.016572093005013243,-0.11136004191079363,0.5599963507342804,0.7983261351501659,0.5941273843365056,
0.22176274171720817,0.2014460929684204,0.4773878908129102,-0.13499623695778223,0.3777860928273732,0.6038658815791139,0.7817671400512631,0.6094723355168294,
0.032764907294612025,0.6392874294490699,-0.6664146693590456,0.10129685444952358,-0.2863517739046949,0.5592572700709615,0.7796963548951986,0.6069041678682762,
0.7684032798495732,-0.44266661055070144,0.011076317987987194,-0.1337961932277686,-0.3060751278734237,0.5577800669137458,0.7772508430224095,0.608138963731993,
-0.5995806697256473,-0.5022973096579755,-0.35810776484445056,-0.11303615294931149,0.28926119666200945,0.6678842480741745,0.7560858097994365,0.5900575673931254,
-0.974153781566955,-0.2473564191845294,0.5173721927836619,0.26271155465410584,-0.31434251465334273,0.5646823810668252,0.7841511365673323,0.6056554412996608,
-0.4863206925763242,0.9202478633295141,0.2549982845816148,0.1217736624222841,0.2775170333830047,0.5664254272233958,0.7834381487365771,0.5986907537867864,
-0.8207055766808928,-0.0962029983569099,0.7645708726030963,-0.0651527250878218,-0.36635000453479516,0.5406428589498716,0.7716940575538025,0.5984847086612011,
0.022891497790218054,0.6707133031320135,-0.6605360773187094,-0.11599131500764176,0.3008006817861174,0.5665728208760769,0.7730876299005226,0.6061189310482155,
-0.01735150403190084,0.7148447377458201,-0.5026983045973159,0.2567649855168139,-0.12249371862784231,0.5467809934604148,0.7807709614209045,0.6070861039014543,
0.9326474074882797,-0.2656294238163932,0.5627025030472818,-0.3629403878544804,-0.4627991251421486,0.552807531274903,0.7829474223661007,0.6055886238481715,
0.8265844767052009,-0.34365914775201367,0.1477987014584205,-0.3799076189537027,-0.05682743918486188,0.5301464133473317,0.7754818748266844,0.6037071231409384,
0.7266947718809463,-0.4155843271583062,-0.0557606017460488,0.16842143798399772,0.2862569500748785,0.5533569449890586,0.7762703937883688,0.6093515154012002,
0.6612088697740309,-0.45629443915779444,-0.23410659513590235,-0.056561252843973904,0.16744401113055385,0.5796617946544899,0.777845221698424,0.6068726129169585,
0.7292754892662824,-0.4669930077053799,-0.14456888560781864,0.2596555322732418,-0.3688819493508887,0.5572580226924878,0.7849128136342117,0.6049052637361129,
-0.6173568718033535,-0.5274595800510992,-0.33447662083928253,0.13440464524117884,-0.01402229835670199,0.4827096272309853,0.7942186511335032,0.60763739957978,
-0.9561009748092155,-0.37330274985912637,0.30394853501951036,0.22395126059294007,0.12524554175857527,0.5641884336617884,0.7816006318263365,0.6081067084140128,
-0.6144875686457009,-0.4989789273114019,-0.32167480596966314,-0.20386238635038925,0.014055051962778897,0.5271565769002113,0.7814064428973926,0.6013804638899188,
0.7829613280171317,-0.4813219555303353,-0.01830010567489926,-0.15291416939030172,-0.19777975433156325,0.6817773884665496,0.7713471199351627,0.5883040964583419,
-0.22871060296090945,0.9632640585394172,0.1085065250545949,0.14865321097476608,-0.15585452672471034,0.5394304425920539,0.7716334258193902,0.6025324159903321,
0.0368420438294664,0.6351251566040605,-0.6859781556036006,0.2103527255570924,0.07912387110340979,0.5120944381901666,0.7816821108423176,0.609923234320713,
-0.6807778993705705,-0.5032006999942455,-0.20745876752881015,-0.09944615046887237,-0.05053450921377389,0.5364509151624778,0.7962375002106599,0.6018800587758689,
-1.0238824490870724,-0.22768087342453333,0.5819438479697748,0.031149723019467973,-0.23010110861285937,0.5689359576002125,0.7774483653561837,0.6039420288660926,
0.6979876468548599,-0.4896200531773558,-0.21102195585293465,0.20375073415286207,0.2100154899927532,0.5548675955323374,0.7831123307252367,0.6051723451297052,
-0.18470267081147945,0.031468790406066594,0.07006579303773958,0.5711937520303967,0.3328220917152479,0.568781480450814,0.7782789396838723,0.6002968181381233,
-0.6410884026022067,-0.5004074397732093,-0.2967516004926445,-0.2340569738605992,-0.19581176001525047,0.573802319845175,0.7895346102639605,0.6073359178236449,
-0.19865204118866536,0.2229647707025941,0.43023714834747306,0.46097067850672646,-0.10516969021319722,0.5601973481159165,0.7797113423858338,0.6070637855504745,
-0.9980910095713924,-0.2175493392882327,0.5593133764672186,0.07511481323792449,0.19037677510186002,0.5596145281252768,0.7859671048902194,0.6089653524492235,
0.07163963989860109,1.0793512099764815,0.4247732753339797,-0.4228863136137869,-0.40021904829048444,0.5050141037479288,0.7817650510716074,0.5975704967110232,
-1.0724938021281596,-0.43117210808875206,0.30090126621814983,-0.21061582838364362,0.13724171126335583,0.5560219778134764,0.7679792051918842,0.6015104025048408,
-0.6322777488110372,-0.5137275381364861,-0.27309786250974943,0.12182649416296776,0.3116183107845395,0.5050103090175444,0.7756495983674244,0.6093473406665842,
0.9050758445722584,-0.2436818492230305,0.5585876148373488,-0.2997341729856745,-0.11449609756853907,0.5753293825973665,0.7825487581793473,0.606637080981612,
-0.6415875942243188,-0.45838863895064996,-0.24577008293239114,-0.5510767698690242,0.0337557263330831,0.5740032191962762,0.7791815098872241,0.6046030541479559,
-0.6204816295406339,-0.483949539144336,-0.26072542219229944,0.2647544834931675,-0.041748193985838844,0.5457964190394273,0.7758421797702199,0.6053011961163982,
0.02674497107324633,-0.08969533572207875,-0.3246634296686843,0.24236667177791982,0.14700263421760817,0.8224100965126429,0.7124684584754968,0.636998036226809,
-0.3607463569646076,1.119897955523439,0.5973807258104705,0.31551629458483066,-0.28390768262682475,0.5556950554663092,0.7661483030008687,0.5976278169159148,
-0.9450110465512702,-0.2079064508943313,0.6361187381472533,0.3744176237744977,-0.13896159898554117,0.5688828946203373,0.781250469196934,0.6049308559579231,
0.18672579040706286,0.17029857297001702,0.38331954778189603,-0.12923614225977112,0.34390322880577473,0.5415456885538283,0.7754130082073076,0.6094253148216812,
0.00906850348213561,0.6510995502612972,-0.658443401763803,0.14507266087567017,-0.023538045683276998,0.545072763955121,0.7836349586570472,0.6081415344896249,
-0.8843160323710685,-0.48375694317860285,0.008888200606563257,0.16849740121965479,0.23789211409445998,0.5766391970350507,0.7666460730706238,0.5967788901248301,
0.6762957923009667,-0.5065699201478044,-0.199579517614841,0.4307951001500318,-0.5666317136843764,0.5410463336579937,0.7800673000761439,0.610203490847169,
-1.0402808447328755,-0.11183274540596302,0.7727241250132443,0.26435590972507866,0.42055254764878736,0.5771044309801789,0.7738083163911746,0.6001503453768934,
0.7781055737273481,-0.08234419477058169,0.7718986185388922,-0.2574241472861093,-0.06052133223211953,0.5445996875671985,0.7640052795188069,0.6001845946799599,
-0.7900281096764296,-0.4842980223904455,-0.008241215715886152,-0.24691563768405256,-0.036375461204414705,0.6519998229125822,0.8121604737778281,0.5962714126807563,
-0.2945814679052833,1.11067428326013,0.5565889817532118,0.24544272157029717,-0.2381139554131413,0.3200326979268123,0.7489630556249243,0.6029299496010656,
0.6718902597365293,-0.44695691715906816,-0.2259559184371755,-0.05319044622807158,0.32870780964036383,0.5633927103229316,0.7854378967107954,0.6066641178813221,
-0.5919834061402289,-0.47655356285829875,-0.3145878663190024,-0.46471962859846155,-0.0946123825248677,0.6208077716078273,0.7845545616666487,0.5812320136228182,
-0.6055086849420078,-0.48650940634181317,-0.34331198983317474,-0.032014584211631,0.3102899895763721,0.5560182083812946,0.7714664683144608,0.6082160370233044,
0.6702113202813765,-0.4608796543527601,-0.21453364165407005,-0.036286599742645746,0.3150984370480242,0.6596161630216174,0.7958833235536095,0.6229509331355827,
0.7156895527919105,-0.27864678198890835,0.3418306542017787,0.14299739305885467,-0.4924196841816203,0.5556364079082182,0.780929936832687,0.6067543553193535,
0.6900742159282042,-0.49765761746939974,-0.20444562606041325,0.37868914641529455,-0.09730751228654122,0.5620314456657856,0.791517953581294,0.6092923275518752,
0.727770108165569,-0.4579685981009447,-0.14250902418402542,0.351449755797418,0.26248301452936806,0.5687125112260775,0.7778682946970404,0.6036971696947225,
0.8345290285890552,-0.2037500661884613,0.551807594491391,0.0790886691666076,0.15790423273135612,0.5761123303439292,0.7610830827119506,0.6105528227523036,
-0.2730253341633561,0.9576981139563978,0.21605596158664675,0.15450320094497993,0.24781830370718982,0.6195071277685721,0.7881635593700734,0.6073727296447355,
0.6693353679776427,-0.47104201137142887,-0.21523218790750748,-0.00397692510402918,-0.25686377063966914,0.5327782169826835,0.7704756775969762,0.6071764621870666,
0.6796719981211705,-0.44318164798288684,-0.16213251374913257,0.2480883117859326,0.4256119915405562,0.5363854560633468,0.7795398461187263,0.6069218390804597,
0.16327613478633102,0.7102596700863937,-0.3541280048615407,-0.39872751232801795,-0.31371836939396136,0.6094669036264975,0.7854443237512467,0.5991192408574685,
-0.04368286188074293,0.21679961872705425,0.7875393050538858,-0.25658142579882026,0.4235820536218847,0.5186634327131058,0.7769260821404879,0.599846908087175,
-0.14819166635742603,1.112001027275578,0.5590352391808606,0.6313241662334768,0.04528492865077283,0.4952243318112249,0.7526124885286137,0.6309016328156113,
-0.5757354049591618,-0.5028120765897052,-0.3467909097300903,-0.041851725053335564,0.4312942652736008,0.4967504458808202,0.7832940880420277,0.6145037970859254,
0.7951408126547199,-0.33861756956074074,0.17465463957566763,0.015231848263407219,0.05219481207985088,0.5631162642144276,0.7848841868759681,0.6114668424449663,
0.049066658301278966,0.9920640023858691,0.15231047383768037,-0.0451885640959902,-0.1518860838767342,0.5660282138204081,0.7883490166398298,0.5990042708633736,
0.7722358176854737,-0.3507993430800981,0.2219215369301062,0.05500756666814102,0.516498682070094,0.7839954083762349,0.6748266077942612,0.5598379543800381,
0.03558206575933169,0.6401298174930397,-0.6548868628438463,0.13484064191702388,-0.23837862904283735,0.5544509657588829,0.7816920873096975,0.6105168705969596,
-0.6766469469926824,-0.507592122174429,-0.2589954848705859,-0.14392433270664362,-0.2787326126972567,0.557549239789013,0.7800325795030266,0.60665368928439,
0.6668597943426147,-0.47011709238431343,-0.24549363540933794,0.0902470199730337,0.3031010338539618,0.5530696522762059,0.7856673933793057,0.6057487455197132,
0.17949512666212009,0.9758730239904276,0.19029416666402377,-0.1629771882589217,-0.22660009083414445,0.56517038339426,0.7806298461340471,0.6055914363009655,
-0.6122206945578335,-0.4660578335784826,-0.30269759379204153,-0.31188507671824534,-0.2908581795628604,0.5666850500271956,0.783545968276925,0.6013653030115766,
0.8535103669987664,-0.07093465110295008,0.9387961244659361,-0.12232665417054925,-0.10424282553843467,0.5566655704112223,0.7817409657566672,0.6029347011082272,
0.7303730250063177,-0.4398585925822892,-0.03199319073588247,0.31963858021710406,0.07975696668120025,0.3568703593609674,0.8234245324500429,0.6175711009489282,
-0.5805856926221401,-0.5016877852557219,-0.3588551422088887,-0.10914673172472653,0.21760843728607326,0.5642003238169929,0.7744047901751311,0.609591013334432,
0.9044967679945457,-0.007764534664897127,0.9309058950744625,-0.7129604417049236,0.05567549897889301,0.480670275876899,0.7746918620951692,0.6061426905065985,
-0.1540146860866524,1.1212331774480018,0.47435771836534435,0.03283786850190086,-0.08477077775102904,0.5606359430537461,0.7700017695427226,0.6021766571911177,
0.6293028785976681,-0.2514309848410644,0.5061208820469485,-0.16912358951851514,-0.1244745376049009,0.3959598770507356,0.7210606991455636,0.6516293824413958,
-0.5870270634657768,-0.512468436069782,-0.35408097528537225,-0.040668218240157206,0.17740980821254249,0.4014328269476454,0.7781508431756168,0.6261897032367926,
-0.5938235362186574,-0.47653009558961534,-0.3751261241473799,-0.515709230093921,0.04685222931798261,0.550912980507735,0.7755910732314913,0.6080275614880731,
-0.5923743077355921,-0.47850397842142056,-0.33396709249775103,-0.30783685785242887,0.3119452197995628,0.57091421379511,0.7796384693991675,0.6147131380546286,
0.9395730173389422,-0.20635595309021856,0.624936741534693,-0.3099982034762094,-0.05055359428032302,0.6203511390515705,0.7821932256389121,0.603191971875472,
-0.5886576657072524,-0.5035842609318519,-0.3348490072474686,-0.25556090617254146,-0.5111868554551773,0.5242502245215478,0.7829313279537191,0.601207184937997,
0.9060900270513735,-0.22662423374128815,0.6086021201528401,-0.7151244105086643,0.1678676888757039,0.5627920045030801,0.7650095907683492,0.6112875485793543,
-0.2356026109932981,1.0885397435208548,0.5419322725233188,0.2712017143357317,-0.005024418792237584,0.4093024653098398,0.8017064596735768,0.603441854461061,
0.7602436655365916,-0.37468609330297775,0.02498178013865382,-0.26819837055128093,-0.0704860057825425,0.5234596556914632,0.7603636218785955,0.6177357832433843,
0.738737952271798,-0.3977380286628529,-0.032360552942735044,0.17072956854557086,0.09757048581690142,0.5252928266946634,0.7826628477228054,0.6048890509345088,
0.11658304917960094,0.991985457948821,0.22502343766869237,0.04671729895015242,-0.0019083310075692639,0.5489677700899351,0.7797703960864762,0.6073282082972851,
-0.1679701135021893,1.0912978736006087,0.4940411046973604,-0.03880501090546892,-0.35791140518993037,0.6182365255448601,0.7660834580694978,0.5902713028193192,
-0.10017173557209744,0.6937349019076045,-0.4804146548932927,-0.2112173443271585,0.08256051951500976,0.5666337262987465,0.7610869128910038,0.6044213241049726,
-0.6160880206287356,-0.4539224009553192,-0.2031048908346178,0.24103923299388258,-0.1769523353561494,0.5899161997040111,0.7843677561738656,0.603747428555734,
-0.9173144881510278,-0.2298008050301393,0.519805824464389,0.2607102004215796,-0.4332508980237856,0.5551086241572537,0.7793863746742432,0.6065521471044645,
-0.6195960487999572,-0.514286070840323,-0.3739050568824565,-0.10028942540426872,0.005162847245598012,0.4706544012547909,0.7941096442376487,0.6036373528886692,
-0.5830034793180889,-0.4967195544501811,-0.31756427125292713,-0.10034994041557371,0.015063405124544627,0.5473874546213492,0.7786377776688305,0.6113407489803485,
0.023751421436469338,-0.07880276013937051,-0.37860048908571553,-0.11737945177976711,0.2924848943756665,0.5557247808543204,0.7826265146443065,0.6054505884453233,
0.02595961228738959,0.6514856377683241,-0.6611311951618932,0.12267524084900255,0.042500145697259906,0.5560195681596823,0.7796310273612671,0.6076499402628435,
-0.19346324104571058,0.9700967652325827,0.2545376040571974,0.6371565934130001,0.19657740152034398,0.564274352682242,0.7723690883101403,0.6040023427951496,
-0.18700633253020765,0.9436744676060309,0.14139777184203306,0.3459423167153803,0.01666936038883815,0.7578487673450802,0.7602691313613529,0.628146390365152,
0.6691150352524157,-0.48207928867767014,-0.25669101636983305,0.12784358905028628,-0.1536427954839863,0.6789364003187575,0.786401485496644,0.6136252077067799,
0.10396159428990553,0.7258044555999398,-0.46902101571787924,-0.21994348986699463,-0.2555456470870324,0.5748848931783398,0.7839540240627169,0.5983914363009654,
-0.5983106974036968,-0.4889919239833085,-0.38780069841644593,-0.4099207984534833,0.04190976491676468,0.5333855319579545,0.7730989289287296,0.6041585767450802,
0.010974147118115063,0.6719050680233829,-0.5279369070296474,0.3388610382024244,-0.41429388753671864,0.5694509025133765,0.7827243987001904,0.6106221178538568,
0.04739512676337093,0.611518549929338,-0.7025082993409976,0.4209621645323855,-0.11371892347703183,0.5626835384595925,0.7820752484637151,0.603074197668191,
0.011991983696443227,0.6635003381945201,-0.6241984554024489,0.10895489268132941,-0.14077300010487404,0.5580391869157697,0.7798505923754924,0.6088187972919156,
-0.6136810677162022,-0.48604675356201565,-0.35233582075994163,-0.36883143366610577,0.12936927667427545,0.5782034797677625,0.7824643218821193,0.607034551422019,
-0.02025422769111474,0.6934770607279825,-0.5626053221654276,0.009924511832122535,-0.041290837090843024,0.5674214490810429,0.7866649635137143,0.6056302028316786,
-0.8834487060599057,-0.28376061334855507,0.426525331031416,0.403235507072029,-0.3606942082169442,0.5426518524608828,0.7852548294727681,0.6071843749570853,
0.02252356987897388,0.8530466630067312,-0.10214851294904564,0.3638695013444538,0.17728994821701083,0.4087215553334936,0.801484768909977,0.6021579532814239,
0.9351009783220077,-0.3611238251634662,0.32116770493169333,-0.27658537337046696,0.2652976670252748,0.5778994902412184,0.7653608564893192,0.6119963196418517,
0.6708699523465973,-0.49470029353340406,-0.23821213372069566,0.248295529211148,-0.41673076999564856,0.5430920411854738,0.7721667016489686,0.6027355223224707,
0.06233206453139784,0.8818170355376019,-0.042473877005044014,-0.3011143294561596,-0.38859942394010927,0.5120533286110023,0.7770098481563816,0.6089105041266702,
0.677907068433599,-0.5103259866888681,-0.2621236009086396,0.44799659334758574,-0.31372252454974203,0.5448021048104533,0.779809253252971,0.6056018681937406,
0.6775122688776465,-0.4154500447659961,-0.14472078218130352,-0.2501329754733229,0.018023799313757194,0.5719165285806445,0.7725330199736177,0.6088119858828053,
-0.005076422741441926,0.6919381575327382,-0.6118652476923289,0.05699877925287469,0.32945204875932854,0.5395447904676374,0.7906642066703334,0.6111754624479875,
0.0032650221663652543,0.6879561313694811,-0.6019764262634932,0.23508187794743035,0.3431237909815711,0.5217792225862353,0.785374817491968,0.6065010175915626,
-0.6688151362592252,-0.499253218059165,-0.26370917360623203,-0.24655728711568503,-0.23540370069182925,0.5815588752419142,0.7830774837562106,0.6066500638569604,
-0.9745786535690726,-0.41899877238350225,0.206826751089228,-0.3462368132780143,0.17253848097313795,0.5005059640512542,0.7676523760132739,0.6255579725071754,
0.7378099889106665,-0.4477221828518976,-0.12076985883396915,0.2769430100118359,0.42077566910376063,0.5492766611432258,0.7610108838367976,0.6064032189401117,
0.6912455498116014,-0.4650342004667707,-0.21522755735642865,0.08435401771712431,0.13613043367856903,0.5554605158303503,0.7883985408549878,0.6056396844230214,
0.04834518434245868,0.6251803785211517,-0.6771672495164591,0.32855642753149494,0.07458258328006728,0.5330121937336353,0.7753510742120172,0.5998516321289773,
-0.915138405509358,-0.42491355301890255,0.16212077288325233,0.325620566408659,-0.11990243300510772,0.5356510808657046,0.7823422540756935,0.6071942734725827,
0.0594362123457124,1.1597922393387319,0.5589429121969504,-0.3799620021543751,-0.33204360551578527,0.5566474695472887,0.7665505101032463,0.595925321688021,
-0.6833833533758451,-0.4695200165767315,-0.25337082051957394,-0.48665391464234903,-0.1264189935364185,0.5472835738770762,0.7806511687408363,0.6049443057443799,
-0.8147512732138913,-0.17946191273100479,0.5778123158870613,0.10926478163380104,-0.23910092172590547,0.5887039414599593,0.7820228205898169,0.610919100784136,
0.6616629541622515,-0.46519706529333105,-0.27257939299231154,-0.012330076487739955,0.11130410267299906,0.5649400116371732,0.7750804720619079,0.6039699199384776,
0.008134021183769942,0.6865285527730133,-0.5900676614873822,0.13031279653831424,0.12432161798420605,0.4650325081902931,0.7931903246612972,0.5967667779013719,
0.026171755897405963,-0.08290262905755162,-0.4079734218435299,-0.10806459836835078,0.4141208394069157,0.5805097587816387,0.7874362466696593,0.6066934124335681,
0.7206951961258691,-0.38862711993782295,-0.07592940076925603,-0.18385638465716275,0.0439783946500959,0.7517069962179188,0.8138123533998967,0.6326858924181875,
0.1742860787218395,0.8516540977584772,-0.11250926915567327,-0.3143288523710616,0.3049256317825867,0.565734027347357,0.7796107082613898,0.6099796481687472,
-1.1047162392254735,-0.3874638847955776,0.340578413788584,-0.22937076567798334,0.3061221347045878,0.5450390224774531,0.7767553327582958,0.605610012771392,
-0.6228310620780133,-0.5025927452441784,-0.3222934750611451,-0.13391165004095343,0.01979624601349772,0.6145391932403204,0.77255117502233,0.6136134525329927,
0.6926466056791052,-0.4188764664762201,-0.12047092567888529,-0.20995947356718744,0.05018332821962579,0.5731248972260522,0.7833890726523683,0.6003482882214807,
0.04615043011463906,0.6955998481192815,-0.5904777748942533,-0.2774233560581186,-0.28139779404668486,0.5032732711840824,0.7764571916207939,0.605950472541507,
-0.6484559859785907,-0.5252315305003216,-0.3326043045938526,0.005894772653372654,-0.20655431879537078,0.559733562492885,0.77449181184322,0.6076433266043203,
0.6716610571064002,-0.4830281550850245,-0.2093135670263095,0.33583711641928565,0.1712063110956542,0.5467129729182743,0.7768185690144642,0.6018857990359658,
-0.12427095932405091,0.903401813516824,-0.07841263826203637,0.14310122998829922,-0.3571463950429331,0.5874168954045815,0.7749808491047339,0.5837293288839451,
-0.9709118233763894,-0.3144583318977111,0.5415492200365893,-0.22577342197689254,0.05753994426058828,0.5471929430663952,0.7622042144226158,0.6146279405100317,
-0.9852486106208056,-0.21463853574763006,0.6876845408692628,0.5626481544056523,-0.004742787487172606,0.5215414194821458,0.7849716566750062,0.6094150977080157,
-0.29990837413512944,0.9866783203583696,0.26706980712502093,0.3697242812560961,0.07169174281192647,0.4850686846199578,0.7634904651522649,0.5854213323445804,
0.7615295942015617,-0.24549965133685206,0.43525202565036847,-0.09060345744592449,-0.5238736496734921,0.4943720986123936,0.775544689763157,0.607662439747868,
0.8074621639468477,-0.2457911703926077,0.5349180892807929,0.38949291415967535,-0.2733722781407716,0.5669844542545253,0.7774626519240521,0.6055111660418298,
0.03464117401167998,0.7187252574245722,-0.5985194255197019,-0.2700653957702149,0.1856237060418634,0.5598630956145566,0.7790707411090053,0.601589804858622,
-0.9373244185452614,-0.4470512292472777,0.12353450463300575,-0.11240414621773001,0.07814657791369506,0.5031730270564277,0.7808970662360524,0.5936736016698938,
-0.07225467968446245,1.0972067976962343,0.4885949743804694,0.29157260023676046,0.035315161395847894,0.5358510315342095,0.7814895428451489,0.6071145223087381,
-0.34696309072626286,0.9312718593783249,0.22092126338600504,0.6443088734964895,0.3650773137195912,0.475979989121773,0.7788266476281233,0.6109080047789726,
0.9846626340985223,-0.20993699893323975,0.6876826147988621,-0.18775605968806525,-0.05743281796769917,0.5464765928380789,0.76974748395538,0.5956866751809281,
0.9085960918448824,-0.06164956203914748,0.8398132160912931,-0.24168554400052397,0.3616706148908636,0.7135968351948595,0.7220523325024398,0.6418102418324888,
0.712028557379153,-0.4759743324946867,-0.14289646223515606,0.485014144666917,-0.2596548498113076,0.5687679142896898,0.7776810870354567,0.6045019816256746,
-0.588026047613607,-0.5039151900891364,-0.32656617923204223,-0.09116804877743362,-0.42350870522488726,0.566245240775643,0.7854458979548375,0.6088795232013623,
-0.9711922183626657,-0.30226199091313355,0.4456923668924284,0.042157677239564956,-0.34463489121122215,0.3371874090845845,0.7472837136190442,0.6170255290514838,
-0.6113786742785988,-0.4832217303829158,-0.2895509076186598,-0.2779486815176008,0.34974187492609177,0.5298613342272033,0.7715095961305999,0.6218602013210838,
0.05317770396704289,1.074564941162185,0.41997619509955497,-0.0440816111382375,-0.16429374524215323,0.4989924990829402,0.7828245080901042,0.6092398961809418,
-0.5751727011670926,-0.5098495185126755,-0.4153843014979778,-0.18334853000247953,-0.03746226170409661,0.5603021490823078,0.7828438887961134,0.6071288262678697,
0.1202245327101184,0.7093880885034262,-0.4504412063458392,0.06229335498605036,-0.4125221530046483,0.555184076046397,0.7842695542131203,0.6059246202227441,
0.6797238738118196,-0.49803458892897967,-0.2637548312760388,0.38259808849819216,0.19290865963368875,0.513778982253311,0.7835354544354239,0.6052993394581084,
0.9134700766582642,-0.14600780870806834,0.7750945867893123,0.06531505010179549,0.004733828145974672,0.5691408414182173,0.7799234845130539,0.6122160150510169,
-0.9291645281502544,-0.37248043324279634,0.2537862370606099,0.15858078742355505,0.20471221633184633,0.5162490355060274,0.7793740108562595,0.6081510457435559,
-0.6122851466959158,-0.472774543151401,-0.3564663821609243,-0.6180672154762465,-0.015311518639993915,0.5506048484005213,0.7708061071438967,0.6048045098119996,
0.30710122096359727,1.0638629705993268,0.41590886467485166,-0.3485887930351593,0.33835692869603895,0.6744877113981053,0.7292599634447711,0.5993160576223239,
-1.0915817552165048,-0.4358125293922478,0.30146565280952353,-0.05674992039354279,0.3712391439946795,0.5641575698546619,0.7719632425376621,0.5987214600585012,
-0.5694318776084142,-0.5214316184259172,-0.3193591013067519,0.1320177042401437,-0.052655043712225846,0.4233132423441315,0.7972261077260839,0.622353808758703,
0.700214734659307,-0.4416391077465154,-0.14539082797455707,0.07165000538870792,0.3037371865794155,0.5399038352075086,0.7813988633560641,0.6042181326302202,
0.9220525019423765,-0.20849623175505053,0.6603231137192632,-0.19135251287130678,-0.3193809370340759,0.5406036467358994,0.7577908523067636,0.6020789629080322,
0.7034930852241096,-0.5008582948274093,-0.1765164166336189,0.4938319168396082,0.011960007677095708,0.6242208153610687,0.78611399225691,0.6053447589228086,
-0.5922929725237323,-0.4868351293879368,-0.3392934030388428,-0.3021327182005351,0.23321147450880242,0.5610074945925093,0.7847429490233809,0.6154949944382647,
-0.18795896241962057,1.0532466022263096,0.4007608657342735,0.334984203368833,-0.1022427312891393,0.5645296431688529,0.7952102461885888,0.6120411156428954,
0.5478690538564346,-0.12119119467991679,1.3783467041667365,0.08201815100327675,0.6564030269658349,0.5848019783194405,0.7766231915809599,0.5896258394100441,
0.04080821113954812,-0.11435428782321067,-0.39321974173362867,0.2669051661126031,0.21878129689264914,0.5583728715641879,0.7645765890263838,0.0870349771350884,
0.9717953540776334,-0.24941251800531236,0.5535002985650771,-0.2747103256586958,0.10789298234386158,0.5279867374173066,0.7858625793038573,0.604972792815062,
0.9226884782378112,-0.3267123680869583,0.3710830175026424,-0.1999308589323873,0.15497355844075666,0.5683773100421216,0.7647815036057305,0.6148541177439953,
-0.6381875721427228,-0.4144818381356681,-0.1802327700278865,0.05738183125393104,0.4098955989080314,0.5576272120115866,0.7799748204029041,0.6120939040635,
-0.6803709808041833,-0.49169860029358625,-0.2620523822261145,-0.24950260638149846,-0.14654952240467878,0.5114094893557813,0.7830807355782268,0.6045990387124239,
0.006463390450099636,0.692997842764278,-0.6331832825729976,-0.3716410094466291,0.16979150707405977,0.5758984340412614,0.769778010482434,0.6084313764264822,
0.6682226108375269,-0.4573188355112594,-0.22580469057045047,0.0560375040752607,0.2185318330825169,0.5534838470976637,0.786847203433066,0.6024789134703855,
0.5844721647167168,-0.3357774437243267,0.1320072616944492,0.2193937025055842,0.028998071093278344,0.5444626345548149,0.7817831777769947,0.6086459303203834,
-0.17392874582956086,1.1432629995296313,0.5138120081002773,0.17902495869643076,0.12681791207026116,0.5395339754860418,0.7853980015657772,0.6034337357008474,
0.07399167498662261,1.0654813069697815,0.3569358816679369,-0.010926657201390425,0.41980489577838653,0.5583754609522245,1.0,0.0,
0.037424932136208316,0.7272720957019556,-0.5423609691681652,-0.41147332775354295,0.07336970579827695,0.8147633985605324,0.7634461882824098,0.5793804638899188,
0.02580993874081719,0.683464198134484,-0.6368577716869195,0.13017781479687146,0.3526436287621494,0.5706611685239764,0.7722010583550759,0.6147779013718947,
-0.01599751542371383,0.7192988378072632,-0.5500696976157464,-0.06784939139990334,0.34310770747582364,0.5591786053100928,0.7869360635871006,0.606665930595037,
0.8387973170058175,-0.23457365464432683,0.5932378663587868,0.00396814117393797,-0.42577286947987336,0.8120960193278268,0.8063946754382874,0.6178654197393537,
-0.6197105114368544,-0.44717256913740877,-0.24871103929237426,-0.46466907506830113,-0.23872365472844004,0.4889171736848097,0.777170907185569,0.6136468504099205,
0.7275185942815157,-0.4529699068091143,-0.1837424270560527,0.25997805367435567,0.5637163054840074,0.5911595431144618,0.7794405372362346,0.5993597275436355,
0.06890673361248757,-0.06990437090925408,-0.40711081447270975,-0.29019753677939236,0.38535550622361747,0.5332079069532111,0.7768882016696517,0.6014236943654815,
-0.9801950187839692,-0.13743868085757344,0.7613557204197058,0.0716359476064791,-0.3651360448201548,0.6277518119837586,0.7851166251219912,0.6043533061426276,
0.11146165961833102,0.8058373992064556,-0.12880151198604103,-0.18876282778789022,-0.1014056117297023,0.5635640740225407,0.7769261204422784,0.600214202337302,
-0.007104147777946046,1.0892855818231246,0.395937161037175,0.2867968165331843,-0.023472755214083985,0.5401599162629496,0.7693886344798846,0.620670786470564,
0.7092609161244079,-0.19004115200454308,0.48495638322550394,0.09538913412591216,-0.24302434684874807,0.5420670845086457,0.7774618858882415,0.587221466924841,
0.7094135438009607,-0.4773252741094657,-0.15501304227253215,0.3316623576736128,-0.5029825763442248,0.5029405998203829,0.7773896487112979,0.6103166481275492,
-0.255759813672966,1.1119182087460444,0.4885018226229554,0.3924725794065425,-0.13026084173086816,0.5665910672046752,0.7862913678488641,0.6058617581675112,
-0.9095935060040395,-0.21906716740062782,0.6183902600641521,0.5945000282445518,-0.2259692532077101,0.4792981646154041,0.7830763002308831,0.6080364547714195,
0.7257241926732017,-0.2656475573842769,0.3782714609095177,0.00079019693825777,-0.6879331562293693,0.4936985339691615,0.7832296452794575,0.6097732185281314,
0.30379185295345273,0.13631302797801356,0.4577424298401914,-0.10691257886328784,0.06263543674794447,0.5720093413612963,0.7583785166788977,0.6006287095400925,
0.6868639854524179,-0.5030241534198412,-0.26226431030795305,0.3924528401148925,0.20895342951884144,0.577256821027866,0.7782023246122709,0.6016931020750079,
0.8131573101234799,-0.3721894949610547,0.14520793116809977,0.05315347902495002,0.4447064421083745,0.5456071252387519,0.7832521973737228,0.6052081544651808,
0.6694505500766735,-0.48615814715050276,-0.25985199924837266,0.31283938340031686,0.24369780286641685,0.5466349279633683,0.778375590422101,0.6061483198066439,
0.04058299394304,0.6253636121191328,-0.6856109390869471,0.25165357317857623,-0.2087548147130417,0.5568895385607854,0.7850207748911846,0.6044996250978454,
-0.10856017632461559,0.9300123075102111,0.19656346014437176,0.5661287652407854,0.017624489653241593,0.5082639740946406,0.7576639584747308,0.6274469025941032,
-0.7098260593783318,-0.16494903780590653,0.8769172003623792,-0.12710509658144595,-0.37899826077656473,0.5476862896391212,0.7781102547681898,0.6069873961466101,
0.656311079425393,-0.45972774030449404,-0.25473235729232657,-0.027429938916401796,0.25535336688129806,0.5564115479970149,0.7810198004936334,0.6017245499114242,
0.8923714095179959,-0.10848749724884743,0.7514689866210383,-0.20186562810806796,0.05327513386009286,0.5517503826353138,0.7820924229865898,0.6049281973111413,
0.00018941717181149287,-0.04838942471802218,-0.2719888790329069,0.18608477570661447,-0.0145636327227191,0.5535710310282456,0.7819370038960581,0.6055425095098806,
-0.8250206924915274,-0.24858712948342132,0.9587331596888121,-0.4225804492440181,0.5987438821539312,0.5565293111299443,0.0,0.446616130405526,
-0.6421835958388523,-0.4691879656436001,-0.31983591318754273,-0.4932519278396652,-0.003994898703424288,0.5433078348533338,0.7766270983635942,0.6086178387508755,
0.03139613016050607,0.617998466570703,-0.7331388110537397,0.14654227596714475,-0.7733126898125668,0.5631633504939475,0.7709560586538299,0.5992433842815749,
0.7111325600103272,-0.4645371409484784,-0.18207095334920698,0.2007730501848013,-0.40487433001854645,0.514900641309435,0.7802602798175609,0.6057157340803911,
0.046614622058479264,0.6927105203462124,-0.5842813109471502,-0.15854335286428842,-0.516484018684024,0.6484798942535134,0.771658321983236,0.6069160219173567,
0.7020680930963644,-0.4595065184096131,-0.1447792106451059,0.2741157177971063,0.18522849782934825,0.5390832247618808,0.7890622342813282,0.6076047899586646,
0.906494199494273,-0.3192680590777732,0.3864391609461354,-0.21272421858576557,0.13190956294818978,0.5499255600389593,0.7747418842336041,0.6068973839245252,
-0.01738381933854201,-0.07181684129542838,-0.29537080676406946,0.2908132650711023,0.09426446908946418,0.5269595671477543,0.7809723713864175,0.611013966135212,
0.769668721547077,-0.3552477774748647,0.03863269201005004,-0.37662283320259826,0.08357565122119881,0.6079724123101055,0.7837124240283985,0.600626484845988,
-0.9978495106483436,-0.20581920715760113,0.6036488939604289,0.012063773774993902,-0.21807271801224692,0.5595156311269085,0.7662313795845328,0.6078410826844642,
0.01675686233367722,0.6529501492034797,-0.6488304967033252,0.2290500220951051,-0.008247030981910042,0.5489871548376488,0.7775039029524552,0.6053013773877697,
-0.5883011912824222,-0.4898756839581996,-0.37695975647176777,-0.4119728209239582,-0.22919523771325767,0.5724274574041515,0.7809350692726184,0.6075995028769964,
-0.29970280570148805,0.40027984436794917,0.8649473024467492,0.2788364417168229,0.07236235633128596,0.5333680129526798,0.7633111744707841,0.6122942363943477,
0.6629010176437417,-0.47063380448766856,-0.23088011852576745,0.052079643834906264,-0.16997427098132,0.5436313988641108,0.7809798019337808,0.597471429159972,
0.7534224069075925,-0.3668242916068746,0.08982255347138401,-0.044551052156190984,-0.14304741904161644,0.494720581352695,0.7797813159269569,0.5980859665746577,
0.682714378770964,-0.496381748804148,-0.242130461106982,0.30819065766226444,-0.02656584846726573,0.5894300314962623,0.7777862254504673,0.6075008363201911,
0.7149177423749717,-0.47801089254254037,-0.14401694207189453,0.40273460942447786,0.05503803507303895,0.5839616352758137,0.7743671012132475,0.6000684711407737,
-0.9740897624270086,-0.3411040089641506,0.3752541427725452,0.5129381216582429,0.028224177669672113,0.5527731889649241,0.7785830329196229,0.6058164709759816,
0.7099379818444141,-0.15442642447193458,0.5297964913473713,-0.12115992442495402,0.12522844398492528,0.5131360916806862,0.7495381570097639,0.5901126079731938,
0.6730517750235305,-0.46950531153223996,-0.1543550276750103,0.15209115284936656,-0.4683741403856407,0.5470859949150614,0.7851588834874852,0.59743539460855,
-0.6086237637778525,-0.4811569034090426,-0.31331604500922344,-0.2040667097756363,-0.16154446041416515,0.539138153484195,0.7783675661969846,0.606503651519521,
-0.5923151294686964,-0.5081653656284114,-0.37436158068857317,-0.10863367061589324,0.3443171024245605,1.0,0.7728485501240212,0.5641450720279048,
0.05594878245510997,-0.141942999163741,-0.3970908636265123,0.33248802967880453,-0.3857024937971149,0.5724274574041515,0.6732332533081257,0.4926889960037902,
0.7307461492358267,-0.4384961279222128,-0.10177515783937552,0.05368584839207159,-0.07058891421919089,0.5518900919589664,0.7701247948939116,0.6065405347505459,
0.04832488785565224,-0.09106808679413371,-0.4228542820721004,-0.150320498378844,0.3716897703155385,0.5478152156039314,0.7863182557058177,0.6022225243411747,
-0.9241350922151783,-0.2756424688293775,0.7337200416214137,0.1758707354862758,0.43051807645165774,0.535958390781335,0.7997126982692186,0.6133003749021546,
0.23454805023999328,1.1131185224262437,0.5306106638730411,-0.3933029420654304,0.06630276585638128,0.5666483676334797,0.786372261230468,0.6036606874579437,
-0.4205714623906393,0.8266110220673777,0.07839073590896795,0.5725451968621571,0.5517655248455918,0.4914337123847351,0.7784160217921867,0.6101104931405265,
-0.6408640256223777,-0.42996893613477694,-0.2318135902197616,-0.26596767866934706,-0.5790910058913504,0.4667493074617049,0.7831993523933256,0.6123254095771707,
0.7275009740589581,-0.38260982242472263,-0.030768851304377898,-0.22292664440160573,-0.22606661616724943,0.5323403367190762,0.7738255521969141,0.6117539103805325,
0.7050030326538268,-0.5004644672984639,-0.20081239445381352,0.5300031863744574,-0.03407598310122717,0.9859911203309006,0.7289152473299821,0.5807249756244937,
0.789393342318901,-0.49704447986660627,-0.03038029976115547,0.17956132455265544,0.04059781854393807,0.5315039465195999,0.7642814354285434,0.6040575124624068,
0.9418406482538203,-0.15389988141115793,0.7240971109190989,-0.39224358418919336,-0.11078422745552374,0.5574336396524028,0.786021570036356,0.6057916285584806,
0.9674475574926262,-0.22154032403401078,0.6298961495016465,-0.4394397651024054,-0.0018375658076253965,0.5730326852777111,0.7769256225190014,0.60612865048957,
0.9010836120664336,-0.07602094912286742,0.8550919845296175,-0.5174296367645289,-0.27608643635466545,0.4625542330217438,0.7545422476409926,0.6353753827984454,
0.01716499866353171,0.6764864207998594,-0.648305242855469,-0.14207912601278266,-0.54889363242773,0.7125197642207522,0.7791033435931063,0.5904482895947486,
0.1292009836003529,1.0124209295083866,0.3138965790201438,-0.05994035835321482,-0.004134898529465358,0.5505999468737747,0.7831631380503775,0.6134856836814567,
0.0747778422731617,0.9979921876266806,0.18307122218689376,-0.46865776908690787,-0.24665196920582366,0.544717007981583,0.7760742503190539,0.6014382235405594,
0.4338943934566028,-0.28697123463833396,0.33060607926815355,0.6941875795144834,0.28820830150677634,0.7212040047054658,0.815338679752601,0.5801675936225436,
0.20030233433220074,1.146528253200855,0.5112287601036972,-0.7158794914737663,-0.09094365576622088,0.6125020554789583,0.7760208959248427,0.6037040854721982,
0.6669867059531994,-0.3828756323117716,-0.058269133378417326,-0.22524037176646977,0.01832428435168776,0.5740029345914973,0.7739885263156282,0.5922090937804694,
-0.5935728837970187,-0.48887632776754486,-0.3615913903775002,-0.4344864852470817,-0.3451518704929095,0.5274618629596368,0.7735033958367485,0.6033455361924772,
-0.5728053850557889,-0.5185895305728392,-0.35574106903605385,-0.06807861255086187,-0.3277590351852422,0.5377622474923157,0.7840022881489663,0.6010708194289952,
0.6878701698100411,-0.4975134293524759,-0.20981551587016883,0.46811466579339994,-0.22559695237180555,0.5970802711967316,0.7781086460929875,0.605420703387852,
0.07512680684235334,-0.09379172635043555,-0.41956009378209064,0.05155786796029056,0.5474663838986068,0.5576160871270097,0.7813905308015339,0.6019698430354715,
0.01055100866598492,0.6906599253185357,-0.6492648807812655,-0.36968655385493443,0.2025366752549166,0.5792251160555043,0.7722886928518135,0.5792017467968524,
-0.8733708099670883,-0.3210960723074737,0.21454962713235004,0.10474822213408341,-0.40699842156026855,0.3907563530111186,0.7935464164078742,0.5964245869896593,
-1.012500593105458,-0.27837713095132544,0.576598244006903,0.20375709332758427,0.27542537379664733,0.5443980608927736,0.7695043824908726,0.5930524451036131,
-0.6003678676947362,-0.5036307714566922,-0.355214501960657,-0.13877804854391246,0.23614679135027405,0.5488723958662738,0.7687390361124602,0.6103702605089331,
0.6670212288800239,-0.4794578995980696,-0.24150098565548955,0.23254686743803482,0.2451011759096401,0.5685479147956538,0.7797069415101017,0.6065758140045867,
-0.62402381299361,-0.4892907215776895,-0.32186927302139434,-0.2559701499612536,-0.01260610537137652,0.5829890458782904,0.7837116426718715,0.6046590752413519,
-0.8420971815497053,-0.339178510453803,0.42596921052236403,-0.24401187624071077,0.06533159252677945,0.5405323058046726,0.7647465723727652,0.5978852771941389,
