1, 0.0001, 0, 1, 82, 4.34106
1, 0.0001, 0, 2, 38, 4.36201
1, 0.0001, 0, 3, 17, 4.38746
1, 0.0001, 0, 4, 31, 4.40878
1, 0.0001, 0.1, 1, 12, 4.42702
1, 0.0001, 0.1, 2, 99, 4.48555
1, 0.0001, 0.1, 3, 39, 4.4357
1, 0.0001, 0.1, 4, 47, 4.4563
1, 0.0001, 0.2, 1, 68, 4.43383
1, 0.0001, 0.2, 2, 42, 4.41812
1, 0.0001, 0.2, 3, 259, 4.50879
1, 0.0001, 0.2, 4, 89, 4.40058
1, 0.0001, 0.3, 1, 36, 4.40799
1, 0.0001, 0.3, 2, 118, 4.3589
1, 0.0001, 0.3, 3, 116, 4.37067
1, 0.0001, 0.3, 4, 126, 4.43223
1, 0.0001, 0.4, 1, 93, 4.43556
1, 0.0001, 0.4, 2, 90, 4.41333
1, 0.0001, 0.4, 3, 83, 4.42554
1, 0.0001, 0.4, 4, 113, 4.46081
1, 0.0001, 0.5, 1, 123, 4.40177
1, 0.0001, 0.5, 2, 71, 4.4386
1, 0.0001, 0.5, 3, 101, 4.42878
1, 0.0001, 0.5, 4, 452, 4.3689
1, 0.0001, 0.6, 1, 176, 4.39576
1, 0.0001, 0.6, 2, 212, 4.42457
1, 0.0001, 0.6, 3, 136, 4.44296
1, 0.0001, 0.6, 4, 270, 4.45171
1, 0.0005, 0, 1, 3, 4.44409
1, 0.0005, 0, 2, 4, 4.39632
1, 0.0005, 0, 3, 4, 4.37428
1, 0.0005, 0, 4, 5, 4.46873
1, 0.0005, 0.1, 1, 42, 4.36953
1, 0.0005, 0.1, 2, 9, 4.3765
1, 0.0005, 0.1, 3, 36, 4.55839
1, 0.0005, 0.1, 4, 13, 4.41574
1, 0.0005, 0.2, 1, 19, 4.46086
1, 0.0005, 0.2, 2, 11, 4.38705
1, 0.0005, 0.2, 3, 25, 4.34764
1, 0.0005, 0.2, 4, 283, 4.73088
1, 0.0005, 0.3, 1, 36, 4.36771
1, 0.0005, 0.3, 2, 21, 4.40979
1, 0.0005, 0.3, 3, 23, 4.38092
1, 0.0005, 0.3, 4, 37, 4.42139
1, 0.0005, 0.4, 1, 30, 4.46322
1, 0.0005, 0.4, 2, 37, 4.42866
1, 0.0005, 0.4, 3, 32, 4.41519
1, 0.0005, 0.4, 4, 177, 4.47901
1, 0.0005, 0.5, 1, 77, 4.40028
1, 0.0005, 0.5, 2, 18, 4.42365
1, 0.0005, 0.5, 3, 44, 4.4261
1, 0.0005, 0.5, 4, 54, 4.44576
1, 0.0005, 0.6, 1, 176, 4.40604
1, 0.0005, 0.6, 2, 84, 4.44625
1, 0.0005, 0.6, 3, 76, 4.43686
1, 0.0005, 0.6, 4, 144, 4.41259
1, 0.001, 0, 1, 11, 4.4686
1, 0.001, 0, 2, 2, 4.44165
1, 0.001, 0, 3, 15, 5.08937
1, 0.001, 0, 4, 12, 4.32864
1, 0.001, 0.1, 1, 6, 4.38787
1, 0.001, 0.1, 2, 103, 4.63617
1, 0.001, 0.1, 3, 5, 4.38275
1, 0.001, 0.1, 4, 16, 4.39267
1, 0.001, 0.2, 1, 20, 4.47665
1, 0.001, 0.2, 2, 43, 4.49296
1, 0.001, 0.2, 3, 64, 4.64115
1, 0.001, 0.2, 4, 16, 4.45278
1, 0.001, 0.3, 1, 5, 4.47729
1, 0.001, 0.3, 2, 10, 4.38827
1, 0.001, 0.3, 3, 51, 4.66028
1, 0.001, 0.3, 4, 12, 4.39955
1, 0.001, 0.4, 1, 26, 4.39961
1, 0.001, 0.4, 2, 5, 4.39725
1, 0.001, 0.4, 3, 74, 4.46129
1, 0.001, 0.4, 4, 1, 4.48399
1, 0.001, 0.5, 1, 61, 4.45757
1, 0.001, 0.5, 2, 39, 4.39053
1, 0.001, 0.5, 3, 15, 4.42272
1, 0.001, 0.5, 4, 133, 4.4278
1, 0.001, 0.6, 1, 74, 4.42076
1, 0.001, 0.6, 2, 26, 4.44205
1, 0.001, 0.6, 3, 88, 4.40761
1, 0.001, 0.6, 4, 223, 4.42042
1, 0.005, 0, 1, 4, 4.35621
1, 0.005, 0, 2, 75, 4.52387
1, 0.005, 0, 3, 190, 4.57432
1, 0.005, 0, 4, 21, 4.67845
1, 0.005, 0.1, 1, 10, 4.31601
1, 0.005, 0.1, 2, 10, 4.49289
1, 0.005, 0.1, 3, 22, 4.48178
1, 0.005, 0.1, 4, 8, 4.40912
1, 0.005, 0.2, 1, 11, 4.47016
1, 0.005, 0.2, 2, 30, 4.65314
1, 0.005, 0.2, 3, 1, 4.48551
1, 0.005, 0.2, 4, 49, 4.48134
1, 0.005, 0.3, 1, 4, 4.41558
1, 0.005, 0.3, 2, 3, 4.46094
1, 0.005, 0.3, 3, 1, 4.46196
1, 0.005, 0.3, 4, 11, 4.46031
1, 0.005, 0.4, 1, 10, 4.45559
1, 0.005, 0.4, 2, 0, 4.45013
1, 0.005, 0.4, 3, 125, 4.47974
1, 0.005, 0.4, 4, 129, 4.46965
1, 0.005, 0.5, 1, 13, 4.37313
1, 0.005, 0.5, 2, 6, 4.49172
1, 0.005, 0.5, 3, 0, 4.46939
1, 0.005, 0.5, 4, 206, 4.47365
1, 0.005, 0.6, 1, 15, 4.43202
1, 0.005, 0.6, 2, 98, 4.47979
1, 0.005, 0.6, 3, 88, 4.4741
1, 0.005, 0.6, 4, 0, 4.46694
1, 0.01, 0, 1, 5, 4.39366
1, 0.01, 0, 2, 3, 4.47798
1, 0.01, 0, 3, 3, 4.45522
1, 0.01, 0, 4, 112, 4.4836
1, 0.01, 0.1, 1, 19, 4.62227
1, 0.01, 0.1, 2, 10, 4.46897
1, 0.01, 0.1, 3, 96, 4.47499
1, 0.01, 0.1, 4, 134, 4.4728
1, 0.01, 0.2, 1, 2, 4.48181
1, 0.01, 0.2, 2, 154, 4.47233
1, 0.01, 0.2, 3, 67, 4.47909
1, 0.01, 0.2, 4, 27, 4.47731
1, 0.01, 0.3, 1, 3, 4.45187
1, 0.01, 0.3, 2, 190, 4.47589
1, 0.01, 0.3, 3, 160, 4.47522
1, 0.01, 0.3, 4, 113, 4.46998
1, 0.01, 0.4, 1, 6, 4.41206
1, 0.01, 0.4, 2, 7, 4.48234
1, 0.01, 0.4, 3, 67, 4.47078
1, 0.01, 0.4, 4, 209, 4.47743
1, 0.01, 0.5, 1, 15, 4.48546
1, 0.01, 0.5, 2, 153, 4.47315
1, 0.01, 0.5, 3, 6, 4.46942
1, 0.01, 0.5, 4, 53, 4.46441
1, 0.01, 0.6, 1, 6, 4.46018
1, 0.01, 0.6, 2, 25, 4.48155
1, 0.01, 0.6, 3, 58, 4.4715
1, 0.01, 0.6, 4, 12, 4.46415
1, 0.05, 0, 1, 134, 4.49774
1, 0.05, 0, 2, 179, 4.47402
1, 0.05, 0, 3, 13, 4.47756
1, 0.05, 0, 4, 90, 4.48827
1, 0.05, 0.1, 1, 40, 4.49977
1, 0.05, 0.1, 2, 123, 4.4713
1, 0.05, 0.1, 3, 139, 4.47433
1, 0.05, 0.1, 4, 6, 4.47371
1, 0.05, 0.2, 1, 114, 4.55247
1, 0.05, 0.2, 2, 37, 4.47875
1, 0.05, 0.2, 3, 18, 4.48457
1, 0.05, 0.2, 4, 134, 4.4814
1, 0.05, 0.3, 1, 13, 4.49497
1, 0.05, 0.3, 2, 65, 4.48
1, 0.05, 0.3, 3, 1, 4.48112
1, 0.05, 0.3, 4, 29, 4.47872
1, 0.05, 0.4, 1, 43, 4.48004
1, 0.05, 0.4, 2, 5, 4.47955
1, 0.05, 0.4, 3, 25, 4.48195
1, 0.05, 0.4, 4, 55, 4.4728
1, 0.05, 0.5, 1, 26, 4.50802
1, 0.05, 0.5, 2, 8, 4.47151
1, 0.05, 0.5, 3, 34, 4.47567
1, 0.05, 0.5, 4, 35, 4.47142
1, 0.05, 0.6, 1, 30, 4.48747
1, 0.05, 0.6, 2, 88, 4.47443
1, 0.05, 0.6, 3, 141, 4.47349
1, 0.05, 0.6, 4, 207, 4.47301
2, 0.0001, 0, 1, 113, 4.36464
2, 0.0001, 0, 2, 48, 4.38882
2, 0.0001, 0, 3, 20, 4.40771
2, 0.0001, 0, 4, 94, 4.45274
2, 0.0001, 0.1, 1, 84, 4.41384
2, 0.0001, 0.1, 2, 56, 4.40255
2, 0.0001, 0.1, 3, 40, 4.36545
2, 0.0001, 0.1, 4, 118, 4.42154
2, 0.0001, 0.2, 1, 188, 4.40898
2, 0.0001, 0.2, 2, 83, 4.38673
2, 0.0001, 0.2, 3, 38, 4.42588
2, 0.0001, 0.2, 4, 133, 4.4032
2, 0.0001, 0.3, 1, 76, 4.40266
2, 0.0001, 0.3, 2, 54, 4.42738
2, 0.0001, 0.3, 3, 265, 4.46353
2, 0.0001, 0.3, 4, 25, 4.46461
2, 0.0001, 0.4, 1, 303, 4.37687
2, 0.0001, 0.4, 2, 210, 4.39731
2, 0.0001, 0.4, 3, 180, 4.40668
2, 0.0001, 0.4, 4, 407, 4.36612
2, 0.0001, 0.5, 1, 398, 4.43282
2, 0.0001, 0.5, 2, 196, 4.41005
2, 0.0001, 0.5, 3, 160, 4.42947
2, 0.0001, 0.5, 4, 413, 4.44888
2, 0.0001, 0.6, 1, 427, 4.39068
2, 0.0001, 0.6, 2, 440, 4.44633
2, 0.0001, 0.6, 3, 367, 4.41883
2, 0.0001, 0.6, 4, 481, 4.44414
2, 0.0005, 0, 1, 4, 4.42046
2, 0.0005, 0, 2, 9, 4.41778
2, 0.0005, 0, 3, 10, 4.43198
2, 0.0005, 0, 4, 12, 4.43421
2, 0.0005, 0.1, 1, 43, 4.489
2, 0.0005, 0.1, 2, 8, 4.40008
2, 0.0005, 0.1, 3, 53, 4.51295
2, 0.0005, 0.1, 4, 170, 4.75599
2, 0.0005, 0.2, 1, 23, 4.42849
2, 0.0005, 0.2, 2, 4, 4.4004
2, 0.0005, 0.2, 3, 52, 4.36333
2, 0.0005, 0.2, 4, 36, 4.39929
2, 0.0005, 0.3, 1, 52, 4.38303
2, 0.0005, 0.3, 2, 14, 4.45727
2, 0.0005, 0.3, 3, 18, 4.39328
2, 0.0005, 0.3, 4, 47, 4.40162
2, 0.0005, 0.4, 1, 3, 4.48123
2, 0.0005, 0.4, 2, 200, 4.47711
2, 0.0005, 0.4, 3, 196, 4.46657
2, 0.0005, 0.4, 4, 101, 4.48679
2, 0.0005, 0.5, 1, 95, 4.38625
2, 0.0005, 0.5, 2, 87, 4.37539
2, 0.0005, 0.5, 3, 45, 4.43325
2, 0.0005, 0.5, 4, 90, 4.43239
2, 0.0005, 0.6, 1, 182, 4.38552
2, 0.0005, 0.6, 2, 76, 4.42746
2, 0.0005, 0.6, 3, 64, 4.44105
2, 0.0005, 0.6, 4, 89, 4.46863
2, 0.001, 0, 1, 5, 4.42985
2, 0.001, 0, 2, 1, 4.44148
2, 0.001, 0, 3, 5, 4.44923
2, 0.001, 0, 4, 17, 4.48864
2, 0.001, 0.1, 1, 6, 4.42357
2, 0.001, 0.1, 2, 2, 4.37745
2, 0.001, 0.1, 3, 27, 4.75937
2, 0.001, 0.1, 4, 11, 4.43387
2, 0.001, 0.2, 1, 29, 4.45736
2, 0.001, 0.2, 2, 5, 4.41627
2, 0.001, 0.2, 3, 43, 4.6903
2, 0.001, 0.2, 4, 9, 4.43584
2, 0.001, 0.3, 1, 0, 4.49886
2, 0.001, 0.3, 2, 29, 4.40126
2, 0.001, 0.3, 3, 78, 4.41239
2, 0.001, 0.3, 4, 116, 4.52302
2, 0.001, 0.4, 1, 52, 4.3675
2, 0.001, 0.4, 2, 15, 4.4096
2, 0.001, 0.4, 3, 20, 4.3997
2, 0.001, 0.4, 4, 63, 4.39161
2, 0.001, 0.5, 1, 51, 4.35457
2, 0.001, 0.5, 2, 92, 4.46058
2, 0.001, 0.5, 3, 51, 4.42286
2, 0.001, 0.5, 4, 33, 4.43583
2, 0.001, 0.6, 1, 207, 4.51513
2, 0.001, 0.6, 2, 1, 4.46721
2, 0.001, 0.6, 3, 11, 4.46482
2, 0.001, 0.6, 4, 61, 4.4365
2, 0.005, 0, 1, 0, 4.45804
2, 0.005, 0, 2, 53, 5.1257
2, 0.005, 0, 3, 41, 4.91061
2, 0.005, 0, 4, 10, 4.50611
2, 0.005, 0.1, 1, 2, 4.37744
2, 0.005, 0.1, 2, 6, 4.46721
2, 0.005, 0.1, 3, 6, 4.423
2, 0.005, 0.1, 4, 30, 4.42145
2, 0.005, 0.2, 1, 9, 4.44657
2, 0.005, 0.2, 2, 22, 4.41083
2, 0.005, 0.2, 3, 14, 4.4
2, 0.005, 0.2, 4, 35, 4.5735
2, 0.005, 0.3, 1, 9, 4.40283
2, 0.005, 0.3, 2, 219, 4.6322
2, 0.005, 0.3, 3, 11, 4.46087
2, 0.005, 0.3, 4, 16, 4.48372
2, 0.005, 0.4, 1, 15, 4.45455
2, 0.005, 0.4, 2, 3, 4.48756
2, 0.005, 0.4, 3, 1, 4.46144
2, 0.005, 0.4, 4, 19, 4.45371
2, 0.005, 0.5, 1, 19, 4.31599
2, 0.005, 0.5, 2, 4, 4.47129
2, 0.005, 0.5, 3, 3, 4.4787
2, 0.005, 0.5, 4, 94, 4.47242
2, 0.005, 0.6, 1, 19, 4.4167
2, 0.005, 0.6, 2, 15, 4.45874
2, 0.005, 0.6, 3, 14, 4.46856
2, 0.005, 0.6, 4, 74, 4.47028
2, 0.01, 0, 1, 2, 4.37791
2, 0.01, 0, 2, 45, 4.75213
2, 0.01, 0, 3, 0, 4.46834
2, 0.01, 0, 4, 10, 4.49384
2, 0.01, 0.1, 1, 5, 4.41898
2, 0.01, 0.1, 2, 23, 4.53069
2, 0.01, 0.1, 3, 255, 4.47467
2, 0.01, 0.1, 4, 108, 4.47329
2, 0.01, 0.2, 1, 2, 4.43456
2, 0.01, 0.2, 2, 1, 4.47124
2, 0.01, 0.2, 3, 9, 4.51392
2, 0.01, 0.2, 4, 1, 4.5403
2, 0.01, 0.3, 1, 15, 4.43504
2, 0.01, 0.3, 2, 9, 4.44612
2, 0.01, 0.3, 3, 37, 4.47055
2, 0.01, 0.3, 4, 22, 4.48154
2, 0.01, 0.4, 1, 10, 4.45239
2, 0.01, 0.4, 2, 18, 4.48674
2, 0.01, 0.4, 3, 129, 4.46711
2, 0.01, 0.4, 4, 35, 4.47014
2, 0.01, 0.5, 1, 2, 4.41515
2, 0.01, 0.5, 2, 118, 4.47191
2, 0.01, 0.5, 3, 42, 4.47291
2, 0.01, 0.5, 4, 29, 4.4717
2, 0.01, 0.6, 1, 12, 4.44651
2, 0.01, 0.6, 2, 5, 4.46444
2, 0.01, 0.6, 3, 57, 4.47251
2, 0.01, 0.6, 4, 2, 4.45815
2, 0.05, 0, 1, 2, 4.50354
2, 0.05, 0, 2, 0, 4.50583
2, 0.05, 0, 3, 41, 4.48265
2, 0.05, 0, 4, 43, 4.47049
2, 0.05, 0.1, 1, 1, 4.5218
2, 0.05, 0.1, 2, 158, 4.48239
2, 0.05, 0.1, 3, 8, 4.48128
2, 0.05, 0.1, 4, 24, 4.48417
2, 0.05, 0.2, 1, 7, 4.47767
2, 0.05, 0.2, 2, 218, 4.46992
2, 0.05, 0.2, 3, 157, 4.47624
2, 0.05, 0.2, 4, 90, 4.47998
2, 0.05, 0.3, 1, 9, 4.56805
2, 0.05, 0.3, 2, 33, 4.47472
2, 0.05, 0.3, 3, 124, 4.48064
2, 0.05, 0.3, 4, 37, 4.47531
2, 0.05, 0.4, 1, 99, 4.89519
2, 0.05, 0.4, 2, 10, 4.47954
2, 0.05, 0.4, 3, 67, 4.47567
2, 0.05, 0.4, 4, 65, 4.47281
2, 0.05, 0.5, 1, 4, 4.75296
2, 0.05, 0.5, 2, 192, 4.48065
2, 0.05, 0.5, 3, 21, 4.47761
2, 0.05, 0.5, 4, 50, 4.47354
2, 0.05, 0.6, 1, 1, 4.4733
2, 0.05, 0.6, 2, 8, 4.46961
2, 0.05, 0.6, 3, 77, 4.47417
2, 0.05, 0.6, 4, 25, 4.47988
4, 0.0001, 0, 1, 189, 4.42677
4, 0.0001, 0, 2, 35, 4.35932
4, 0.0001, 0, 3, 43, 4.4746
4, 0.0001, 0, 4, 56, 4.43002
4, 0.0001, 0.1, 1, 75, 4.43421
4, 0.0001, 0.1, 2, 66, 4.43653
4, 0.0001, 0.1, 3, 42, 4.40908
4, 0.0001, 0.1, 4, 33, 4.45502
4, 0.0001, 0.2, 1, 229, 4.40669
4, 0.0001, 0.2, 2, 321, 4.36765
4, 0.0001, 0.2, 3, 269, 4.37056
4, 0.0001, 0.2, 4, 243, 4.42838
4, 0.0001, 0.3, 1, 128, 4.41088
4, 0.0001, 0.3, 2, 93, 4.42659
4, 0.0001, 0.3, 3, 68, 4.4344
4, 0.0001, 0.3, 4, 169, 4.40206
4, 0.0001, 0.4, 1, 286, 4.39735
4, 0.0001, 0.4, 2, 129, 4.36938
4, 0.0001, 0.4, 3, 152, 4.4157
4, 0.0001, 0.4, 4, 517, 4.39072
4, 0.0001, 0.5, 1, 92, 4.44278
4, 0.0001, 0.5, 2, 125, 4.43697
4, 0.0001, 0.5, 3, 309, 4.44407
4, 0.0001, 0.5, 4, 659, 4.44926
4, 0.0001, 0.6, 1, 152, 4.42376
4, 0.0001, 0.6, 2, 272, 4.44189
4, 0.0001, 0.6, 3, 766, 4.41691
4, 0.0001, 0.6, 4, 334, 4.45935
4, 0.0005, 0, 1, 29, 4.4263
4, 0.0005, 0, 2, 15, 4.44848
4, 0.0005, 0, 3, 10, 4.4327
4, 0.0005, 0, 4, 27, 4.42748
4, 0.0005, 0.1, 1, 22, 4.44015
4, 0.0005, 0.1, 2, 20, 4.37572
4, 0.0005, 0.1, 3, 11, 4.41922
4, 0.0005, 0.1, 4, 21, 4.42014
4, 0.0005, 0.2, 1, 18, 4.45065
4, 0.0005, 0.2, 2, 59, 4.41975
4, 0.0005, 0.2, 3, 14, 4.42566
4, 0.0005, 0.2, 4, 23, 4.39368
4, 0.0005, 0.3, 1, 91, 4.42483
4, 0.0005, 0.3, 2, 24, 4.37465
4, 0.0005, 0.3, 3, 77, 4.37955
4, 0.0005, 0.3, 4, 40, 4.36345
4, 0.0005, 0.4, 1, 59, 4.42572
4, 0.0005, 0.4, 2, 60, 4.43092
4, 0.0005, 0.4, 3, 19, 4.39132
4, 0.0005, 0.4, 4, 53, 4.41756
4, 0.0005, 0.5, 1, 83, 4.39614
4, 0.0005, 0.5, 2, 98, 4.41589
4, 0.0005, 0.5, 3, 58, 4.37754
4, 0.0005, 0.5, 4, 72, 4.38248
4, 0.0005, 0.6, 1, 50, 4.41962
4, 0.0005, 0.6, 2, 49, 4.41571
4, 0.0005, 0.6, 3, 99, 4.44072
4, 0.0005, 0.6, 4, 226, 4.42276
4, 0.001, 0, 1, 9, 4.4603
4, 0.001, 0, 2, 5, 4.37763
4, 0.001, 0, 3, 6, 4.41993
4, 0.001, 0, 4, 16, 4.37371
4, 0.001, 0.1, 1, 64, 4.40012
4, 0.001, 0.1, 2, 6, 4.37358
4, 0.001, 0.1, 3, 76, 4.93023
4, 0.001, 0.1, 4, 90, 4.76161
4, 0.001, 0.2, 1, 51, 4.4068
4, 0.001, 0.2, 2, 10, 4.37313
4, 0.001, 0.2, 3, 12, 4.40773
4, 0.001, 0.2, 4, 124, 4.4664
4, 0.001, 0.3, 1, 28, 4.39378
4, 0.001, 0.3, 2, 16, 4.37524
4, 0.001, 0.3, 3, 18, 4.37267
4, 0.001, 0.3, 4, 31, 4.45568
4, 0.001, 0.4, 1, 83, 4.35813
4, 0.001, 0.4, 2, 115, 4.51739
4, 0.001, 0.4, 3, 15, 4.40721
4, 0.001, 0.4, 4, 68, 4.37755
4, 0.001, 0.5, 1, 68, 4.3793
4, 0.001, 0.5, 2, 43, 4.4163
4, 0.001, 0.5, 3, 48, 4.45151
4, 0.001, 0.5, 4, 248, 4.49667
4, 0.001, 0.6, 1, 62, 4.39107
4, 0.001, 0.6, 2, 51, 4.42772
4, 0.001, 0.6, 3, 109, 4.38206
4, 0.001, 0.6, 4, 251, 4.47099
4, 0.005, 0, 1, 4, 4.44652
4, 0.005, 0, 2, 18, 5.05085
4, 0.005, 0, 3, 2, 4.37637
4, 0.005, 0, 4, 3, 4.43282
4, 0.005, 0.1, 1, 9, 4.47911
4, 0.005, 0.1, 2, 167, 5.10541
4, 0.005, 0.1, 3, 147, 4.90779
4, 0.005, 0.1, 4, 56, 4.75427
4, 0.005, 0.2, 1, 20, 4.42725
4, 0.005, 0.2, 2, 34, 4.54826
4, 0.005, 0.2, 3, 1, 4.45773
4, 0.005, 0.2, 4, 5, 4.46017
4, 0.005, 0.3, 1, 2, 4.42691
4, 0.005, 0.3, 2, 6, 4.44401
4, 0.005, 0.3, 3, 20, 4.43321
4, 0.005, 0.3, 4, 72, 4.46266
4, 0.005, 0.4, 1, 8, 4.39786
4, 0.005, 0.4, 2, 5, 4.46385
4, 0.005, 0.4, 3, 27, 4.45362
4, 0.005, 0.4, 4, 30, 4.48205
4, 0.005, 0.5, 1, 11, 4.45676
4, 0.005, 0.5, 2, 67, 4.4679
4, 0.005, 0.5, 3, 24, 4.47112
4, 0.005, 0.5, 4, 29, 4.45829
4, 0.005, 0.6, 1, 28, 4.43069
4, 0.005, 0.6, 2, 24, 4.46613
4, 0.005, 0.6, 3, 2, 4.47214
4, 0.005, 0.6, 4, 4, 4.47422
4, 0.01, 0, 1, 12, 4.4647
4, 0.01, 0, 2, 27, 4.46066
4, 0.01, 0, 3, 7, 4.52318
4, 0.01, 0, 4, 137, 4.44386
4, 0.01, 0.1, 1, 5, 4.42084
4, 0.01, 0.1, 2, 1, 4.47872
4, 0.01, 0.1, 3, 15, 4.43824
4, 0.01, 0.1, 4, 95, 4.47165
4, 0.01, 0.2, 1, 3, 4.38336
4, 0.01, 0.2, 2, 4, 4.59625
4, 0.01, 0.2, 3, 5, 4.47619
4, 0.01, 0.2, 4, 10, 4.44405
4, 0.01, 0.3, 1, 5, 4.4518
4, 0.01, 0.3, 2, 6, 4.28743
4, 0.01, 0.3, 3, 0, 4.47928
4, 0.01, 0.3, 4, 2, 4.47003
4, 0.01, 0.4, 1, 22, 4.41183
4, 0.01, 0.4, 2, 13, 4.46622
4, 0.01, 0.4, 3, 1, 4.47191
4, 0.01, 0.4, 4, 88, 4.47392
4, 0.01, 0.5, 1, 4, 4.47175
4, 0.01, 0.5, 2, 3, 4.47516
4, 0.01, 0.5, 3, 2, 4.46629
4, 0.01, 0.5, 4, 187, 4.46913
4, 0.01, 0.6, 1, 5, 4.44465
4, 0.01, 0.6, 2, 1, 4.46524
4, 0.01, 0.6, 3, 201, 4.47707
4, 0.01, 0.6, 4, 110, 4.47795
4, 0.05, 0, 1, 115, 4.47903
4, 0.05, 0, 2, 52, 4.47168
4, 0.05, 0, 3, 119, 4.4752
4, 0.05, 0, 4, 60, 4.48402
4, 0.05, 0.1, 1, 1, 4.49554
4, 0.05, 0.1, 2, 34, 4.46923
4, 0.05, 0.1, 3, 14, 4.47192
4, 0.05, 0.1, 4, 10, 4.47474
4, 0.05, 0.2, 1, 32, 4.47757
4, 0.05, 0.2, 2, 67, 4.4764
4, 0.05, 0.2, 3, 95, 4.47883
4, 0.05, 0.2, 4, 90, 4.47883
4, 0.05, 0.3, 1, 9, 4.58176
4, 0.05, 0.3, 2, 23, 4.48014
4, 0.05, 0.3, 3, 3, 4.46954
4, 0.05, 0.3, 4, 27, 4.47797
4, 0.05, 0.4, 1, 8, 4.50417
4, 0.05, 0.4, 2, 54, 4.4733
4, 0.05, 0.4, 3, 51, 4.47413
4, 0.05, 0.4, 4, 95, 4.47284
4, 0.05, 0.5, 1, 22, 4.70351
4, 0.05, 0.5, 2, 47, 4.48104
4, 0.05, 0.5, 3, 81, 4.46736
4, 0.05, 0.5, 4, 30, 4.47805
4, 0.05, 0.6, 1, 2, 4.49281
4, 0.05, 0.6, 2, 19, 4.48031
4, 0.05, 0.6, 3, 125, 4.47553
4, 0.05, 0.6, 4, 110, 4.47564
8, 0.0001, 0, 1, 94, 4.4595
8, 0.0001, 0, 2, 89, 4.42892
8, 0.0001, 0, 3, 118, 4.37373
8, 0.0001, 0, 4, 112, 4.48578
8, 0.0001, 0.1, 1, 200, 4.44104
8, 0.0001, 0.1, 2, 42, 4.44474
8, 0.0001, 0.1, 3, 85, 4.41767
8, 0.0001, 0.1, 4, 69, 4.44788
8, 0.0001, 0.2, 1, 260, 4.36226
8, 0.0001, 0.2, 2, 69, 4.40421
8, 0.0001, 0.2, 3, 110, 4.43123
8, 0.0001, 0.2, 4, 217, 4.33631
8, 0.0001, 0.3, 1, 155, 4.44621
8, 0.0001, 0.3, 2, 75, 4.41008
8, 0.0001, 0.3, 3, 98, 4.43343
8, 0.0001, 0.3, 4, 650, 4.37889
8, 0.0001, 0.4, 1, 145, 4.43621
8, 0.0001, 0.4, 2, 314, 4.39841
8, 0.0001, 0.4, 3, 194, 4.41226
8, 0.0001, 0.4, 4, 694, 4.41663
8, 0.0001, 0.5, 1, 112, 4.45064
8, 0.0001, 0.5, 2, 346, 4.36795
8, 0.0001, 0.5, 3, 312, 4.42251
8, 0.0001, 0.5, 4, 872, 4.44618
8, 0.0001, 0.6, 1, 202, 4.43546
8, 0.0001, 0.6, 2, 221, 4.43431
8, 0.0001, 0.6, 3, 592, 4.42285
8, 0.0001, 0.6, 4, 105, 4.46565
8, 0.0005, 0, 1, 67, 4.46422
8, 0.0005, 0, 2, 16, 4.42029
8, 0.0005, 0, 3, 10, 4.42733
8, 0.0005, 0, 4, 19, 4.35253
8, 0.0005, 0.1, 1, 23, 4.3771
8, 0.0005, 0.1, 2, 21, 4.46153
8, 0.0005, 0.1, 3, 8, 4.44732
8, 0.0005, 0.1, 4, 53, 4.35766
8, 0.0005, 0.2, 1, 246, 4.39147
8, 0.0005, 0.2, 2, 160, 4.53971
8, 0.0005, 0.2, 3, 140, 4.57257
8, 0.0005, 0.2, 4, 49, 4.4207
8, 0.0005, 0.3, 1, 107, 4.40153
8, 0.0005, 0.3, 2, 109, 4.42818
8, 0.0005, 0.3, 3, 159, 4.50137
8, 0.0005, 0.3, 4, 274, 4.53783
8, 0.0005, 0.4, 1, 104, 4.40105
8, 0.0005, 0.4, 2, 102, 4.37238
8, 0.0005, 0.4, 3, 172, 4.42266
8, 0.0005, 0.4, 4, 346, 4.47366
8, 0.0005, 0.5, 1, 88, 4.37787
8, 0.0005, 0.5, 2, 148, 4.43576
8, 0.0005, 0.5, 3, 85, 4.41618
8, 0.0005, 0.5, 4, 107, 4.44937
8, 0.0005, 0.6, 1, 267, 4.43393
8, 0.0005, 0.6, 2, 71, 4.41293
8, 0.0005, 0.6, 3, 190, 4.40779
8, 0.0005, 0.6, 4, 354, 4.4477
8, 0.001, 0, 1, 29, 4.44583
8, 0.001, 0, 2, 3, 4.46824
8, 0.001, 0, 3, 8, 4.34419
8, 0.001, 0, 4, 11, 4.44889
8, 0.001, 0.1, 1, 57, 4.35454
8, 0.001, 0.1, 2, 13, 4.33448
8, 0.001, 0.1, 3, 11, 4.42332
8, 0.001, 0.1, 4, 89, 4.78446
8, 0.001, 0.2, 1, 56, 4.41364
8, 0.001, 0.2, 2, 11, 4.41759
8, 0.001, 0.2, 3, 113, 4.45781
8, 0.001, 0.2, 4, 20, 4.41887
8, 0.001, 0.3, 1, 34, 4.40563
8, 0.001, 0.3, 2, 118, 4.68018
8, 0.001, 0.3, 3, 29, 4.40794
8, 0.001, 0.3, 4, 34, 4.41711
8, 0.001, 0.4, 1, 15, 4.43367
8, 0.001, 0.4, 2, 34, 4.43107
8, 0.001, 0.4, 3, 29, 4.40354
8, 0.001, 0.4, 4, 117, 4.46726
8, 0.001, 0.5, 1, 32, 4.45126
8, 0.001, 0.5, 2, 65, 4.4329
8, 0.001, 0.5, 3, 35, 4.41314
8, 0.001, 0.5, 4, 66, 4.4232
8, 0.001, 0.6, 1, 155, 4.46063
8, 0.001, 0.6, 2, 66, 4.41223
8, 0.001, 0.6, 3, 73, 4.43429
8, 0.001, 0.6, 4, 99, 4.45701
8, 0.005, 0, 1, 0, 4.43975
8, 0.005, 0, 2, 6, 4.37835
8, 0.005, 0, 3, 0, 4.47433
8, 0.005, 0, 4, 4, 4.43444
8, 0.005, 0.1, 1, 4, 4.41576
8, 0.005, 0.1, 2, 74, 4.57532
8, 0.005, 0.1, 3, 13, 4.44815
8, 0.005, 0.1, 4, 58, 5.12774
8, 0.005, 0.2, 1, 18, 4.46511
8, 0.005, 0.2, 2, 80, 4.6594
8, 0.005, 0.2, 3, 38, 4.58046
8, 0.005, 0.2, 4, 173, 4.50377
8, 0.005, 0.3, 1, 17, 4.4406
8, 0.005, 0.3, 2, 33, 4.76811
8, 0.005, 0.3, 3, 115, 4.48453
8, 0.005, 0.3, 4, 14, 4.40936
8, 0.005, 0.4, 1, 21, 4.4036
8, 0.005, 0.4, 2, 45, 4.47042
8, 0.005, 0.4, 3, 22, 4.42096
8, 0.005, 0.4, 4, 4, 4.42533
8, 0.005, 0.5, 1, 7, 4.44609
8, 0.005, 0.5, 2, 6, 4.44037
8, 0.005, 0.5, 3, 12, 4.45974
8, 0.005, 0.5, 4, 15, 4.46226
8, 0.005, 0.6, 1, 50, 4.42957
8, 0.005, 0.6, 2, 17, 4.44447
8, 0.005, 0.6, 3, 0, 4.47958
8, 0.005, 0.6, 4, 156, 4.46763
8, 0.01, 0, 1, 1, 4.42392
8, 0.01, 0, 2, 3, 4.4205
8, 0.01, 0, 3, 21, 4.5235
8, 0.01, 0, 4, 56, 4.99366
8, 0.01, 0.1, 1, 15, 4.44775
8, 0.01, 0.1, 2, 18, 4.40667
8, 0.01, 0.1, 3, 195, 4.49524
8, 0.01, 0.1, 4, 62, 4.44212
8, 0.01, 0.2, 1, 9, 4.36938
8, 0.01, 0.2, 2, 7, 4.49546
8, 0.01, 0.2, 3, 6, 4.47181
8, 0.01, 0.2, 4, 20, 4.39375
8, 0.01, 0.3, 1, 11, 4.4268
8, 0.01, 0.3, 2, 4, 4.47049
8, 0.01, 0.3, 3, 7, 4.42511
8, 0.01, 0.3, 4, 87, 4.46684
8, 0.01, 0.4, 1, 34, 4.44493
8, 0.01, 0.4, 2, 3, 4.44182
8, 0.01, 0.4, 3, 5, 4.46941
8, 0.01, 0.4, 4, 6, 4.4685
8, 0.01, 0.5, 1, 20, 4.38815
8, 0.01, 0.5, 2, 3, 4.43828
8, 0.01, 0.5, 3, 52, 4.46872
8, 0.01, 0.5, 4, 11, 4.46704
8, 0.01, 0.6, 1, 4, 4.4309
8, 0.01, 0.6, 2, 10, 4.46522
8, 0.01, 0.6, 3, 2, 4.45667
8, 0.01, 0.6, 4, 9, 4.45912
8, 0.05, 0, 1, 1, 4.52122
8, 0.05, 0, 2, 94, 4.47653
8, 0.05, 0, 3, 68, 4.47165
8, 0.05, 0, 4, 54, 4.47891
8, 0.05, 0.1, 1, 6, 4.44672
8, 0.05, 0.1, 2, 57, 4.47575
8, 0.05, 0.1, 3, 24, 4.47141
8, 0.05, 0.1, 4, 233, 4.47475
8, 0.05, 0.2, 1, 25, 4.4621
8, 0.05, 0.2, 2, 78, 4.46797
8, 0.05, 0.2, 3, 11, 4.47228
8, 0.05, 0.2, 4, 4, 4.47114
8, 0.05, 0.3, 1, 5, 4.48705
8, 0.05, 0.3, 2, 133, 4.47964
8, 0.05, 0.3, 3, 45, 4.46644
8, 0.05, 0.3, 4, 33, 4.48228
8, 0.05, 0.4, 1, 44, 4.54301
8, 0.05, 0.4, 2, 37, 4.47803
8, 0.05, 0.4, 3, 66, 4.46653
8, 0.05, 0.4, 4, 266, 4.47321
8, 0.05, 0.5, 1, 170, 4.47686
8, 0.05, 0.5, 2, 124, 4.47777
8, 0.05, 0.5, 3, 36, 4.47727
8, 0.05, 0.5, 4, 15, 4.46936
8, 0.05, 0.6, 1, 62, 4.48679
8, 0.05, 0.6, 2, 27, 4.47136
8, 0.05, 0.6, 3, 100, 4.47917
8, 0.05, 0.6, 4, 5, 4.46949
16, 0.0001, 0, 1, 191, 4.45386
16, 0.0001, 0, 2, 72, 4.40619
16, 0.0001, 0, 3, 74, 4.4206
16, 0.0001, 0, 4, 171, 4.50039
16, 0.0001, 0.1, 1, 321, 4.4863
16, 0.0001, 0.1, 2, 348, 4.42525
16, 0.0001, 0.1, 3, 139, 4.43138
16, 0.0001, 0.1, 4, 374, 4.40054
16, 0.0001, 0.2, 1, 293, 4.4251
16, 0.0001, 0.2, 2, 446, 4.47061
16, 0.0001, 0.2, 3, 174, 4.36767
16, 0.0001, 0.2, 4, 447, 4.43411
16, 0.0001, 0.3, 1, 205, 4.39732
16, 0.0001, 0.3, 2, 562, 4.41016
16, 0.0001, 0.3, 3, 221, 4.36313
16, 0.0001, 0.3, 4, 352, 4.45102
16, 0.0001, 0.4, 1, 307, 4.46648
16, 0.0001, 0.4, 2, 93, 4.42501
16, 0.0001, 0.4, 3, 252, 4.38962
16, 0.0001, 0.4, 4, 1075, 4.43873
16, 0.0001, 0.5, 1, 417, 4.39948
16, 0.0001, 0.5, 2, 624, 4.37244
16, 0.0001, 0.5, 3, 86, 4.45252
16, 0.0001, 0.5, 4, 69, 4.46879
16, 0.0001, 0.6, 1, 412, 4.44276
16, 0.0001, 0.6, 2, 565, 4.41181
16, 0.0001, 0.6, 3, 748, 4.44301
16, 0.0001, 0.6, 4, 608, 4.45702
16, 0.0005, 0, 1, 42, 4.48041
16, 0.0005, 0, 2, 11, 4.41629
16, 0.0005, 0, 3, 9, 4.43588
16, 0.0005, 0, 4, 31, 4.39663
16, 0.0005, 0.1, 1, 40, 4.43479
16, 0.0005, 0.1, 2, 13, 4.39555
16, 0.0005, 0.1, 3, 19, 4.40706
16, 0.0005, 0.1, 4, 73, 4.50991
16, 0.0005, 0.2, 1, 100, 4.46398
16, 0.0005, 0.2, 2, 309, 4.6199
16, 0.0005, 0.2, 3, 180, 4.53492
16, 0.0005, 0.2, 4, 72, 4.38188
16, 0.0005, 0.3, 1, 259, 4.4359
16, 0.0005, 0.3, 2, 18, 4.46166
16, 0.0005, 0.3, 3, 32, 4.41209
16, 0.0005, 0.3, 4, 47, 4.43585
16, 0.0005, 0.4, 1, 4, 4.49365
16, 0.0005, 0.4, 2, 66, 4.39895
16, 0.0005, 0.4, 3, 290, 4.54853
16, 0.0005, 0.4, 4, 111, 4.41057
16, 0.0005, 0.5, 1, 29, 4.50123
16, 0.0005, 0.5, 2, 105, 4.41218
16, 0.0005, 0.5, 3, 60, 4.44698
16, 0.0005, 0.5, 4, 15, 4.4555
16, 0.0005, 0.6, 1, 238, 4.4113
16, 0.0005, 0.6, 2, 85, 4.43354
16, 0.0005, 0.6, 3, 264, 4.46648
16, 0.0005, 0.6, 4, 8, 4.47612
16, 0.001, 0, 1, 10, 4.4609
16, 0.001, 0, 2, 15, 4.35554
16, 0.001, 0, 3, 6, 4.45139
16, 0.001, 0, 4, 11, 4.42339
16, 0.001, 0.1, 1, 33, 4.42024
16, 0.001, 0.1, 2, 10, 4.42434
16, 0.001, 0.1, 3, 28, 4.37388
16, 0.001, 0.1, 4, 25, 4.35893
16, 0.001, 0.2, 1, 88, 4.40879
16, 0.001, 0.2, 2, 22, 4.36018
16, 0.001, 0.2, 3, 134, 4.67855
16, 0.001, 0.2, 4, 60, 4.48177
16, 0.001, 0.3, 1, 36, 4.40497
16, 0.001, 0.3, 2, 12, 4.42467
16, 0.001, 0.3, 3, 12, 4.42254
16, 0.001, 0.3, 4, 50, 4.44196
16, 0.001, 0.4, 1, 18, 4.41488
16, 0.001, 0.4, 2, 82, 4.52227
16, 0.001, 0.4, 3, 30, 4.41891
16, 0.001, 0.4, 4, 159, 4.44547
16, 0.001, 0.5, 1, 75, 4.38253
16, 0.001, 0.5, 2, 59, 4.41652
16, 0.001, 0.5, 3, 65, 4.3752
16, 0.001, 0.5, 4, 109, 4.42301
16, 0.001, 0.6, 1, 38, 4.42052
16, 0.001, 0.6, 2, 37, 4.42447
16, 0.001, 0.6, 3, 105, 4.42951
16, 0.001, 0.6, 4, 72, 4.44959
16, 0.005, 0, 1, 4, 4.42085
16, 0.005, 0, 2, 1, 4.43668
16, 0.005, 0, 3, 6, 4.39974
16, 0.005, 0, 4, 4, 4.42509
16, 0.005, 0.1, 1, 8, 4.39447
16, 0.005, 0.1, 2, 2, 4.39199
16, 0.005, 0.1, 3, 4, 4.39199
16, 0.005, 0.1, 4, 29, 4.38855
16, 0.005, 0.2, 1, 2, 4.43789
16, 0.005, 0.2, 2, 27, 4.56677
16, 0.005, 0.2, 3, 112, 4.84767
16, 0.005, 0.2, 4, 20, 4.47162
16, 0.005, 0.3, 1, 21, 4.38199
16, 0.005, 0.3, 2, 128, 4.43615
16, 0.005, 0.3, 3, 12, 4.39191
16, 0.005, 0.3, 4, 16, 4.42213
16, 0.005, 0.4, 1, 26, 4.38918
16, 0.005, 0.4, 2, 47, 4.62922
16, 0.005, 0.4, 3, 14, 4.38251
16, 0.005, 0.4, 4, 10, 4.45604
16, 0.005, 0.5, 1, 52, 4.40955
16, 0.005, 0.5, 2, 16, 4.37928
16, 0.005, 0.5, 3, 8, 4.4616
16, 0.005, 0.5, 4, 47, 4.46854
16, 0.005, 0.6, 1, 56, 4.45031
16, 0.005, 0.6, 2, 84, 4.44728
16, 0.005, 0.6, 3, 18, 4.4707
16, 0.005, 0.6, 4, 17, 4.46338
16, 0.01, 0, 1, 2, 4.4083
16, 0.01, 0, 2, 2, 4.39035
16, 0.01, 0, 3, 14, 4.59878
16, 0.01, 0, 4, 38, 4.77871
16, 0.01, 0.1, 1, 2, 4.39145
16, 0.01, 0.1, 2, 2, 4.41224
16, 0.01, 0.1, 3, 30, 4.59015
16, 0.01, 0.1, 4, 246, 4.53018
16, 0.01, 0.2, 1, 4, 4.36509
16, 0.01, 0.2, 2, 39, 4.64992
16, 0.01, 0.2, 3, 2, 4.44187
16, 0.01, 0.2, 4, 9, 4.42571
16, 0.01, 0.3, 1, 17, 4.38138
16, 0.01, 0.3, 2, 4, 4.41872
16, 0.01, 0.3, 3, 16, 4.4728
16, 0.01, 0.3, 4, 7, 4.45938
16, 0.01, 0.4, 1, 7, 4.39432
16, 0.01, 0.4, 2, 74, 4.53903
16, 0.01, 0.4, 3, 20, 4.44182
16, 0.01, 0.4, 4, 17, 4.42378
16, 0.01, 0.5, 1, 20, 4.44323
16, 0.01, 0.5, 2, 10, 4.43971
16, 0.01, 0.5, 3, 4, 4.46186
16, 0.01, 0.5, 4, 114, 4.46752
16, 0.01, 0.6, 1, 14, 4.39354
16, 0.01, 0.6, 2, 17, 4.47301
16, 0.01, 0.6, 3, 2, 4.46219
16, 0.01, 0.6, 4, 0, 4.47427
16, 0.05, 0, 1, 4, 4.42009
16, 0.05, 0, 2, 1, 4.46945
16, 0.05, 0, 3, 1, 4.43827
16, 0.05, 0, 4, 26, 4.4623
16, 0.05, 0.1, 1, 3, 4.43475
16, 0.05, 0.1, 2, 0, 4.35326
16, 0.05, 0.1, 3, 6, 4.46578
16, 0.05, 0.1, 4, 62, 4.46917
16, 0.05, 0.2, 1, 16, 4.49003
16, 0.05, 0.2, 2, 44, 4.46941
16, 0.05, 0.2, 3, 158, 4.47311
16, 0.05, 0.2, 4, 208, 4.47077
16, 0.05, 0.3, 1, 78, 4.41521
16, 0.05, 0.3, 2, 221, 4.47818
16, 0.05, 0.3, 3, 73, 4.47293
16, 0.05, 0.3, 4, 105, 4.46887
16, 0.05, 0.4, 1, 26, 4.46053
16, 0.05, 0.4, 2, 57, 4.47154
16, 0.05, 0.4, 3, 191, 4.47453
16, 0.05, 0.4, 4, 51, 4.47183
16, 0.05, 0.5, 1, 5, 4.51416
16, 0.05, 0.5, 2, 52, 4.47292
16, 0.05, 0.5, 3, 48, 4.46619
16, 0.05, 0.5, 4, 5, 4.47052
16, 0.05, 0.6, 1, 41, 4.48176
16, 0.05, 0.6, 2, 50, 4.46845
16, 0.05, 0.6, 3, 18, 4.4749
16, 0.05, 0.6, 4, 183, 4.47119
32, 0.0001, 0, 1, 224, 4.45765
32, 0.0001, 0, 2, 361, 4.33534
32, 0.0001, 0, 3, 110, 4.38027
32, 0.0001, 0, 4, 204, 4.37644
32, 0.0001, 0.1, 1, 367, 4.41173
32, 0.0001, 0.1, 2, 160, 4.4228
32, 0.0001, 0.1, 3, 119, 4.45248
32, 0.0001, 0.1, 4, 267, 4.40612
32, 0.0001, 0.2, 1, 348, 4.40938
32, 0.0001, 0.2, 2, 172, 4.45413
32, 0.0001, 0.2, 3, 152, 4.44704
32, 0.0001, 0.2, 4, 159, 4.46167
32, 0.0001, 0.3, 1, 453, 4.43332
32, 0.0001, 0.3, 2, 119, 4.4267
32, 0.0001, 0.3, 3, 232, 4.43847
32, 0.0001, 0.3, 4, 537, 4.42995
32, 0.0001, 0.4, 1, 535, 4.40773
32, 0.0001, 0.4, 2, 723, 4.40215
32, 0.0001, 0.4, 3, 449, 4.42558
32, 0.0001, 0.4, 4, 971, 4.4232
32, 0.0001, 0.5, 1, 420, 4.46872
32, 0.0001, 0.5, 2, 434, 4.39656
32, 0.0001, 0.5, 3, 37, 4.45644
32, 0.0001, 0.5, 4, 423, 4.45902
32, 0.0001, 0.6, 1, 1716, 4.40993
32, 0.0001, 0.6, 2, 728, 4.42608
32, 0.0001, 0.6, 3, 109, 4.47893
32, 0.0001, 0.6, 4, 104, 4.4851
32, 0.0005, 0, 1, 67, 4.43027
32, 0.0005, 0, 2, 13, 4.38733
32, 0.0005, 0, 3, 22, 4.32783
32, 0.0005, 0, 4, 39, 4.39521
32, 0.0005, 0.1, 1, 90, 4.36681
32, 0.0005, 0.1, 2, 27, 4.38123
32, 0.0005, 0.1, 3, 24, 4.4477
32, 0.0005, 0.1, 4, 161, 4.42314
32, 0.0005, 0.2, 1, 84, 4.45459
32, 0.0005, 0.2, 2, 54, 4.4044
32, 0.0005, 0.2, 3, 29, 4.41054
32, 0.0005, 0.2, 4, 74, 4.41402
32, 0.0005, 0.3, 1, 218, 4.41872
32, 0.0005, 0.3, 2, 86, 4.43591
32, 0.0005, 0.3, 3, 135, 4.44573
32, 0.0005, 0.3, 4, 214, 4.3899
32, 0.0005, 0.4, 1, 32, 4.4424
32, 0.0005, 0.4, 2, 72, 4.35129
32, 0.0005, 0.4, 3, 212, 4.43501
32, 0.0005, 0.4, 4, 106, 4.42539
32, 0.0005, 0.5, 1, 158, 4.42012
32, 0.0005, 0.5, 2, 97, 4.42554
32, 0.0005, 0.5, 3, 110, 4.39005
32, 0.0005, 0.5, 4, 194, 4.42169
32, 0.0005, 0.6, 1, 163, 4.46697
32, 0.0005, 0.6, 2, 360, 4.41868
32, 0.0005, 0.6, 3, 1, 4.43879
32, 0.0005, 0.6, 4, 376, 4.4435
32, 0.001, 0, 1, 32, 4.45194
32, 0.001, 0, 2, 8, 4.41428
32, 0.001, 0, 3, 8, 4.43497
32, 0.001, 0, 4, 21, 4.35253
32, 0.001, 0.1, 1, 47, 4.39082
32, 0.001, 0.1, 2, 10, 4.41558
32, 0.001, 0.1, 3, 11, 4.44625
32, 0.001, 0.1, 4, 233, 4.32206
32, 0.001, 0.2, 1, 13, 4.5073
32, 0.001, 0.2, 2, 29, 4.421
32, 0.001, 0.2, 3, 192, 5.00075
32, 0.001, 0.2, 4, 124, 4.5419
32, 0.001, 0.3, 1, 39, 4.46352
32, 0.001, 0.3, 2, 78, 4.38905
32, 0.001, 0.3, 3, 15, 4.44231
32, 0.001, 0.3, 4, 88, 4.42799
32, 0.001, 0.4, 1, 192, 4.39617
32, 0.001, 0.4, 2, 24, 4.42488
32, 0.001, 0.4, 3, 39, 4.43264
32, 0.001, 0.4, 4, 122, 4.3653
32, 0.001, 0.5, 1, 48, 4.45612
32, 0.001, 0.5, 2, 164, 4.38756
32, 0.001, 0.5, 3, 235, 4.44027
32, 0.001, 0.5, 4, 85, 4.42019
32, 0.001, 0.6, 1, 139, 4.41871
32, 0.001, 0.6, 2, 102, 4.40384
32, 0.001, 0.6, 3, 98, 4.43942
32, 0.001, 0.6, 4, 244, 4.45249
32, 0.005, 0, 1, 0, 4.48292
32, 0.005, 0, 2, 2, 4.37754
32, 0.005, 0, 3, 3, 4.45276
32, 0.005, 0, 4, 7, 4.49335
32, 0.005, 0.1, 1, 10, 4.44951
32, 0.005, 0.1, 2, 11, 4.32881
32, 0.005, 0.1, 3, 3, 4.44365
32, 0.005, 0.1, 4, 134, 4.50028
32, 0.005, 0.2, 1, 15, 4.4444
32, 0.005, 0.2, 2, 2, 4.42256
32, 0.005, 0.2, 3, 59, 4.88601
32, 0.005, 0.2, 4, 67, 4.62873
32, 0.005, 0.3, 1, 5, 4.43806
32, 0.005, 0.3, 2, 10, 4.44996
32, 0.005, 0.3, 3, 40, 4.44366
32, 0.005, 0.3, 4, 26, 4.42768
32, 0.005, 0.4, 1, 45, 4.3808
32, 0.005, 0.4, 2, 13, 4.43256
32, 0.005, 0.4, 3, 161, 4.55632
32, 0.005, 0.4, 4, 32, 4.43332
32, 0.005, 0.5, 1, 15, 4.45223
32, 0.005, 0.5, 2, 106, 4.55669
32, 0.005, 0.5, 3, 67, 4.43972
32, 0.005, 0.5, 4, 22, 4.46001
32, 0.005, 0.6, 1, 69, 4.46282
32, 0.005, 0.6, 2, 152, 4.48034
32, 0.005, 0.6, 3, 39, 4.45105
32, 0.005, 0.6, 4, 40, 4.46419
32, 0.01, 0, 1, 2, 4.37617
32, 0.01, 0, 2, 2, 4.39628
32, 0.01, 0, 3, 2, 4.40838
32, 0.01, 0, 4, 2, 4.42249
32, 0.01, 0.1, 1, 13, 4.43051
32, 0.01, 0.1, 2, 11, 4.74918
32, 0.01, 0.1, 3, 104, 4.85807
32, 0.01, 0.1, 4, 3, 4.40008
32, 0.01, 0.2, 1, 1, 4.43987
32, 0.01, 0.2, 2, 76, 4.41255
32, 0.01, 0.2, 3, 68, 4.5004
32, 0.01, 0.2, 4, 11, 4.36699
32, 0.01, 0.3, 1, 21, 4.4047
32, 0.01, 0.3, 2, 6, 4.33511
32, 0.01, 0.3, 3, 15, 4.43924
32, 0.01, 0.3, 4, 13, 4.45837
32, 0.01, 0.4, 1, 7, 4.43236
32, 0.01, 0.4, 2, 2, 4.42905
32, 0.01, 0.4, 3, 8, 4.44678
32, 0.01, 0.4, 4, 14, 4.46083
32, 0.01, 0.5, 1, 23, 4.34328
32, 0.01, 0.5, 2, 12, 4.43311
32, 0.01, 0.5, 3, 58, 4.46646
32, 0.01, 0.5, 4, 44, 4.50946
32, 0.01, 0.6, 1, 19, 4.3802
32, 0.01, 0.6, 2, 5, 4.43992
32, 0.01, 0.6, 3, 49, 4.46271
32, 0.01, 0.6, 4, 17, 4.46595
32, 0.05, 0, 1, 1, 4.47587
32, 0.05, 0, 2, 1, 4.4349
32, 0.05, 0, 3, 210, 4.47074
32, 0.05, 0, 4, 162, 4.47472
32, 0.05, 0.1, 1, 3, 4.46767
32, 0.05, 0.1, 2, 2, 4.48412
32, 0.05, 0.1, 3, 1, 4.46791
32, 0.05, 0.1, 4, 24, 4.46159
32, 0.05, 0.2, 1, 3, 4.40759
32, 0.05, 0.2, 2, 8, 4.47375
32, 0.05, 0.2, 3, 170, 4.46945
32, 0.05, 0.2, 4, 4, 4.46131
32, 0.05, 0.3, 1, 1, 4.51556
32, 0.05, 0.3, 2, 32, 4.48063
32, 0.05, 0.3, 3, 54, 4.46512
32, 0.05, 0.3, 4, 72, 4.49077
32, 0.05, 0.4, 1, 4, 4.45793
32, 0.05, 0.4, 2, 1, 4.46808
32, 0.05, 0.4, 3, 46, 4.47567
32, 0.05, 0.4, 4, 52, 4.47317
32, 0.05, 0.5, 1, 43, 4.42552
32, 0.05, 0.5, 2, 12, 4.47061
32, 0.05, 0.5, 3, 140, 4.48008
32, 0.05, 0.5, 4, 53, 4.48255
32, 0.05, 0.6, 1, 28, 4.48228
32, 0.05, 0.6, 2, 25, 4.4746
32, 0.05, 0.6, 3, 78, 4.47671
32, 0.05, 0.6, 4, 161, 4.46763
64, 0.0001, 0, 1, 241, 4.44776
64, 0.0001, 0, 2, 410, 4.3726
64, 0.0001, 0, 3, 138, 4.3728
64, 0.0001, 0, 4, 222, 4.39226
64, 0.0001, 0.1, 1, 679, 4.42982
64, 0.0001, 0.1, 2, 353, 4.38891
64, 0.0001, 0.1, 3, 248, 4.43169
64, 0.0001, 0.1, 4, 657, 4.37869
64, 0.0001, 0.2, 1, 218, 4.48921
64, 0.0001, 0.2, 2, 394, 4.39076
64, 0.0001, 0.2, 3, 301, 4.37615
64, 0.0001, 0.2, 4, 548, 4.40521
64, 0.0001, 0.3, 1, 487, 4.46729
64, 0.0001, 0.3, 2, 370, 4.37279
64, 0.0001, 0.3, 3, 396, 4.39409
64, 0.0001, 0.3, 4, 649, 4.44884
64, 0.0001, 0.4, 1, 1376, 4.38939
64, 0.0001, 0.4, 2, 420, 4.41679
64, 0.0001, 0.4, 3, 577, 4.42451
64, 0.0001, 0.4, 4, 1119, 4.39418
64, 0.0001, 0.5, 1, 470, 4.47423
64, 0.0001, 0.5, 2, 810, 4.42236
64, 0.0001, 0.5, 3, 785, 4.44079
64, 0.0001, 0.5, 4, 1484, 4.43356
64, 0.0001, 0.6, 1, 456, 4.44193
64, 0.0001, 0.6, 2, 1165, 4.41361
64, 0.0001, 0.6, 3, 155, 4.47994
64, 0.0001, 0.6, 4, 1169, 4.44185
64, 0.0005, 0, 1, 108, 4.43224
64, 0.0005, 0, 2, 17, 4.39282
64, 0.0005, 0, 3, 45, 4.37362
64, 0.0005, 0, 4, 64, 4.37194
64, 0.0005, 0.1, 1, 90, 4.41339
64, 0.0005, 0.1, 2, 32, 4.43479
64, 0.0005, 0.1, 3, 27, 4.42717
64, 0.0005, 0.1, 4, 103, 4.45421
64, 0.0005, 0.2, 1, 111, 4.40151
64, 0.0005, 0.2, 2, 107, 4.35866
64, 0.0005, 0.2, 3, 72, 4.34657
64, 0.0005, 0.2, 4, 63, 4.44456
64, 0.0005, 0.3, 1, 86, 4.42063
64, 0.0005, 0.3, 2, 151, 4.44094
64, 0.0005, 0.3, 3, 87, 4.45698
64, 0.0005, 0.3, 4, 165, 4.46508
64, 0.0005, 0.4, 1, 199, 4.36711
64, 0.0005, 0.4, 2, 55, 4.42166
64, 0.0005, 0.4, 3, 107, 4.39091
64, 0.0005, 0.4, 4, 208, 4.45988
64, 0.0005, 0.5, 1, 104, 4.44234
64, 0.0005, 0.5, 2, 236, 4.42382
64, 0.0005, 0.5, 3, 513, 4.43328
64, 0.0005, 0.5, 4, 582, 4.44661
64, 0.0005, 0.6, 1, 372, 4.41352
64, 0.0005, 0.6, 2, 246, 4.43993
64, 0.0005, 0.6, 3, 278, 4.4198
64, 0.0005, 0.6, 4, 373, 4.45162
64, 0.001, 0, 1, 57, 4.50127
64, 0.001, 0, 2, 22, 4.41864
64, 0.001, 0, 3, 18, 4.45276
64, 0.001, 0, 4, 35, 4.41021
64, 0.001, 0.1, 1, 35, 4.42904
64, 0.001, 0.1, 2, 27, 4.4091
64, 0.001, 0.1, 3, 18, 4.39883
64, 0.001, 0.1, 4, 71, 4.37019
64, 0.001, 0.2, 1, 0, 4.56437
64, 0.001, 0.2, 2, 19, 4.40209
64, 0.001, 0.2, 3, 28, 4.41248
64, 0.001, 0.2, 4, 57, 4.36411
64, 0.001, 0.3, 1, 54, 4.41149
64, 0.001, 0.3, 2, 54, 4.39363
64, 0.001, 0.3, 3, 89, 4.51562
64, 0.001, 0.3, 4, 105, 4.41497
64, 0.001, 0.4, 1, 192, 4.39806
64, 0.001, 0.4, 2, 87, 4.42651
64, 0.001, 0.4, 3, 52, 4.4635
64, 0.001, 0.4, 4, 213, 4.48183
64, 0.001, 0.5, 1, 87, 4.44099
64, 0.001, 0.5, 2, 125, 4.41158
64, 0.001, 0.5, 3, 134, 4.46565
64, 0.001, 0.5, 4, 225, 4.46324
64, 0.001, 0.6, 1, 105, 4.41485
64, 0.001, 0.6, 2, 116, 4.41323
64, 0.001, 0.6, 3, 248, 4.42444
64, 0.001, 0.6, 4, 171, 4.44505
64, 0.005, 0, 1, 22, 4.41119
64, 0.005, 0, 2, 2, 4.37446
64, 0.005, 0, 3, 2, 4.40073
64, 0.005, 0, 4, 6, 4.40461
64, 0.005, 0.1, 1, 55, 4.41511
64, 0.005, 0.1, 2, 9, 4.37174
64, 0.005, 0.1, 3, 182, 5.1443
64, 0.005, 0.1, 4, 199, 4.53477
64, 0.005, 0.2, 1, 63, 4.43815
64, 0.005, 0.2, 2, 9, 4.40035
64, 0.005, 0.2, 3, 100, 4.42173
64, 0.005, 0.2, 4, 43, 4.53267
64, 0.005, 0.3, 1, 37, 4.40517
64, 0.005, 0.3, 2, 16, 4.35923
64, 0.005, 0.3, 3, 128, 4.61079
64, 0.005, 0.3, 4, 3, 4.46284
64, 0.005, 0.4, 1, 20, 4.4536
64, 0.005, 0.4, 2, 176, 4.43103
64, 0.005, 0.4, 3, 36, 4.40311
64, 0.005, 0.4, 4, 6, 4.466
64, 0.005, 0.5, 1, 6, 4.43799
64, 0.005, 0.5, 2, 150, 4.52054
64, 0.005, 0.5, 3, 23, 4.4632
64, 0.005, 0.5, 4, 38, 4.4554
64, 0.005, 0.6, 1, 66, 4.39903
64, 0.005, 0.6, 2, 22, 4.44156
64, 0.005, 0.6, 3, 30, 4.46207
64, 0.005, 0.6, 4, 104, 4.44594
64, 0.01, 0, 1, 1, 4.44413
64, 0.01, 0, 2, 3, 4.36966
64, 0.01, 0, 3, 54, 4.92575
64, 0.01, 0, 4, 2, 4.39992
64, 0.01, 0.1, 1, 0, 4.4883
64, 0.01, 0.1, 2, 2, 4.41488
64, 0.01, 0.1, 3, 4, 4.3869
64, 0.01, 0.1, 4, 67, 4.39588
64, 0.01, 0.2, 1, 12, 4.39151
64, 0.01, 0.2, 2, 13, 4.40997
64, 0.01, 0.2, 3, 13, 4.40932
64, 0.01, 0.2, 4, 125, 4.52496
64, 0.01, 0.3, 1, 13, 4.45804
64, 0.01, 0.3, 2, 3, 4.42119
64, 0.01, 0.3, 3, 44, 4.48096
64, 0.01, 0.3, 4, 35, 4.49915
64, 0.01, 0.4, 1, 43, 4.405
64, 0.01, 0.4, 2, 8, 4.45874
64, 0.01, 0.4, 3, 34, 4.41549
64, 0.01, 0.4, 4, 16, 4.44793
64, 0.01, 0.5, 1, 44, 4.45166
64, 0.01, 0.5, 2, 7, 4.41408
64, 0.01, 0.5, 3, 34, 4.43098
64, 0.01, 0.5, 4, 15, 4.48047
64, 0.01, 0.6, 1, 60, 4.44025
64, 0.01, 0.6, 2, 34, 4.43428
64, 0.01, 0.6, 3, 11, 4.46279
64, 0.01, 0.6, 4, 19, 4.46634
64, 0.05, 0, 1, 4, 4.4093
64, 0.05, 0, 2, 11, 4.41984
64, 0.05, 0, 3, 32, 4.47003
64, 0.05, 0, 4, 2, 4.49229
64, 0.05, 0.1, 1, 1, 4.40375
64, 0.05, 0.1, 2, 4, 4.50633
64, 0.05, 0.1, 3, 2, 4.42446
64, 0.05, 0.1, 4, 6, 4.38639
64, 0.05, 0.2, 1, 1, 4.45002
64, 0.05, 0.2, 2, 4, 4.46968
64, 0.05, 0.2, 3, 10, 4.47338
64, 0.05, 0.2, 4, 0, 4.46571
64, 0.05, 0.3, 1, 2, 4.44312
64, 0.05, 0.3, 2, 2, 4.44297
64, 0.05, 0.3, 3, 114, 4.47384
64, 0.05, 0.3, 4, 298, 4.48199
64, 0.05, 0.4, 1, 5, 4.46622
64, 0.05, 0.4, 2, 96, 4.47563
64, 0.05, 0.4, 3, 88, 4.47412
64, 0.05, 0.4, 4, 57, 4.47083
64, 0.05, 0.5, 1, 9, 4.4256
64, 0.05, 0.5, 2, 15, 4.47615
64, 0.05, 0.5, 3, 57, 4.48243
64, 0.05, 0.5, 4, 86, 4.47146
64, 0.05, 0.6, 1, 10, 4.44274
64, 0.05, 0.6, 2, 0, 4.45704
64, 0.05, 0.6, 3, 3, 4.47636
64, 0.05, 0.6, 4, 71, 4.47017
128, 0.0001, 0, 1, 1068, 4.37392
128, 0.0001, 0, 2, 295, 4.41793
128, 0.0001, 0, 3, 202, 4.46073
128, 0.0001, 0, 4, 614, 4.32696
128, 0.0001, 0.1, 1, 322, 4.46652
128, 0.0001, 0.1, 2, 317, 4.43204
128, 0.0001, 0.1, 3, 329, 4.42401
128, 0.0001, 0.1, 4, 757, 4.36811
128, 0.0001, 0.2, 1, 1122, 4.35484
128, 0.0001, 0.2, 2, 476, 4.45189
128, 0.0001, 0.2, 3, 319, 4.431
128, 0.0001, 0.2, 4, 760, 4.4733
128, 0.0001, 0.3, 1, 466, 4.40266
128, 0.0001, 0.3, 2, 441, 4.44769
128, 0.0001, 0.3, 3, 592, 4.41548
128, 0.0001, 0.3, 4, 346, 4.45966
128, 0.0001, 0.4, 1, 1167, 4.41245
128, 0.0001, 0.4, 2, 805, 4.37776
128, 0.0001, 0.4, 3, 657, 4.43037
128, 0.0001, 0.4, 4, 1924, 4.44662
128, 0.0001, 0.5, 1, 1480, 4.43851
128, 0.0001, 0.5, 2, 819, 4.44291
128, 0.0001, 0.5, 3, 1727, 4.44199
128, 0.0001, 0.5, 4, 431, 4.45026
128, 0.0001, 0.6, 1, 1233, 4.46106
128, 0.0001, 0.6, 2, 667, 4.45584
128, 0.0001, 0.6, 3, 1882, 4.46194
128, 0.0001, 0.6, 4, 2647, 4.44659
128, 0.0005, 0, 1, 122, 4.38681
128, 0.0005, 0, 2, 100, 4.41174
128, 0.0005, 0, 3, 81, 4.38351
128, 0.0005, 0, 4, 129, 4.45582
128, 0.0005, 0.1, 1, 199, 4.39025
128, 0.0005, 0.1, 2, 12, 4.44647
128, 0.0005, 0.1, 3, 71, 4.38301
128, 0.0005, 0.1, 4, 50, 4.44408
128, 0.0005, 0.2, 1, 613, 4.42523
128, 0.0005, 0.2, 2, 154, 4.35315
128, 0.0005, 0.2, 3, 125, 4.41325
128, 0.0005, 0.2, 4, 304, 4.38089
128, 0.0005, 0.3, 1, 678, 4.33505
128, 0.0005, 0.3, 2, 191, 4.40847
128, 0.0005, 0.3, 3, 150, 4.46065
128, 0.0005, 0.3, 4, 359, 4.49129
128, 0.0005, 0.4, 1, 339, 4.42041
128, 0.0005, 0.4, 2, 248, 4.39534
128, 0.0005, 0.4, 3, 108, 4.44572
128, 0.0005, 0.4, 4, 464, 4.48252
128, 0.0005, 0.5, 1, 424, 4.39489
128, 0.0005, 0.5, 2, 114, 4.4354
128, 0.0005, 0.5, 3, 241, 4.43179
128, 0.0005, 0.5, 4, 46, 4.46702
128, 0.0005, 0.6, 1, 536, 4.39403
128, 0.0005, 0.6, 2, 412, 4.422
128, 0.0005, 0.6, 3, 0, 4.44822
128, 0.0005, 0.6, 4, 782, 4.43433
128, 0.001, 0, 1, 25, 4.45958
128, 0.001, 0, 2, 31, 4.41553
128, 0.001, 0, 3, 20, 4.40535
128, 0.001, 0, 4, 36, 4.34725
128, 0.001, 0.1, 1, 102, 4.42814
128, 0.001, 0.1, 2, 22, 4.44599
128, 0.001, 0.1, 3, 12, 4.44013
128, 0.001, 0.1, 4, 59, 4.42896
128, 0.001, 0.2, 1, 228, 4.37809
128, 0.001, 0.2, 2, 34, 4.45392
128, 0.001, 0.2, 3, 134, 4.49374
128, 0.001, 0.2, 4, 53, 4.42742
128, 0.001, 0.3, 1, 425, 4.39999
128, 0.001, 0.3, 2, 60, 4.4225
128, 0.001, 0.3, 3, 106, 4.4069
128, 0.001, 0.3, 4, 99, 4.41991
128, 0.001, 0.4, 1, 152, 4.43687
128, 0.001, 0.4, 2, 176, 4.46747
128, 0.001, 0.4, 3, 194, 4.4453
128, 0.001, 0.4, 4, 97, 4.43235
128, 0.001, 0.5, 1, 368, 4.35444
128, 0.001, 0.5, 2, 167, 4.39887
128, 0.001, 0.5, 3, 178, 4.40524
128, 0.001, 0.5, 4, 177, 4.45741
128, 0.001, 0.6, 1, 360, 4.39643
128, 0.001, 0.6, 2, 239, 4.42003
128, 0.001, 0.6, 3, 127, 4.43426
128, 0.001, 0.6, 4, 264, 4.44991
128, 0.005, 0, 1, 6, 4.43937
128, 0.005, 0, 2, 12, 4.38304
128, 0.005, 0, 3, 16, 4.45301
128, 0.005, 0, 4, 16, 4.34264
128, 0.005, 0.1, 1, 28, 4.41527
128, 0.005, 0.1, 2, 9, 4.38921
128, 0.005, 0.1, 3, 22, 4.44665
128, 0.005, 0.1, 4, 297, 4.62421
128, 0.005, 0.2, 1, 143, 4.41292
128, 0.005, 0.2, 2, 136, 4.6339
128, 0.005, 0.2, 3, 30, 4.39684
128, 0.005, 0.2, 4, 27, 4.45242
128, 0.005, 0.3, 1, 21, 4.43105
128, 0.005, 0.3, 2, 54, 4.46068
128, 0.005, 0.3, 3, 170, 4.41696
128, 0.005, 0.3, 4, 79, 4.52755
128, 0.005, 0.4, 1, 8, 4.4221
128, 0.005, 0.4, 2, 178, 4.45837
128, 0.005, 0.4, 3, 24, 4.43612
128, 0.005, 0.4, 4, 146, 4.44752
128, 0.005, 0.5, 1, 53, 4.4161
128, 0.005, 0.5, 2, 190, 4.61004
128, 0.005, 0.5, 3, 28, 4.43902
128, 0.005, 0.5, 4, 111, 4.44423
128, 0.005, 0.6, 1, 125, 4.4351
128, 0.005, 0.6, 2, 43, 4.42475
128, 0.005, 0.6, 3, 55, 4.46003
128, 0.005, 0.6, 4, 134, 4.46997
128, 0.01, 0, 1, 4, 4.41257
128, 0.01, 0, 2, 9, 4.42131
128, 0.01, 0, 3, 20, 4.42802
128, 0.01, 0, 4, 6, 4.42055
128, 0.01, 0.1, 1, 4, 4.44296
128, 0.01, 0.1, 2, 20, 4.41503
128, 0.01, 0.1, 3, 17, 4.53288
128, 0.01, 0.1, 4, 59, 4.86744
128, 0.01, 0.2, 1, 46, 4.47359
128, 0.01, 0.2, 2, 14, 4.48272
128, 0.01, 0.2, 3, 360, 4.57518
128, 0.01, 0.2, 4, 114, 4.57096
128, 0.01, 0.3, 1, 8, 4.46698
128, 0.01, 0.3, 2, 118, 4.52281
128, 0.01, 0.3, 3, 25, 4.4723
128, 0.01, 0.3, 4, 26, 4.41359
128, 0.01, 0.4, 1, 45, 4.40367
128, 0.01, 0.4, 2, 86, 4.46425
128, 0.01, 0.4, 3, 18, 4.43644
128, 0.01, 0.4, 4, 42, 4.47447
128, 0.01, 0.5, 1, 117, 4.44977
128, 0.01, 0.5, 2, 77, 4.46982
128, 0.01, 0.5, 3, 29, 4.44449
128, 0.01, 0.5, 4, 65, 4.44509
128, 0.01, 0.6, 1, 186, 4.44678
128, 0.01, 0.6, 2, 134, 4.46318
128, 0.01, 0.6, 3, 35, 4.45965
128, 0.01, 0.6, 4, 35, 4.46822
128, 0.05, 0, 1, 1, 4.44933
128, 0.05, 0, 2, 5, 4.3623
128, 0.05, 0, 3, 19, 4.45825
128, 0.05, 0, 4, 13, 4.55194
128, 0.05, 0.1, 1, 1, 4.50617
128, 0.05, 0.1, 2, 1, 4.47726
128, 0.05, 0.1, 3, 93, 4.60911
128, 0.05, 0.1, 4, 245, 4.45478
128, 0.05, 0.2, 1, 4, 4.48742
128, 0.05, 0.2, 2, 7, 4.44992
128, 0.05, 0.2, 3, 2, 4.44284
128, 0.05, 0.2, 4, 9, 4.47855
128, 0.05, 0.3, 1, 2, 4.38353
128, 0.05, 0.3, 2, 82, 4.47274
128, 0.05, 0.3, 3, 0, 4.45356
128, 0.05, 0.3, 4, 8, 4.46944
128, 0.05, 0.4, 1, 14, 4.5079
128, 0.05, 0.4, 2, 15, 4.45242
128, 0.05, 0.4, 3, 21, 4.47648
128, 0.05, 0.4, 4, 111, 4.47638
128, 0.05, 0.5, 1, 17, 4.44051
128, 0.05, 0.5, 2, 86, 4.4781
128, 0.05, 0.5, 3, 21, 4.47717
128, 0.05, 0.5, 4, 136, 4.46921
128, 0.05, 0.6, 1, 27, 4.47403
128, 0.05, 0.6, 2, 71, 4.47703
128, 0.05, 0.6, 3, 110, 4.48002
128, 0.05, 0.6, 4, 1, 4.46767
