1, 0.0001, 0, 1, 36, 4.38344
1, 0.0001, 0, 2, 44, 4.40267
1, 0.0001, 0, 3, 22, 4.3598
1, 0.0001, 0, 4, 30, 4.3927
1, 0.0001, 0.1, 1, 186, 4.43158
1, 0.0001, 0.1, 2, 93, 4.43758
1, 0.0001, 0.1, 3, 40, 4.40252
1, 0.0001, 0.1, 4, 44, 4.41996
1, 0.0001, 0.2, 1, 77, 4.39896
1, 0.0001, 0.2, 2, 19, 4.43355
1, 0.0001, 0.2, 3, 241, 4.50305
1, 0.0001, 0.2, 4, 65, 4.40368
1, 0.0001, 0.3, 1, 204, 4.38735
1, 0.0001, 0.3, 2, 23, 4.45091
1, 0.0001, 0.3, 3, 84, 4.39467
1, 0.0001, 0.3, 4, 123, 4.43369
1, 0.0001, 0.4, 1, 237, 4.40888
1, 0.0001, 0.4, 2, 210, 4.36249
1, 0.0001, 0.4, 3, 104, 4.45223
1, 0.0001, 0.4, 4, 315, 4.39563
1, 0.0001, 0.5, 1, 75, 4.42228
1, 0.0001, 0.5, 2, 194, 4.37118
1, 0.0001, 0.5, 3, 206, 4.37539
1, 0.0001, 0.5, 4, 352, 4.40892
1, 0.0001, 0.6, 1, 125, 4.43176
1, 0.0001, 0.6, 2, 183, 4.43564
1, 0.0001, 0.6, 3, 298, 4.40585
1, 0.0001, 0.6, 4, 310, 4.43278
1, 0.0005, 0, 1, 6, 4.4269
1, 0.0005, 0, 2, 4, 4.38808
1, 0.0005, 0, 3, 6, 4.36927
1, 0.0005, 0, 4, 8, 4.39921
1, 0.0005, 0.1, 1, 38, 4.36076
1, 0.0005, 0.1, 2, 6, 4.3977
1, 0.0005, 0.1, 3, 4, 4.40959
1, 0.0005, 0.1, 4, 35, 4.50331
1, 0.0005, 0.2, 1, 206, 4.49616
1, 0.0005, 0.2, 2, 68, 4.43772
1, 0.0005, 0.2, 3, 76, 4.47298
1, 0.0005, 0.2, 4, 37, 4.44814
1, 0.0005, 0.3, 1, 82, 4.35505
1, 0.0005, 0.3, 2, 5, 4.41977
1, 0.0005, 0.3, 3, 17, 4.47287
1, 0.0005, 0.3, 4, 48, 4.38469
1, 0.0005, 0.4, 1, 46, 4.34698
1, 0.0005, 0.4, 2, 9, 4.42068
1, 0.0005, 0.4, 3, 16, 4.41082
1, 0.0005, 0.4, 4, 68, 4.42986
1, 0.0005, 0.5, 1, 19, 4.47236
1, 0.0005, 0.5, 2, 73, 4.4417
1, 0.0005, 0.5, 3, 37, 4.42723
1, 0.0005, 0.5, 4, 118, 4.37116
1, 0.0005, 0.6, 1, 170, 4.41265
1, 0.0005, 0.6, 2, 46, 4.42736
1, 0.0005, 0.6, 3, 182, 4.4494
1, 0.0005, 0.6, 4, 151, 4.41751
1, 0.001, 0, 1, 6, 4.46543
1, 0.001, 0, 2, 3, 4.36802
1, 0.001, 0, 3, 2, 4.41399
1, 0.001, 0, 4, 6, 4.41713
1, 0.001, 0.1, 1, 6, 4.37403
1, 0.001, 0.1, 2, 0, 4.42305
1, 0.001, 0.1, 3, 118, 4.67475
1, 0.001, 0.1, 4, 14, 4.41053
1, 0.001, 0.2, 1, 9, 4.411
1, 0.001, 0.2, 2, 1, 4.43683
1, 0.001, 0.2, 3, 13, 4.39175
1, 0.001, 0.2, 4, 18, 4.40285
1, 0.001, 0.3, 1, 0, 4.4606
1, 0.001, 0.3, 2, 4, 4.41074
1, 0.001, 0.3, 3, 21, 4.44383
1, 0.001, 0.3, 4, 12, 4.38104
1, 0.001, 0.4, 1, 51, 4.3745
1, 0.001, 0.4, 2, 16, 4.34643
1, 0.001, 0.4, 3, 8, 4.39368
1, 0.001, 0.4, 4, 79, 4.39522
1, 0.001, 0.5, 1, 68, 4.38434
1, 0.001, 0.5, 2, 290, 4.43752
1, 0.001, 0.5, 3, 81, 4.44511
1, 0.001, 0.5, 4, 119, 4.39222
1, 0.001, 0.6, 1, 64, 4.4426
1, 0.001, 0.6, 2, 1, 4.46126
1, 0.001, 0.6, 3, 95, 4.43589
1, 0.001, 0.6, 4, 274, 4.44392
1, 0.005, 0, 1, 4, 4.44506
1, 0.005, 0, 2, 16, 4.58602
1, 0.005, 0, 3, 48, 4.59721
1, 0.005, 0, 4, 143, 4.82428
1, 0.005, 0.1, 1, 9, 4.3736
1, 0.005, 0.1, 2, 32, 4.45124
1, 0.005, 0.1, 3, 100, 4.37251
1, 0.005, 0.1, 4, 342, 4.39689
1, 0.005, 0.2, 1, 3, 4.43027
1, 0.005, 0.2, 2, 40, 4.67931
1, 0.005, 0.2, 3, 44, 4.45989
1, 0.005, 0.2, 4, 37, 4.43127
1, 0.005, 0.3, 1, 3, 4.48717
1, 0.005, 0.3, 2, 13, 4.46849
1, 0.005, 0.3, 3, 31, 4.44568
1, 0.005, 0.3, 4, 82, 4.41657
1, 0.005, 0.4, 1, 3, 4.42955
1, 0.005, 0.4, 2, 77, 4.47819
1, 0.005, 0.4, 3, 75, 4.41792
1, 0.005, 0.4, 4, 25, 4.42544
1, 0.005, 0.5, 1, 8, 4.42787
1, 0.005, 0.5, 2, 32, 4.44804
1, 0.005, 0.5, 3, 109, 4.44267
1, 0.005, 0.5, 4, 52, 4.44713
1, 0.005, 0.6, 1, 85, 4.44624
1, 0.005, 0.6, 2, 60, 4.44738
1, 0.005, 0.6, 3, 31, 4.48971
1, 0.005, 0.6, 4, 89, 4.46751
1, 0.01, 0, 1, 5, 4.33505
1, 0.01, 0, 2, 3, 4.31526
1, 0.01, 0, 3, 57, 4.46242
1, 0.01, 0, 4, 67, 4.54764
1, 0.01, 0.1, 1, 7, 4.37046
1, 0.01, 0.1, 2, 17, 4.44627
1, 0.01, 0.1, 3, 117, 4.5173
1, 0.01, 0.1, 4, 149, 4.46536
1, 0.01, 0.2, 1, 3, 4.36602
1, 0.01, 0.2, 2, 92, 4.49396
1, 0.01, 0.2, 3, 82, 4.46689
1, 0.01, 0.2, 4, 59, 4.45817
1, 0.01, 0.3, 1, 6, 4.48562
1, 0.01, 0.3, 2, 24, 4.45446
1, 0.01, 0.3, 3, 1, 4.50405
1, 0.01, 0.3, 4, 38, 4.45839
1, 0.01, 0.4, 1, 13, 4.38015
1, 0.01, 0.4, 2, 116, 12.1903
1, 0.01, 0.4, 3, 87, 4.50196
1, 0.01, 0.4, 4, 0, 4.46693
1, 0.01, 0.5, 1, 35, 4.52752
1, 0.01, 0.5, 2, 2, 4.48073
1, 0.01, 0.5, 3, 183, 4.50594
1, 0.01, 0.5, 4, 245, 4.54346
1, 0.01, 0.6, 1, 56, 4.53945
1, 0.01, 0.6, 2, 202, 6.90265
1, 0.01, 0.6, 3, 7, 4.44196
1, 0.01, 0.6, 4, 120, 4.45359
1, 0.05, 0, 1, 0, 4.61689
1, 0.05, 0, 2, 0, 4.5497
1, 0.05, 0, 3, 15, 157.517
1, 0.05, 0, 4, 34, 4.52796
1, 0.05, 0.1, 1, 83, 4.82844
1, 0.05, 0.1, 2, 12, 5.22019
1, 0.05, 0.1, 3, 6, 5.60837
1, 0.05, 0.1, 4, 2, 4.51603
1, 0.05, 0.2, 1, 168, 4.70404
1, 0.05, 0.2, 2, 0, 4.51429
1, 0.05, 0.2, 3, 19, 4.67404
1, 0.05, 0.2, 4, 11, 4.52568
1, 0.05, 0.3, 1, 52, 5.74268
1, 0.05, 0.3, 2, 4, 4.7034
1, 0.05, 0.3, 3, 4, 6.43029
1, 0.05, 0.3, 4, 5, 4.46504
1, 0.05, 0.4, 1, 92, 6.48984
1, 0.05, 0.4, 2, 7, 5.06289
1, 0.05, 0.4, 3, 13, 5.16997
1, 0.05, 0.4, 4, 9, 4.42022
1, 0.05, 0.5, 1, 102, 4.71331
1, 0.05, 0.5, 2, 89, 5.07843
1, 0.05, 0.5, 3, 13, 4.93083
1, 0.05, 0.5, 4, 8, 4.67429
1, 0.05, 0.6, 1, 97, 4.46987
1, 0.05, 0.6, 2, 53, 5.75145
1, 0.05, 0.6, 3, 8, 12.2709
1, 0.05, 0.6, 4, 22, 4.73065
2, 0.0001, 0, 1, 69, 4.40829
2, 0.0001, 0, 2, 38, 4.35801
2, 0.0001, 0, 3, 40, 4.32639
2, 0.0001, 0, 4, 101, 4.36866
2, 0.0001, 0.1, 1, 123, 4.4681
2, 0.0001, 0.1, 2, 38, 4.36964
2, 0.0001, 0.1, 3, 46, 4.42395
2, 0.0001, 0.1, 4, 111, 4.43902
2, 0.0001, 0.2, 1, 75, 4.44102
2, 0.0001, 0.2, 2, 32, 4.4075
2, 0.0001, 0.2, 3, 62, 4.35767
2, 0.0001, 0.2, 4, 229, 4.32317
2, 0.0001, 0.3, 1, 100, 4.41672
2, 0.0001, 0.3, 2, 44, 4.46947
2, 0.0001, 0.3, 3, 72, 4.40056
2, 0.0001, 0.3, 4, 158, 4.41663
2, 0.0001, 0.4, 1, 122, 4.393
2, 0.0001, 0.4, 2, 213, 4.39028
2, 0.0001, 0.4, 3, 95, 4.40577
2, 0.0001, 0.4, 4, 254, 4.3832
2, 0.0001, 0.5, 1, 345, 4.39169
2, 0.0001, 0.5, 2, 310, 4.42883
2, 0.0001, 0.5, 3, 263, 4.36389
2, 0.0001, 0.5, 4, 397, 4.4181
2, 0.0001, 0.6, 1, 238, 4.43106
2, 0.0001, 0.6, 2, 348, 4.42503
2, 0.0001, 0.6, 3, 576, 4.40901
2, 0.0001, 0.6, 4, 367, 4.4456
2, 0.0005, 0, 1, 9, 4.48238
2, 0.0005, 0, 2, 5, 4.38192
2, 0.0005, 0, 3, 7, 4.42676
2, 0.0005, 0, 4, 13, 4.38219
2, 0.0005, 0.1, 1, 60, 4.47927
2, 0.0005, 0.1, 2, 115, 4.82543
2, 0.0005, 0.1, 3, 71, 4.64317
2, 0.0005, 0.1, 4, 105, 4.54742
2, 0.0005, 0.2, 1, 12, 4.44963
2, 0.0005, 0.2, 2, 38, 4.45862
2, 0.0005, 0.2, 3, 99, 4.57908
2, 0.0005, 0.2, 4, 61, 4.38121
2, 0.0005, 0.3, 1, 3, 4.46887
2, 0.0005, 0.3, 2, 31, 4.44973
2, 0.0005, 0.3, 3, 16, 4.39658
2, 0.0005, 0.3, 4, 28, 4.44412
2, 0.0005, 0.4, 1, 69, 4.37972
2, 0.0005, 0.4, 2, 87, 4.32493
2, 0.0005, 0.4, 3, 23, 4.41175
2, 0.0005, 0.4, 4, 23, 4.43153
2, 0.0005, 0.5, 1, 81, 4.41314
2, 0.0005, 0.5, 2, 60, 4.38451
2, 0.0005, 0.5, 3, 103, 4.45479
2, 0.0005, 0.5, 4, 73, 4.45614
2, 0.0005, 0.6, 1, 259, 4.41151
2, 0.0005, 0.6, 2, 70, 4.4002
2, 0.0005, 0.6, 3, 77, 4.44066
2, 0.0005, 0.6, 4, 269, 4.44317
2, 0.001, 0, 1, 9, 4.38856
2, 0.001, 0, 2, 3, 4.40598
2, 0.001, 0, 3, 26, 4.69151
2, 0.001, 0, 4, 6, 4.37704
2, 0.001, 0.1, 1, 12, 4.38136
2, 0.001, 0.1, 2, 6, 4.32857
2, 0.001, 0.1, 3, 7, 4.35345
2, 0.001, 0.1, 4, 16, 4.45344
2, 0.001, 0.2, 1, 22, 4.43067
2, 0.001, 0.2, 2, 6, 4.43606
2, 0.001, 0.2, 3, 7, 4.43422
2, 0.001, 0.2, 4, 19, 4.38547
2, 0.001, 0.3, 1, 137, 4.45491
2, 0.001, 0.3, 2, 50, 4.5365
2, 0.001, 0.3, 3, 18, 4.44491
2, 0.001, 0.3, 4, 47, 4.45051
2, 0.001, 0.4, 1, 98, 4.40147
2, 0.001, 0.4, 2, 59, 4.42795
2, 0.001, 0.4, 3, 15, 4.45609
2, 0.001, 0.4, 4, 36, 4.46325
2, 0.001, 0.5, 1, 33, 4.38953
2, 0.001, 0.5, 2, 27, 4.38605
2, 0.001, 0.5, 3, 64, 4.44084
2, 0.001, 0.5, 4, 159, 4.45006
2, 0.001, 0.6, 1, 30, 4.39807
2, 0.001, 0.6, 2, 38, 4.45247
2, 0.001, 0.6, 3, 138, 4.42015
2, 0.001, 0.6, 4, 113, 4.43707
2, 0.005, 0, 1, 5, 4.48634
2, 0.005, 0, 2, 3, 4.38622
2, 0.005, 0, 3, 109, 5.20385
2, 0.005, 0, 4, 18, 4.8174
2, 0.005, 0.1, 1, 1, 4.40829
2, 0.005, 0.1, 2, 29, 4.45935
2, 0.005, 0.1, 3, 7, 4.53873
2, 0.005, 0.1, 4, 5, 4.49952
2, 0.005, 0.2, 1, 9, 4.36756
2, 0.005, 0.2, 2, 42, 4.48717
2, 0.005, 0.2, 3, 9, 4.51328
2, 0.005, 0.2, 4, 20, 4.45865
2, 0.005, 0.3, 1, 9, 4.40014
2, 0.005, 0.3, 2, 64, 4.8269
2, 0.005, 0.3, 3, 2, 4.52416
2, 0.005, 0.3, 4, 10, 4.43347
2, 0.005, 0.4, 1, 14, 4.39385
2, 0.005, 0.4, 2, 7, 4.46881
2, 0.005, 0.4, 3, 80, 4.49658
2, 0.005, 0.4, 4, 32, 4.43115
2, 0.005, 0.5, 1, 8, 4.44032
2, 0.005, 0.5, 2, 112, 4.42039
2, 0.005, 0.5, 3, 136, 4.43604
2, 0.005, 0.5, 4, 49, 4.44397
2, 0.005, 0.6, 1, 13, 4.41587
2, 0.005, 0.6, 2, 24, 4.48288
2, 0.005, 0.6, 3, 149, 4.43981
2, 0.005, 0.6, 4, 121, 4.42534
2, 0.01, 0, 1, 3, 4.42088
2, 0.01, 0, 2, 49, 5.16118
2, 0.01, 0, 3, 24, 4.43316
2, 0.01, 0, 4, 29, 4.3979
2, 0.01, 0.1, 1, 4, 4.39374
2, 0.01, 0.1, 2, 115, 4.4703
2, 0.01, 0.1, 3, 6, 4.54176
2, 0.01, 0.1, 4, 72, 4.41856
2, 0.01, 0.2, 1, 10, 4.39793
2, 0.01, 0.2, 2, 1, 4.45214
2, 0.01, 0.2, 3, 72, 4.42616
2, 0.01, 0.2, 4, 136, 4.41833
2, 0.01, 0.3, 1, 6, 4.38278
2, 0.01, 0.3, 2, 49, 4.50531
2, 0.01, 0.3, 3, 48, 4.4958
2, 0.01, 0.3, 4, 51, 4.45385
2, 0.01, 0.4, 1, 14, 4.47818
2, 0.01, 0.4, 2, 33, 4.44539
2, 0.01, 0.4, 3, 125, 4.47221
2, 0.01, 0.4, 4, 20, 4.45608
2, 0.01, 0.5, 1, 27, 4.4749
2, 0.01, 0.5, 2, 23, 4.42502
2, 0.01, 0.5, 3, 0, 4.46856
2, 0.01, 0.5, 4, 126, 4.47076
2, 0.01, 0.6, 1, 135, 4.66404
2, 0.01, 0.6, 2, 0, 4.456
2, 0.01, 0.6, 3, 31, 4.46326
2, 0.01, 0.6, 4, 99, 4.46645
2, 0.05, 0, 1, 45, 4.94574
2, 0.05, 0, 2, 5, 4.81895
2, 0.05, 0, 3, 13, 4.60083
2, 0.05, 0, 4, 1, 4.3886
2, 0.05, 0.1, 1, 60, 6.14352
2, 0.05, 0.1, 2, 109, 7.26714
2, 0.05, 0.1, 3, 12, 4.50882
2, 0.05, 0.1, 4, 49, 4.44406
2, 0.05, 0.2, 1, 140, 4.66883
2, 0.05, 0.2, 2, 2, 4.52892
2, 0.05, 0.2, 3, 2, 5.10905
2, 0.05, 0.2, 4, 0, 4.47335
2, 0.05, 0.3, 1, 181, 4.44926
2, 0.05, 0.3, 2, 12, 4.54041
2, 0.05, 0.3, 3, 2, 4.65541
2, 0.05, 0.3, 4, 23, 4.46184
2, 0.05, 0.4, 1, 65, 6.499
2, 0.05, 0.4, 2, 88, 6.63141
2, 0.05, 0.4, 3, 8, 5.14656
2, 0.05, 0.4, 4, 1, 4.48235
2, 0.05, 0.5, 1, 100, 4.4897
2, 0.05, 0.5, 2, 1, 4.61127
2, 0.05, 0.5, 3, 15, 6.30028
2, 0.05, 0.5, 4, 20, 4.50858
2, 0.05, 0.6, 1, 155, 4.65144
2, 0.05, 0.6, 2, 61, 4.42783
2, 0.05, 0.6, 3, 29, 4.54636
2, 0.05, 0.6, 4, 6, 4.46948
4, 0.0001, 0, 1, 135, 4.3875
4, 0.0001, 0, 2, 46, 4.46368
4, 0.0001, 0, 3, 38, 4.38322
4, 0.0001, 0, 4, 90, 4.43836
4, 0.0001, 0.1, 1, 192, 4.39993
4, 0.0001, 0.1, 2, 45, 4.42816
4, 0.0001, 0.1, 3, 113, 4.46733
4, 0.0001, 0.1, 4, 180, 4.47916
4, 0.0001, 0.2, 1, 40, 4.4402
4, 0.0001, 0.2, 2, 62, 4.36722
4, 0.0001, 0.2, 3, 146, 4.42004
4, 0.0001, 0.2, 4, 41, 4.44222
4, 0.0001, 0.3, 1, 272, 4.47192
4, 0.0001, 0.3, 2, 132, 4.41433
4, 0.0001, 0.3, 3, 188, 4.40972
4, 0.0001, 0.3, 4, 185, 4.4203
4, 0.0001, 0.4, 1, 26, 4.42605
4, 0.0001, 0.4, 2, 474, 4.48947
4, 0.0001, 0.4, 3, 269, 4.38105
4, 0.0001, 0.4, 4, 216, 4.43223
4, 0.0001, 0.5, 1, 291, 4.43549
4, 0.0001, 0.5, 2, 470, 4.43443
4, 0.0001, 0.5, 3, 294, 4.43721
4, 0.0001, 0.5, 4, 800, 4.39696
4, 0.0001, 0.6, 1, 535, 4.41134
4, 0.0001, 0.6, 2, 242, 4.41348
4, 0.0001, 0.6, 3, 1, 4.48439
4, 0.0001, 0.6, 4, 451, 4.43708
4, 0.0005, 0, 1, 32, 4.41457
4, 0.0005, 0, 2, 19, 4.39102
4, 0.0005, 0, 3, 15, 4.37726
4, 0.0005, 0, 4, 14, 4.41994
4, 0.0005, 0.1, 1, 15, 4.44634
4, 0.0005, 0.1, 2, 20, 4.35179
4, 0.0005, 0.1, 3, 19, 4.34732
4, 0.0005, 0.1, 4, 35, 4.38126
4, 0.0005, 0.2, 1, 56, 4.3923
4, 0.0005, 0.2, 2, 29, 4.41448
4, 0.0005, 0.2, 3, 80, 4.65391
4, 0.0005, 0.2, 4, 61, 4.40497
4, 0.0005, 0.3, 1, 37, 4.36197
4, 0.0005, 0.3, 2, 38, 4.40265
4, 0.0005, 0.3, 3, 265, 4.59657
4, 0.0005, 0.3, 4, 42, 4.42016
4, 0.0005, 0.4, 1, 139, 4.36595
4, 0.0005, 0.4, 2, 56, 4.39577
4, 0.0005, 0.4, 3, 29, 4.41634
4, 0.0005, 0.4, 4, 76, 4.40534
4, 0.0005, 0.5, 1, 181, 4.38293
4, 0.0005, 0.5, 2, 39, 4.41574
4, 0.0005, 0.5, 3, 63, 4.39918
4, 0.0005, 0.5, 4, 136, 4.44128
4, 0.0005, 0.6, 1, 118, 4.42264
4, 0.0005, 0.6, 2, 55, 4.42914
4, 0.0005, 0.6, 3, 136, 4.44492
4, 0.0005, 0.6, 4, 204, 4.451
4, 0.001, 0, 1, 10, 4.3571
4, 0.001, 0, 2, 8, 4.37076
4, 0.001, 0, 3, 3, 4.42837
4, 0.001, 0, 4, 10, 4.42678
4, 0.001, 0.1, 1, 13, 4.37543
4, 0.001, 0.1, 2, 5, 4.43043
4, 0.001, 0.1, 3, 9, 4.34959
4, 0.001, 0.1, 4, 11, 4.42772
4, 0.001, 0.2, 1, 27, 4.38448
4, 0.001, 0.2, 2, 58, 4.4627
4, 0.001, 0.2, 3, 6, 4.40216
4, 0.001, 0.2, 4, 10, 4.41205
4, 0.001, 0.3, 1, 100, 4.41622
4, 0.001, 0.3, 2, 18, 4.39563
4, 0.001, 0.3, 3, 48, 4.44829
4, 0.001, 0.3, 4, 4, 4.46515
4, 0.001, 0.4, 1, 7, 4.48364
4, 0.001, 0.4, 2, 28, 4.39732
4, 0.001, 0.4, 3, 11, 4.43312
4, 0.001, 0.4, 4, 49, 4.4306
4, 0.001, 0.5, 1, 70, 4.46739
4, 0.001, 0.5, 2, 25, 4.3991
4, 0.001, 0.5, 3, 33, 4.41538
4, 0.001, 0.5, 4, 105, 4.38793
4, 0.001, 0.6, 1, 41, 4.39988
4, 0.001, 0.6, 2, 72, 4.41359
4, 0.001, 0.6, 3, 115, 4.43826
4, 0.001, 0.6, 4, 120, 4.41179
4, 0.005, 0, 1, 11, 4.40065
4, 0.005, 0, 2, 10, 4.4539
4, 0.005, 0, 3, 20, 4.50335
4, 0.005, 0, 4, 12, 4.69634
4, 0.005, 0.1, 1, 6, 4.39633
4, 0.005, 0.1, 2, 18, 4.68866
4, 0.005, 0.1, 3, 133, 4.78625
4, 0.005, 0.1, 4, 54, 4.548
4, 0.005, 0.2, 1, 6, 4.33731
4, 0.005, 0.2, 2, 127, 4.5259
4, 0.005, 0.2, 3, 232, 4.47967
4, 0.005, 0.2, 4, 125, 4.73728
4, 0.005, 0.3, 1, 25, 4.4233
4, 0.005, 0.3, 2, 5, 4.43435
4, 0.005, 0.3, 3, 20, 4.43489
4, 0.005, 0.3, 4, 29, 4.47992
4, 0.005, 0.4, 1, 20, 4.42789
4, 0.005, 0.4, 2, 90, 4.4896
4, 0.005, 0.4, 3, 39, 4.42229
4, 0.005, 0.4, 4, 34, 4.44438
4, 0.005, 0.5, 1, 15, 4.39376
4, 0.005, 0.5, 2, 81, 4.38268
4, 0.005, 0.5, 3, 122, 4.40487
4, 0.005, 0.5, 4, 80, 4.44828
4, 0.005, 0.6, 1, 15, 4.41655
4, 0.005, 0.6, 2, 63, 4.43584
4, 0.005, 0.6, 3, 22, 4.45635
4, 0.005, 0.6, 4, 75, 4.45172
4, 0.01, 0, 1, 3, 4.50553
4, 0.01, 0, 2, 40, 5.03867
4, 0.01, 0, 3, 83, 4.44908
4, 0.01, 0, 4, 61, 4.69736
4, 0.01, 0.1, 1, 5, 4.45434
4, 0.01, 0.1, 2, 79, 4.40511
4, 0.01, 0.1, 3, 14, 4.45018
4, 0.01, 0.1, 4, 9, 4.46555
4, 0.01, 0.2, 1, 12, 4.47867
4, 0.01, 0.2, 2, 14, 4.34423
4, 0.01, 0.2, 3, 0, 4.45683
4, 0.01, 0.2, 4, 69, 4.43672
4, 0.01, 0.3, 1, 17, 4.32771
4, 0.01, 0.3, 2, 135, 4.47294
4, 0.01, 0.3, 3, 30, 4.41852
4, 0.01, 0.3, 4, 39, 4.41469
4, 0.01, 0.4, 1, 17, 4.43072
4, 0.01, 0.4, 2, 45, 4.44123
4, 0.01, 0.4, 3, 47, 4.43163
4, 0.01, 0.4, 4, 33, 4.45106
4, 0.01, 0.5, 1, 16, 4.45563
4, 0.01, 0.5, 2, 110, 4.43138
4, 0.01, 0.5, 3, 18, 4.45477
4, 0.01, 0.5, 4, 33, 4.45436
4, 0.01, 0.6, 1, 18, 4.42321
4, 0.01, 0.6, 2, 47, 4.43717
4, 0.01, 0.6, 3, 8, 4.45894
4, 0.01, 0.6, 4, 8, 4.46175
4, 0.05, 0, 1, 19, 4.52389
4, 0.05, 0, 2, 0, 4.66887
4, 0.05, 0, 3, 11, 4.45145
4, 0.05, 0, 4, 1, 4.45244
4, 0.05, 0.1, 1, 75, 4.95765
4, 0.05, 0.1, 2, 52, 9.08554
4, 0.05, 0.1, 3, 1, 5.41549
4, 0.05, 0.1, 4, 21, 4.51916
4, 0.05, 0.2, 1, 1, 4.4848
4, 0.05, 0.2, 2, 155, 4.60965
4, 0.05, 0.2, 3, 21, 4.49147
4, 0.05, 0.2, 4, 0, 4.48238
4, 0.05, 0.3, 1, 22, 4.61779
4, 0.05, 0.3, 2, 142, 4.46194
4, 0.05, 0.3, 3, 13, 4.45827
4, 0.05, 0.3, 4, 4, 4.50699
4, 0.05, 0.4, 1, 18, 4.73318
4, 0.05, 0.4, 2, 6, 4.60872
4, 0.05, 0.4, 3, 8, 4.54575
4, 0.05, 0.4, 4, 2, 4.45547
4, 0.05, 0.5, 1, 32, 4.53898
4, 0.05, 0.5, 2, 46, 4.44725
4, 0.05, 0.5, 3, 9, 4.58587
4, 0.05, 0.5, 4, 110, 4.43938
4, 0.05, 0.6, 1, 12, 4.56604
4, 0.05, 0.6, 2, 14, 4.51653
4, 0.05, 0.6, 3, 0, 4.39397
4, 0.05, 0.6, 4, 99, 4.46603
8, 0.0001, 0, 1, 93, 4.44294
8, 0.0001, 0, 2, 46, 4.39774
8, 0.0001, 0, 3, 46, 4.42782
8, 0.0001, 0, 4, 117, 4.48766
8, 0.0001, 0.1, 1, 318, 4.35841
8, 0.0001, 0.1, 2, 248, 4.40172
8, 0.0001, 0.1, 3, 129, 4.39901
8, 0.0001, 0.1, 4, 99, 4.4539
8, 0.0001, 0.2, 1, 542, 4.37561
8, 0.0001, 0.2, 2, 90, 4.42641
8, 0.0001, 0.2, 3, 203, 4.38886
8, 0.0001, 0.2, 4, 160, 4.4487
8, 0.0001, 0.3, 1, 280, 4.41149
8, 0.0001, 0.3, 2, 658, 4.42354
8, 0.0001, 0.3, 3, 166, 4.44654
8, 0.0001, 0.3, 4, 225, 4.37881
8, 0.0001, 0.4, 1, 215, 4.40322
8, 0.0001, 0.4, 2, 162, 4.38232
8, 0.0001, 0.4, 3, 317, 4.3902
8, 0.0001, 0.4, 4, 1297, 4.484
8, 0.0001, 0.5, 1, 378, 4.45133
8, 0.0001, 0.5, 2, 240, 4.42881
8, 0.0001, 0.5, 3, 308, 4.41729
8, 0.0001, 0.5, 4, 711, 4.42001
8, 0.0001, 0.6, 1, 353, 4.44123
8, 0.0001, 0.6, 2, 643, 4.40482
8, 0.0001, 0.6, 3, 414, 4.43284
8, 0.0001, 0.6, 4, 694, 4.43041
8, 0.0005, 0, 1, 10, 4.42254
8, 0.0005, 0, 2, 8, 4.43976
8, 0.0005, 0, 3, 9, 4.41578
8, 0.0005, 0, 4, 25, 4.41565
8, 0.0005, 0.1, 1, 25, 4.38911
8, 0.0005, 0.1, 2, 17, 4.4296
8, 0.0005, 0.1, 3, 9, 4.42784
8, 0.0005, 0.1, 4, 34, 4.38497
8, 0.0005, 0.2, 1, 30, 4.46873
8, 0.0005, 0.2, 2, 188, 4.47645
8, 0.0005, 0.2, 3, 13, 4.42459
8, 0.0005, 0.2, 4, 98, 4.4341
8, 0.0005, 0.3, 1, 94, 4.44896
8, 0.0005, 0.3, 2, 19, 4.41663
8, 0.0005, 0.3, 3, 67, 4.38163
8, 0.0005, 0.3, 4, 53, 4.40822
8, 0.0005, 0.4, 1, 48, 4.41427
8, 0.0005, 0.4, 2, 69, 4.40646
8, 0.0005, 0.4, 3, 91, 4.36377
8, 0.0005, 0.4, 4, 100, 4.3831
8, 0.0005, 0.5, 1, 187, 4.43799
8, 0.0005, 0.5, 2, 143, 4.43354
8, 0.0005, 0.5, 3, 82, 4.41178
8, 0.0005, 0.5, 4, 60, 4.43216
8, 0.0005, 0.6, 1, 109, 4.43583
8, 0.0005, 0.6, 2, 198, 4.45319
8, 0.0005, 0.6, 3, 113, 4.41317
8, 0.0005, 0.6, 4, 393, 4.40992
8, 0.001, 0, 1, 34, 4.40618
8, 0.001, 0, 2, 4, 4.43864
8, 0.001, 0, 3, 7, 4.31681
8, 0.001, 0, 4, 27, 4.45951
8, 0.001, 0.1, 1, 21, 4.40294
8, 0.001, 0.1, 2, 13, 4.32658
8, 0.001, 0.1, 3, 6, 4.43514
8, 0.001, 0.1, 4, 21, 4.44923
8, 0.001, 0.2, 1, 56, 4.40508
8, 0.001, 0.2, 2, 46, 4.3937
8, 0.001, 0.2, 3, 6, 4.42186
8, 0.001, 0.2, 4, 24, 4.42236
8, 0.001, 0.3, 1, 20, 4.42217
8, 0.001, 0.3, 2, 98, 4.59215
8, 0.001, 0.3, 3, 84, 4.5851
8, 0.001, 0.3, 4, 45, 4.43281
8, 0.001, 0.4, 1, 99, 4.36161
8, 0.001, 0.4, 2, 149, 4.46394
8, 0.001, 0.4, 3, 44, 4.40116
8, 0.001, 0.4, 4, 61, 4.39155
8, 0.001, 0.5, 1, 52, 4.41335
8, 0.001, 0.5, 2, 56, 4.41845
8, 0.001, 0.5, 3, 62, 4.41172
8, 0.001, 0.5, 4, 178, 4.43188
8, 0.001, 0.6, 1, 125, 4.37387
8, 0.001, 0.6, 2, 165, 4.44319
8, 0.001, 0.6, 3, 106, 4.44137
8, 0.001, 0.6, 4, 91, 4.4581
8, 0.005, 0, 1, 13, 4.40642
8, 0.005, 0, 2, 24, 5.35093
8, 0.005, 0, 3, 4, 4.37305
8, 0.005, 0, 4, 6, 4.38954
8, 0.005, 0.1, 1, 15, 4.43249
8, 0.005, 0.1, 2, 20, 4.48803
8, 0.005, 0.1, 3, 19, 4.52383
8, 0.005, 0.1, 4, 128, 4.57903
8, 0.005, 0.2, 1, 46, 4.44109
8, 0.005, 0.2, 2, 78, 4.56085
8, 0.005, 0.2, 3, 21, 4.43579
8, 0.005, 0.2, 4, 106, 4.47768
8, 0.005, 0.3, 1, 22, 4.38246
8, 0.005, 0.3, 2, 132, 4.53641
8, 0.005, 0.3, 3, 11, 4.43516
8, 0.005, 0.3, 4, 87, 4.53478
8, 0.005, 0.4, 1, 18, 4.40787
8, 0.005, 0.4, 2, 1, 4.4383
8, 0.005, 0.4, 3, 30, 4.39881
8, 0.005, 0.4, 4, 32, 4.41475
8, 0.005, 0.5, 1, 24, 4.39863
8, 0.005, 0.5, 2, 33, 4.48211
8, 0.005, 0.5, 3, 84, 4.44911
8, 0.005, 0.5, 4, 46, 4.44396
8, 0.005, 0.6, 1, 59, 4.48627
8, 0.005, 0.6, 2, 97, 4.42697
8, 0.005, 0.6, 3, 137, 4.44843
8, 0.005, 0.6, 4, 111, 4.43138
8, 0.01, 0, 1, 2, 4.37372
8, 0.01, 0, 2, 154, 5.37151
8, 0.01, 0, 3, 3, 4.37653
8, 0.01, 0, 4, 62, 4.80515
8, 0.01, 0.1, 1, 12, 4.46483
8, 0.01, 0.1, 2, 160, 4.69806
8, 0.01, 0.1, 3, 14, 4.44787
8, 0.01, 0.1, 4, 130, 4.48571
8, 0.01, 0.2, 1, 16, 4.47062
8, 0.01, 0.2, 2, 23, 4.42472
8, 0.01, 0.2, 3, 121, 4.42832
8, 0.01, 0.2, 4, 64, 4.44206
8, 0.01, 0.3, 1, 29, 4.43629
8, 0.01, 0.3, 2, 65, 4.97086
8, 0.01, 0.3, 3, 70, 4.40038
8, 0.01, 0.3, 4, 47, 4.45573
8, 0.01, 0.4, 1, 9, 4.37576
8, 0.01, 0.4, 2, 4, 4.48347
8, 0.01, 0.4, 3, 97, 4.41852
8, 0.01, 0.4, 4, 19, 4.45842
8, 0.01, 0.5, 1, 22, 4.449
8, 0.01, 0.5, 2, 5, 4.44814
8, 0.01, 0.5, 3, 110, 4.41253
8, 0.01, 0.5, 4, 212, 4.45017
8, 0.01, 0.6, 1, 13, 4.39935
8, 0.01, 0.6, 2, 0, 4.4625
8, 0.01, 0.6, 3, 29, 4.46194
8, 0.01, 0.6, 4, 42, 4.47025
8, 0.05, 0, 1, 4, 4.59155
8, 0.05, 0, 2, 101, 547.545
8, 0.05, 0, 3, 3, 4.50671
8, 0.05, 0, 4, 9, 4.47885
8, 0.05, 0.1, 1, 56, 4.97574
8, 0.05, 0.1, 2, 30, 4.5393
8, 0.05, 0.1, 3, 4, 4.44791
8, 0.05, 0.1, 4, 3, 4.46866
8, 0.05, 0.2, 1, 8, 4.4987
8, 0.05, 0.2, 2, 58, 4.51765
8, 0.05, 0.2, 3, 34, 4.50549
8, 0.05, 0.2, 4, 2, 4.45842
8, 0.05, 0.3, 1, 22, 4.49762
8, 0.05, 0.3, 2, 0, 4.47138
8, 0.05, 0.3, 3, 0, 4.506
8, 0.05, 0.3, 4, 0, 4.45487
8, 0.05, 0.4, 1, 0, 4.47441
8, 0.05, 0.4, 2, 44, 4.47471
8, 0.05, 0.4, 3, 0, 4.45772
8, 0.05, 0.4, 4, 6, 4.48849
8, 0.05, 0.5, 1, 6, 4.51592
8, 0.05, 0.5, 2, 108, 4.58537
8, 0.05, 0.5, 3, 10, 4.46853
8, 0.05, 0.5, 4, 2, 4.46342
8, 0.05, 0.6, 1, 151, 4.48338
8, 0.05, 0.6, 2, 49, 4.56026
8, 0.05, 0.6, 3, 60, 4.48864
8, 0.05, 0.6, 4, 24, 4.49306
16, 0.0001, 0, 1, 281, 4.40721
16, 0.0001, 0, 2, 128, 4.381
16, 0.0001, 0, 3, 49, 4.43006
16, 0.0001, 0, 4, 123, 4.43111
16, 0.0001, 0.1, 1, 193, 4.4316
16, 0.0001, 0.1, 2, 53, 4.39412
16, 0.0001, 0.1, 3, 53, 4.45841
16, 0.0001, 0.1, 4, 112, 4.4405
16, 0.0001, 0.2, 1, 308, 4.43502
16, 0.0001, 0.2, 2, 130, 4.41683
16, 0.0001, 0.2, 3, 144, 4.40969
16, 0.0001, 0.2, 4, 391, 4.36277
16, 0.0001, 0.3, 1, 333, 4.37386
16, 0.0001, 0.3, 2, 90, 4.44475
16, 0.0001, 0.3, 3, 319, 4.4055
16, 0.0001, 0.3, 4, 584, 4.40547
16, 0.0001, 0.4, 1, 459, 4.44651
16, 0.0001, 0.4, 2, 298, 4.37618
16, 0.0001, 0.4, 3, 337, 4.42304
16, 0.0001, 0.4, 4, 650, 4.4027
16, 0.0001, 0.5, 1, 494, 4.40066
16, 0.0001, 0.5, 2, 472, 4.41656
16, 0.0001, 0.5, 3, 487, 4.41746
16, 0.0001, 0.5, 4, 91, 4.46111
16, 0.0001, 0.6, 1, 442, 4.39278
16, 0.0001, 0.6, 2, 665, 4.41369
16, 0.0001, 0.6, 3, 994, 4.41567
16, 0.0001, 0.6, 4, 1147, 4.45266
16, 0.0005, 0, 1, 79, 4.36827
16, 0.0005, 0, 2, 15, 4.43483
16, 0.0005, 0, 3, 19, 4.40376
16, 0.0005, 0, 4, 25, 4.4545
16, 0.0005, 0.1, 1, 136, 4.41596
16, 0.0005, 0.1, 2, 14, 4.39298
16, 0.0005, 0.1, 3, 23, 4.41219
16, 0.0005, 0.1, 4, 21, 4.39747
16, 0.0005, 0.2, 1, 23, 4.40326
16, 0.0005, 0.2, 2, 22, 4.46051
16, 0.0005, 0.2, 3, 317, 4.58943
16, 0.0005, 0.2, 4, 82, 4.42187
16, 0.0005, 0.3, 1, 49, 4.41913
16, 0.0005, 0.3, 2, 40, 4.40523
16, 0.0005, 0.3, 3, 36, 4.38278
16, 0.0005, 0.3, 4, 77, 4.43508
16, 0.0005, 0.4, 1, 597, 4.44925
16, 0.0005, 0.4, 2, 33, 4.41042
16, 0.0005, 0.4, 3, 350, 4.47775
16, 0.0005, 0.4, 4, 78, 4.45977
16, 0.0005, 0.5, 1, 137, 4.42371
16, 0.0005, 0.5, 2, 73, 4.42455
16, 0.0005, 0.5, 3, 138, 4.39743
16, 0.0005, 0.5, 4, 185, 4.42806
16, 0.0005, 0.6, 1, 105, 4.39629
16, 0.0005, 0.6, 2, 135, 4.40196
16, 0.0005, 0.6, 3, 135, 4.43994
16, 0.0005, 0.6, 4, 387, 4.43859
16, 0.001, 0, 1, 6, 4.45449
16, 0.001, 0, 2, 10, 4.43135
16, 0.001, 0, 3, 8, 4.43286
16, 0.001, 0, 4, 10, 4.44091
16, 0.001, 0.1, 1, 23, 4.35279
16, 0.001, 0.1, 2, 26, 4.44604
16, 0.001, 0.1, 3, 215, 4.70049
16, 0.001, 0.1, 4, 19, 4.4572
16, 0.001, 0.2, 1, 11, 4.46705
16, 0.001, 0.2, 2, 16, 4.38815
16, 0.001, 0.2, 3, 21, 4.34645
16, 0.001, 0.2, 4, 152, 4.43817
16, 0.001, 0.3, 1, 35, 4.39692
16, 0.001, 0.3, 2, 142, 4.42056
16, 0.001, 0.3, 3, 14, 4.42327
16, 0.001, 0.3, 4, 32, 4.4006
16, 0.001, 0.4, 1, 127, 4.3867
16, 0.001, 0.4, 2, 36, 4.39882
16, 0.001, 0.4, 3, 74, 4.37383
16, 0.001, 0.4, 4, 436, 4.40556
16, 0.001, 0.5, 1, 59, 4.45583
16, 0.001, 0.5, 2, 88, 4.36798
16, 0.001, 0.5, 3, 32, 4.44251
16, 0.001, 0.5, 4, 242, 4.39452
16, 0.001, 0.6, 1, 223, 4.37886
16, 0.001, 0.6, 2, 34, 4.43141
16, 0.001, 0.6, 3, 132, 4.46682
16, 0.001, 0.6, 4, 168, 4.45511
16, 0.005, 0, 1, 1, 4.49252
16, 0.005, 0, 2, 1, 4.3977
16, 0.005, 0, 3, 2, 4.44607
16, 0.005, 0, 4, 12, 4.44328
16, 0.005, 0.1, 1, 18, 4.4485
16, 0.005, 0.1, 2, 6, 4.43702
16, 0.005, 0.1, 3, 25, 4.68397
16, 0.005, 0.1, 4, 45, 4.88996
16, 0.005, 0.2, 1, 21, 4.36323
16, 0.005, 0.2, 2, 29, 4.6023
16, 0.005, 0.2, 3, 20, 4.42514
16, 0.005, 0.2, 4, 107, 4.45533
16, 0.005, 0.3, 1, 27, 4.39965
16, 0.005, 0.3, 2, 133, 4.46581
16, 0.005, 0.3, 3, 154, 4.48609
16, 0.005, 0.3, 4, 140, 4.54107
16, 0.005, 0.4, 1, 42, 4.39513
16, 0.005, 0.4, 2, 120, 4.46613
16, 0.005, 0.4, 3, 42, 4.41998
16, 0.005, 0.4, 4, 18, 4.4702
16, 0.005, 0.5, 1, 34, 4.38716
16, 0.005, 0.5, 2, 7, 4.4515
16, 0.005, 0.5, 3, 19, 4.46989
16, 0.005, 0.5, 4, 86, 4.44611
16, 0.005, 0.6, 1, 17, 4.41077
16, 0.005, 0.6, 2, 82, 4.47021
16, 0.005, 0.6, 3, 79, 4.44763
16, 0.005, 0.6, 4, 125, 4.43498
16, 0.01, 0, 1, 2, 4.47449
16, 0.01, 0, 2, 3, 4.41605
16, 0.01, 0, 3, 6, 4.30701
16, 0.01, 0, 4, 40, 4.83597
16, 0.01, 0.1, 1, 11, 4.41511
16, 0.01, 0.1, 2, 24, 4.48933
16, 0.01, 0.1, 3, 166, 4.71291
16, 0.01, 0.1, 4, 6, 4.40257
16, 0.01, 0.2, 1, 9, 4.41187
16, 0.01, 0.2, 2, 8, 4.37252
16, 0.01, 0.2, 3, 12, 4.80017
16, 0.01, 0.2, 4, 10, 4.4425
16, 0.01, 0.3, 1, 5, 4.41883
16, 0.01, 0.3, 2, 17, 4.43064
16, 0.01, 0.3, 3, 9, 4.41399
16, 0.01, 0.3, 4, 393, 4.40645
16, 0.01, 0.4, 1, 3, 4.38856
16, 0.01, 0.4, 2, 0, 4.47387
16, 0.01, 0.4, 3, 0, 4.46145
16, 0.01, 0.4, 4, 81, 4.44635
16, 0.01, 0.5, 1, 3, 4.4587
16, 0.01, 0.5, 2, 32, 4.46724
16, 0.01, 0.5, 3, 40, 4.42205
16, 0.01, 0.5, 4, 9, 4.46184
16, 0.01, 0.6, 1, 15, 4.43164
16, 0.01, 0.6, 2, 13, 4.46775
16, 0.01, 0.6, 3, 34, 4.45115
16, 0.01, 0.6, 4, 210, 4.43856
16, 0.05, 0, 1, 0, 4.55321
16, 0.05, 0, 2, 0, 4.42993
16, 0.05, 0, 3, 11, 4.45081
16, 0.05, 0, 4, 5, 4.53598
16, 0.05, 0.1, 1, 0, 4.47349
16, 0.05, 0.1, 2, 2, 4.47087
16, 0.05, 0.1, 3, 102, 4.47161
16, 0.05, 0.1, 4, 1, 4.46502
16, 0.05, 0.2, 1, 173, 5.57872
16, 0.05, 0.2, 2, 118, 4.48757
16, 0.05, 0.2, 3, 111, 4.50054
16, 0.05, 0.2, 4, 9, 4.45861
16, 0.05, 0.3, 1, 80, 4.43385
16, 0.05, 0.3, 2, 4, 4.47773
16, 0.05, 0.3, 3, 3, 4.51209
16, 0.05, 0.3, 4, 3, 4.47379
16, 0.05, 0.4, 1, 63, 4.45982
16, 0.05, 0.4, 2, 4, 4.45538
16, 0.05, 0.4, 3, 3, 4.52784
16, 0.05, 0.4, 4, 4, 4.47476
16, 0.05, 0.5, 1, 3, 4.43922
16, 0.05, 0.5, 2, 29, 4.49144
16, 0.05, 0.5, 3, 4, 4.44129
16, 0.05, 0.5, 4, 7, 4.50201
16, 0.05, 0.6, 1, 19, 4.48151
16, 0.05, 0.6, 2, 6, 4.41942
16, 0.05, 0.6, 3, 2, 4.47247
16, 0.05, 0.6, 4, 112, 4.454
32, 0.0001, 0, 1, 527, 4.38098
32, 0.0001, 0, 2, 177, 4.44268
32, 0.0001, 0, 3, 137, 4.40747
32, 0.0001, 0, 4, 42, 4.46638
32, 0.0001, 0.1, 1, 636, 4.41203
32, 0.0001, 0.1, 2, 121, 4.46575
32, 0.0001, 0.1, 3, 444, 4.44116
32, 0.0001, 0.1, 4, 285, 4.41519
32, 0.0001, 0.2, 1, 681, 4.36504
32, 0.0001, 0.2, 2, 157, 4.37885
32, 0.0001, 0.2, 3, 156, 4.45727
32, 0.0001, 0.2, 4, 554, 4.37791
32, 0.0001, 0.3, 1, 306, 4.43465
32, 0.0001, 0.3, 2, 152, 4.44827
32, 0.0001, 0.3, 3, 316, 4.43671
32, 0.0001, 0.3, 4, 781, 4.43875
32, 0.0001, 0.4, 1, 284, 4.4067
32, 0.0001, 0.4, 2, 162, 4.43018
32, 0.0001, 0.4, 3, 396, 4.40938
32, 0.0001, 0.4, 4, 982, 4.43926
32, 0.0001, 0.5, 1, 339, 4.42725
32, 0.0001, 0.5, 2, 543, 4.38977
32, 0.0001, 0.5, 3, 800, 4.38496
32, 0.0001, 0.5, 4, 113, 4.4607
32, 0.0001, 0.6, 1, 42, 4.6143
32, 0.0001, 0.6, 2, 1198, 4.42248
32, 0.0001, 0.6, 3, 757, 4.41413
32, 0.0001, 0.6, 4, 1376, 4.46067
32, 0.0005, 0, 1, 114, 4.37239
32, 0.0005, 0, 2, 28, 4.42484
32, 0.0005, 0, 3, 21, 4.43924
32, 0.0005, 0, 4, 37, 4.39507
32, 0.0005, 0.1, 1, 56, 4.44846
32, 0.0005, 0.1, 2, 52, 4.45448
32, 0.0005, 0.1, 3, 210, 4.82094
32, 0.0005, 0.1, 4, 55, 4.37906
32, 0.0005, 0.2, 1, 99, 4.4008
32, 0.0005, 0.2, 2, 51, 4.39414
32, 0.0005, 0.2, 3, 62, 4.37485
32, 0.0005, 0.2, 4, 69, 4.38239
32, 0.0005, 0.3, 1, 139, 4.39579
32, 0.0005, 0.3, 2, 157, 4.42553
32, 0.0005, 0.3, 3, 41, 4.4344
32, 0.0005, 0.3, 4, 1, 4.47572
32, 0.0005, 0.4, 1, 75, 4.45223
32, 0.0005, 0.4, 2, 65, 4.40905
32, 0.0005, 0.4, 3, 59, 4.4585
32, 0.0005, 0.4, 4, 101, 4.42388
32, 0.0005, 0.5, 1, 241, 4.42561
32, 0.0005, 0.5, 2, 155, 4.42867
32, 0.0005, 0.5, 3, 111, 4.44755
32, 0.0005, 0.5, 4, 143, 4.44036
32, 0.0005, 0.6, 1, 178, 4.44214
32, 0.0005, 0.6, 2, 142, 4.39471
32, 0.0005, 0.6, 3, 269, 4.43057
32, 0.0005, 0.6, 4, 306, 4.42583
32, 0.001, 0, 1, 20, 4.44257
32, 0.001, 0, 2, 14, 4.38182
32, 0.001, 0, 3, 8, 4.41924
32, 0.001, 0, 4, 21, 4.3202
32, 0.001, 0.1, 1, 60, 4.48669
32, 0.001, 0.1, 2, 26, 4.40915
32, 0.001, 0.1, 3, 13, 4.4289
32, 0.001, 0.1, 4, 39, 4.39375
32, 0.001, 0.2, 1, 26, 4.43433
32, 0.001, 0.2, 2, 104, 4.43045
32, 0.001, 0.2, 3, 87, 4.47564
32, 0.001, 0.2, 4, 23, 4.39314
32, 0.001, 0.3, 1, 115, 4.38238
32, 0.001, 0.3, 2, 32, 4.43022
32, 0.001, 0.3, 3, 23, 4.44809
32, 0.001, 0.3, 4, 73, 4.36771
32, 0.001, 0.4, 1, 32, 4.48666
32, 0.001, 0.4, 2, 29, 4.4064
32, 0.001, 0.4, 3, 69, 4.38724
32, 0.001, 0.4, 4, 175, 4.49803
32, 0.001, 0.5, 1, 26, 4.42638
32, 0.001, 0.5, 2, 230, 4.49442
32, 0.001, 0.5, 3, 76, 4.38868
32, 0.001, 0.5, 4, 69, 4.44157
32, 0.001, 0.6, 1, 100, 4.38866
32, 0.001, 0.6, 2, 92, 4.38195
32, 0.001, 0.6, 3, 1, 4.47191
32, 0.001, 0.6, 4, 73, 4.46092
32, 0.005, 0, 1, 6, 4.43457
32, 0.005, 0, 2, 2, 4.39473
32, 0.005, 0, 3, 35, 5.04034
32, 0.005, 0, 4, 3, 4.44316
32, 0.005, 0.1, 1, 26, 4.35339
32, 0.005, 0.1, 2, 61, 4.52447
32, 0.005, 0.1, 3, 16, 4.38346
32, 0.005, 0.1, 4, 4, 4.42184
32, 0.005, 0.2, 1, 3, 4.39425
32, 0.005, 0.2, 2, 2, 4.38195
32, 0.005, 0.2, 3, 130, 4.70482
32, 0.005, 0.2, 4, 28, 4.49288
32, 0.005, 0.3, 1, 14, 4.40526
32, 0.005, 0.3, 2, 85, 4.67475
32, 0.005, 0.3, 3, 85, 4.44256
32, 0.005, 0.3, 4, 31, 4.42569
32, 0.005, 0.4, 1, 52, 4.40716
32, 0.005, 0.4, 2, 20, 4.36483
32, 0.005, 0.4, 3, 2, 4.4486
32, 0.005, 0.4, 4, 34, 4.41507
32, 0.005, 0.5, 1, 39, 4.40242
32, 0.005, 0.5, 2, 19, 4.40488
32, 0.005, 0.5, 3, 12, 4.46503
32, 0.005, 0.5, 4, 72, 4.44406
32, 0.005, 0.6, 1, 34, 4.42458
32, 0.005, 0.6, 2, 26, 4.42449
32, 0.005, 0.6, 3, 226, 4.43095
32, 0.005, 0.6, 4, 17, 4.46833
32, 0.01, 0, 1, 1, 4.48645
32, 0.01, 0, 2, 3, 4.41779
32, 0.01, 0, 3, 7, 4.54266
32, 0.01, 0, 4, 2, 4.44696
32, 0.01, 0.1, 1, 3, 4.39368
32, 0.01, 0.1, 2, 48, 4.94422
32, 0.01, 0.1, 3, 26, 4.39121
32, 0.01, 0.1, 4, 7, 4.45836
32, 0.01, 0.2, 1, 28, 4.48043
32, 0.01, 0.2, 2, 35, 4.68603
32, 0.01, 0.2, 3, 64, 4.45388
32, 0.01, 0.2, 4, 14, 4.42493
32, 0.01, 0.3, 1, 3, 4.4484
32, 0.01, 0.3, 2, 56, 4.6276
32, 0.01, 0.3, 3, 27, 4.44868
32, 0.01, 0.3, 4, 11, 4.44255
32, 0.01, 0.4, 1, 30, 4.43298
32, 0.01, 0.4, 2, 18, 4.50224
32, 0.01, 0.4, 3, 76, 4.47755
32, 0.01, 0.4, 4, 10, 4.46402
32, 0.01, 0.5, 1, 15, 4.44783
32, 0.01, 0.5, 2, 6, 4.44447
32, 0.01, 0.5, 3, 35, 4.44683
32, 0.01, 0.5, 4, 60, 4.45705
32, 0.01, 0.6, 1, 5, 4.45964
32, 0.01, 0.6, 2, 12, 4.45871
32, 0.01, 0.6, 3, 73, 4.41782
32, 0.01, 0.6, 4, 60, 4.45433
32, 0.05, 0, 1, 7, 4.62994
32, 0.05, 0, 2, 16, 4.39374
32, 0.05, 0, 3, 117, 4.52814
32, 0.05, 0, 4, 5, 4.41297
32, 0.05, 0.1, 1, 1, 4.41849
32, 0.05, 0.1, 2, 57, 4.4451
32, 0.05, 0.1, 3, 17, 4.49642
32, 0.05, 0.1, 4, 30, 4.46086
32, 0.05, 0.2, 1, 2, 4.47316
32, 0.05, 0.2, 2, 92, 4.48572
32, 0.05, 0.2, 3, 112, 4.54924
32, 0.05, 0.2, 4, 33, 4.49654
32, 0.05, 0.3, 1, 8, 4.51576
32, 0.05, 0.3, 2, 79, 4.53428
32, 0.05, 0.3, 3, 6, 4.50531
32, 0.05, 0.3, 4, 12, 4.50474
32, 0.05, 0.4, 1, 9, 4.43928
32, 0.05, 0.4, 2, 7, 4.50752
32, 0.05, 0.4, 3, 12, 4.47898
32, 0.05, 0.4, 4, 28, 4.50298
32, 0.05, 0.5, 1, 3, 4.49161
32, 0.05, 0.5, 2, 42, 5.39744
32, 0.05, 0.5, 3, 5, 4.46787
32, 0.05, 0.5, 4, 28, 4.43884
32, 0.05, 0.6, 1, 12, 4.50801
32, 0.05, 0.6, 2, 7, 4.46113
32, 0.05, 0.6, 3, 8, 4.4849
32, 0.05, 0.6, 4, 87, 4.45329
64, 0.0001, 0, 1, 670, 4.43673
64, 0.0001, 0, 2, 233, 4.3662
64, 0.0001, 0, 3, 256, 4.31699
64, 0.0001, 0, 4, 203, 4.43981
64, 0.0001, 0.1, 1, 350, 4.41647
64, 0.0001, 0.1, 2, 207, 4.42475
64, 0.0001, 0.1, 3, 270, 4.42784
64, 0.0001, 0.1, 4, 583, 4.34573
64, 0.0001, 0.2, 1, 577, 4.35236
64, 0.0001, 0.2, 2, 439, 4.41429
64, 0.0001, 0.2, 3, 186, 4.42173
64, 0.0001, 0.2, 4, 1443, 4.48788
64, 0.0001, 0.3, 1, 595, 4.42129
64, 0.0001, 0.3, 2, 802, 4.35742
64, 0.0001, 0.3, 3, 627, 4.41001
64, 0.0001, 0.3, 4, 690, 4.40648
64, 0.0001, 0.4, 1, 295, 4.42898
64, 0.0001, 0.4, 2, 82, 4.44808
64, 0.0001, 0.4, 3, 436, 4.41336
64, 0.0001, 0.4, 4, 1102, 4.4069
64, 0.0001, 0.5, 1, 1534, 4.36991
64, 0.0001, 0.5, 2, 1004, 4.36627
64, 0.0001, 0.5, 3, 689, 4.4346
64, 0.0001, 0.5, 4, 771, 4.44862
64, 0.0001, 0.6, 1, 1730, 4.42763
64, 0.0001, 0.6, 2, 19, 4.46579
64, 0.0001, 0.6, 3, 718, 4.46761
64, 0.0001, 0.6, 4, 1237, 4.45644
64, 0.0005, 0, 1, 193, 4.42775
64, 0.0005, 0, 2, 26, 4.4241
64, 0.0005, 0, 3, 23, 4.45312
64, 0.0005, 0, 4, 44, 4.40019
64, 0.0005, 0.1, 1, 87, 4.42617
64, 0.0005, 0.1, 2, 34, 4.41
64, 0.0005, 0.1, 3, 36, 4.40361
64, 0.0005, 0.1, 4, 211, 4.3364
64, 0.0005, 0.2, 1, 68, 4.4471
64, 0.0005, 0.2, 2, 138, 4.37053
64, 0.0005, 0.2, 3, 257, 4.36451
64, 0.0005, 0.2, 4, 209, 4.383
64, 0.0005, 0.3, 1, 147, 4.40826
64, 0.0005, 0.3, 2, 254, 4.43839
64, 0.0005, 0.3, 3, 75, 4.43055
64, 0.0005, 0.3, 4, 339, 4.41891
64, 0.0005, 0.4, 1, 261, 4.38442
64, 0.0005, 0.4, 2, 233, 4.43955
64, 0.0005, 0.4, 3, 178, 4.42763
64, 0.0005, 0.4, 4, 267, 4.37457
64, 0.0005, 0.5, 1, 459, 4.40726
64, 0.0005, 0.5, 2, 281, 4.41611
64, 0.0005, 0.5, 3, 216, 4.40728
64, 0.0005, 0.5, 4, 291, 4.44966
64, 0.0005, 0.6, 1, 255, 4.43014
64, 0.0005, 0.6, 2, 210, 4.40631
64, 0.0005, 0.6, 3, 13, 4.46551
64, 0.0005, 0.6, 4, 11, 4.47976
64, 0.001, 0, 1, 90, 4.44984
64, 0.001, 0, 2, 19, 4.44262
64, 0.001, 0, 3, 15, 4.47292
64, 0.001, 0, 4, 25, 4.44587
64, 0.001, 0.1, 1, 47, 4.45643
64, 0.001, 0.1, 2, 63, 4.45381
64, 0.001, 0.1, 3, 15, 4.43702
64, 0.001, 0.1, 4, 84, 4.45992
64, 0.001, 0.2, 1, 141, 4.35905
64, 0.001, 0.2, 2, 178, 4.5331
64, 0.001, 0.2, 3, 22, 4.38483
64, 0.001, 0.2, 4, 70, 4.38821
64, 0.001, 0.3, 1, 145, 4.39611
64, 0.001, 0.3, 2, 72, 4.43477
64, 0.001, 0.3, 3, 96, 4.4376
64, 0.001, 0.3, 4, 88, 4.3868
64, 0.001, 0.4, 1, 188, 4.40043
64, 0.001, 0.4, 2, 43, 4.39267
64, 0.001, 0.4, 3, 91, 4.42935
64, 0.001, 0.4, 4, 346, 4.46455
64, 0.001, 0.5, 1, 137, 4.44367
64, 0.001, 0.5, 2, 169, 4.35478
64, 0.001, 0.5, 3, 175, 4.45764
64, 0.001, 0.5, 4, 102, 4.43593
64, 0.001, 0.6, 1, 172, 4.43187
64, 0.001, 0.6, 2, 221, 4.39245
64, 0.001, 0.6, 3, 245, 4.4451
64, 0.001, 0.6, 4, 271, 4.42384
64, 0.005, 0, 1, 6, 4.4388
64, 0.005, 0, 2, 4, 4.39088
64, 0.005, 0, 3, 4, 4.40304
64, 0.005, 0, 4, 10, 4.34642
64, 0.005, 0.1, 1, 16, 4.41997
64, 0.005, 0.1, 2, 26, 4.4476
64, 0.005, 0.1, 3, 13, 4.46126
64, 0.005, 0.1, 4, 53, 4.47196
64, 0.005, 0.2, 1, 22, 4.40467
64, 0.005, 0.2, 2, 6, 4.35908
64, 0.005, 0.2, 3, 88, 5.15776
64, 0.005, 0.2, 4, 68, 4.45909
64, 0.005, 0.3, 1, 14, 4.34678
64, 0.005, 0.3, 2, 28, 4.41928
64, 0.005, 0.3, 3, 117, 4.89126
64, 0.005, 0.3, 4, 80, 4.45161
64, 0.005, 0.4, 1, 37, 4.38678
64, 0.005, 0.4, 2, 32, 4.4173
64, 0.005, 0.4, 3, 6, 4.45067
64, 0.005, 0.4, 4, 167, 4.4255
64, 0.005, 0.5, 1, 16, 4.41071
64, 0.005, 0.5, 2, 19, 4.4006
64, 0.005, 0.5, 3, 38, 4.44832
64, 0.005, 0.5, 4, 122, 4.45707
64, 0.005, 0.6, 1, 219, 4.59292
64, 0.005, 0.6, 2, 41, 4.39952
64, 0.005, 0.6, 3, 52, 4.46914
64, 0.005, 0.6, 4, 64, 4.46017
64, 0.01, 0, 1, 5, 4.37005
64, 0.01, 0, 2, 2, 4.40785
64, 0.01, 0, 3, 2, 4.4222
64, 0.01, 0, 4, 9, 4.43264
64, 0.01, 0.1, 1, 9, 4.44866
64, 0.01, 0.1, 2, 16, 4.60344
64, 0.01, 0.1, 3, 28, 4.44305
64, 0.01, 0.1, 4, 27, 4.55382
64, 0.01, 0.2, 1, 1, 4.40897
64, 0.01, 0.2, 2, 92, 4.89278
64, 0.01, 0.2, 3, 16, 4.50632
64, 0.01, 0.2, 4, 16, 4.39087
64, 0.01, 0.3, 1, 18, 4.46483
64, 0.01, 0.3, 2, 58, 4.5999
64, 0.01, 0.3, 3, 9, 4.42036
64, 0.01, 0.3, 4, 49, 4.38916
64, 0.01, 0.4, 1, 113, 4.62355
64, 0.01, 0.4, 2, 6, 4.39398
64, 0.01, 0.4, 3, 125, 4.44107
64, 0.01, 0.4, 4, 21, 4.45396
64, 0.01, 0.5, 1, 23, 4.41358
64, 0.01, 0.5, 2, 27, 4.44635
64, 0.01, 0.5, 3, 10, 4.45088
64, 0.01, 0.5, 4, 80, 4.46184
64, 0.01, 0.6, 1, 79, 4.46359
64, 0.01, 0.6, 2, 9, 4.46964
64, 0.01, 0.6, 3, 58, 4.44725
64, 0.01, 0.6, 4, 1, 4.47378
64, 0.05, 0, 1, 2, 4.50245
64, 0.05, 0, 2, 46, 5.13239
64, 0.05, 0, 3, 53, 4.48368
64, 0.05, 0, 4, 68, 4.46845
64, 0.05, 0.1, 1, 9, 4.44733
64, 0.05, 0.1, 2, 66, 4.80739
64, 0.05, 0.1, 3, 25, 4.39983
64, 0.05, 0.1, 4, 12, 4.444
64, 0.05, 0.2, 1, 8, 4.39972
64, 0.05, 0.2, 2, 68, 4.42077
64, 0.05, 0.2, 3, 19, 4.41803
64, 0.05, 0.2, 4, 121, 4.45224
64, 0.05, 0.3, 1, 46, 4.80965
64, 0.05, 0.3, 2, 30, 4.43491
64, 0.05, 0.3, 3, 10, 4.46162
64, 0.05, 0.3, 4, 130, 4.5137
64, 0.05, 0.4, 1, 2, 4.47321
64, 0.05, 0.4, 2, 44, 4.47532
64, 0.05, 0.4, 3, 37, 4.49243
64, 0.05, 0.4, 4, 26, 4.46931
64, 0.05, 0.5, 1, 23, 4.43809
64, 0.05, 0.5, 2, 12, 4.43151
64, 0.05, 0.5, 3, 3, 4.47281
64, 0.05, 0.5, 4, 112, 4.48429
64, 0.05, 0.6, 1, 20, 4.42361
64, 0.05, 0.6, 2, 171, 4.53424
64, 0.05, 0.6, 3, 35, 4.46381
64, 0.05, 0.6, 4, 12, 4.46747
128, 0.0001, 0, 1, 771, 4.39791
128, 0.0001, 0, 2, 237, 4.40464
128, 0.0001, 0, 3, 154, 4.44227
128, 0.0001, 0, 4, 499, 4.37479
128, 0.0001, 0.1, 1, 529, 4.52806
128, 0.0001, 0.1, 2, 473, 4.38958
128, 0.0001, 0.1, 3, 416, 4.43168
128, 0.0001, 0.1, 4, 854, 4.41803
128, 0.0001, 0.2, 1, 90, 4.43452
128, 0.0001, 0.2, 2, 469, 4.39562
128, 0.0001, 0.2, 3, 304, 4.41867
128, 0.0001, 0.2, 4, 760, 4.41824
128, 0.0001, 0.3, 1, 699, 4.42657
128, 0.0001, 0.3, 2, 610, 4.42898
128, 0.0001, 0.3, 3, 615, 4.41149
128, 0.0001, 0.3, 4, 1301, 4.45435
128, 0.0001, 0.4, 1, 1511, 4.46492
128, 0.0001, 0.4, 2, 561, 4.42492
128, 0.0001, 0.4, 3, 105, 4.46982
128, 0.0001, 0.4, 4, 892, 4.41291
128, 0.0001, 0.5, 1, 566, 4.45169
128, 0.0001, 0.5, 2, 1085, 4.41357
128, 0.0001, 0.5, 3, 1073, 4.4141
128, 0.0001, 0.5, 4, 1771, 4.445
128, 0.0001, 0.6, 1, 643, 4.46125
128, 0.0001, 0.6, 2, 1367, 4.40872
128, 0.0001, 0.6, 3, 1792, 4.45095
128, 0.0001, 0.6, 4, 161, 4.45778
128, 0.0005, 0, 1, 103, 4.461
128, 0.0005, 0, 2, 42, 4.40123
128, 0.0005, 0, 3, 59, 4.50266
128, 0.0005, 0, 4, 143, 4.41397
128, 0.0005, 0.1, 1, 50, 4.44764
128, 0.0005, 0.1, 2, 174, 4.43363
128, 0.0005, 0.1, 3, 63, 4.36677
128, 0.0005, 0.1, 4, 145, 4.31778
128, 0.0005, 0.2, 1, 371, 4.46036
128, 0.0005, 0.2, 2, 112, 4.36673
128, 0.0005, 0.2, 3, 200, 4.42563
128, 0.0005, 0.2, 4, 176, 4.43751
128, 0.0005, 0.3, 1, 98, 4.46901
128, 0.0005, 0.3, 2, 112, 4.41834
128, 0.0005, 0.3, 3, 174, 4.36258
128, 0.0005, 0.3, 4, 637, 4.48132
128, 0.0005, 0.4, 1, 477, 4.42884
128, 0.0005, 0.4, 2, 230, 4.3896
128, 0.0005, 0.4, 3, 177, 4.41436
128, 0.0005, 0.4, 4, 455, 4.47038
128, 0.0005, 0.5, 1, 394, 4.39973
128, 0.0005, 0.5, 2, 43, 4.47486
128, 0.0005, 0.5, 3, 230, 4.4444
128, 0.0005, 0.5, 4, 459, 4.43264
128, 0.0005, 0.6, 1, 702, 4.38794
128, 0.0005, 0.6, 2, 317, 4.44793
128, 0.0005, 0.6, 3, 512, 4.46579
128, 0.0005, 0.6, 4, 564, 4.43783
128, 0.001, 0, 1, 74, 4.42885
128, 0.001, 0, 2, 37, 4.45925
128, 0.001, 0, 3, 19, 4.42772
128, 0.001, 0, 4, 76, 4.3858
128, 0.001, 0.1, 1, 155, 4.36796
128, 0.001, 0.1, 2, 85, 4.42316
128, 0.001, 0.1, 3, 68, 4.43718
128, 0.001, 0.1, 4, 83, 4.44477
128, 0.001, 0.2, 1, 156, 4.40356
128, 0.001, 0.2, 2, 24, 4.45633
128, 0.001, 0.2, 3, 48, 4.40531
128, 0.001, 0.2, 4, 76, 4.44176
128, 0.001, 0.3, 1, 167, 4.3894
128, 0.001, 0.3, 2, 185, 4.44798
128, 0.001, 0.3, 3, 115, 4.38522
128, 0.001, 0.3, 4, 92, 4.42804
128, 0.001, 0.4, 1, 123, 4.40811
128, 0.001, 0.4, 2, 89, 4.40286
128, 0.001, 0.4, 3, 109, 4.40279
128, 0.001, 0.4, 4, 204, 4.47145
128, 0.001, 0.5, 1, 443, 4.39308
128, 0.001, 0.5, 2, 111, 4.41564
128, 0.001, 0.5, 3, 219, 4.41155
128, 0.001, 0.5, 4, 101, 4.46026
128, 0.001, 0.6, 1, 50, 4.44338
128, 0.001, 0.6, 2, 285, 4.40771
128, 0.001, 0.6, 3, 237, 4.42462
128, 0.001, 0.6, 4, 406, 4.43334
128, 0.005, 0, 1, 33, 4.41861
128, 0.005, 0, 2, 2, 4.42747
128, 0.005, 0, 3, 9, 4.30901
128, 0.005, 0, 4, 15, 4.4323
128, 0.005, 0.1, 1, 41, 4.38552
128, 0.005, 0.1, 2, 3, 4.42577
128, 0.005, 0.1, 3, 49, 4.77412
128, 0.005, 0.1, 4, 31, 4.48552
128, 0.005, 0.2, 1, 45, 4.39826
128, 0.005, 0.2, 2, 59, 4.52314
128, 0.005, 0.2, 3, 77, 4.60743
128, 0.005, 0.2, 4, 33, 4.41246
128, 0.005, 0.3, 1, 37, 4.35819
128, 0.005, 0.3, 2, 115, 4.56811
128, 0.005, 0.3, 3, 48, 4.41373
128, 0.005, 0.3, 4, 44, 4.44761
128, 0.005, 0.4, 1, 70, 4.44665
128, 0.005, 0.4, 2, 35, 4.42064
128, 0.005, 0.4, 3, 37, 4.41651
128, 0.005, 0.4, 4, 29, 4.42634
128, 0.005, 0.5, 1, 3, 4.51762
128, 0.005, 0.5, 2, 111, 4.46509
128, 0.005, 0.5, 3, 33, 4.43871
128, 0.005, 0.5, 4, 76, 4.4504
128, 0.005, 0.6, 1, 40, 4.44251
128, 0.005, 0.6, 2, 75, 4.4189
128, 0.005, 0.6, 3, 68, 4.43966
128, 0.005, 0.6, 4, 0, 4.47758
128, 0.01, 0, 1, 25, 4.4934
128, 0.01, 0, 2, 0, 4.40322
128, 0.01, 0, 3, 27, 4.99567
128, 0.01, 0, 4, 13, 4.50373
128, 0.01, 0.1, 1, 2, 4.44105
128, 0.01, 0.1, 2, 6, 4.39203
128, 0.01, 0.1, 3, 3, 4.37904
128, 0.01, 0.1, 4, 82, 4.62239
128, 0.01, 0.2, 1, 32, 4.44641
128, 0.01, 0.2, 2, 93, 4.61026
128, 0.01, 0.2, 3, 70, 4.64711
128, 0.01, 0.2, 4, 59, 4.41756
128, 0.01, 0.3, 1, 76, 4.46658
128, 0.01, 0.3, 2, 64, 4.51639
128, 0.01, 0.3, 3, 17, 4.45539
128, 0.01, 0.3, 4, 27, 4.40848
128, 0.01, 0.4, 1, 11, 4.46329
128, 0.01, 0.4, 2, 11, 4.37316
128, 0.01, 0.4, 3, 78, 4.62833
128, 0.01, 0.4, 4, 28, 4.41715
128, 0.01, 0.5, 1, 59, 4.37926
128, 0.01, 0.5, 2, 32, 4.44786
128, 0.01, 0.5, 3, 31, 4.47189
128, 0.01, 0.5, 4, 74, 4.46331
128, 0.01, 0.6, 1, 74, 4.4086
128, 0.01, 0.6, 2, 41, 4.45815
128, 0.01, 0.6, 3, 77, 4.46262
128, 0.01, 0.6, 4, 0, 4.48971
128, 0.05, 0, 1, 0, 4.4449
128, 0.05, 0, 2, 21, 5.93426
128, 0.05, 0, 3, 1, 4.42868
128, 0.05, 0, 4, 14, 4.87668
128, 0.05, 0.1, 1, 5, 4.46249
128, 0.05, 0.1, 2, 70, 4.49322
128, 0.05, 0.1, 3, 8, 4.45973
128, 0.05, 0.1, 4, 7, 4.37922
128, 0.05, 0.2, 1, 16, 4.40713
128, 0.05, 0.2, 2, 148, 4.51343
128, 0.05, 0.2, 3, 51, 4.48105
128, 0.05, 0.2, 4, 0, 4.46317
128, 0.05, 0.3, 1, 9, 4.47281
128, 0.05, 0.3, 2, 25, 4.37291
128, 0.05, 0.3, 3, 56, 4.48786
128, 0.05, 0.3, 4, 43, 4.44371
128, 0.05, 0.4, 1, 7, 4.45357
128, 0.05, 0.4, 2, 57, 4.48453
128, 0.05, 0.4, 3, 20, 4.4405
128, 0.05, 0.4, 4, 105, 4.48319
128, 0.05, 0.5, 1, 39, 4.51078
128, 0.05, 0.5, 2, 128, 4.50444
128, 0.05, 0.5, 3, 17, 4.45744
128, 0.05, 0.5, 4, 131, 4.47985
128, 0.05, 0.6, 1, 27, 4.42403
128, 0.05, 0.6, 2, 73, 4.46905
128, 0.05, 0.6, 3, 60, 4.45028
128, 0.05, 0.6, 4, 137, 4.49281
