1, 0.0001, 0, 1, 124, 0.744615
1, 0.0001, 0, 2, 21, 0.741579
1, 0.0001, 0, 3, 10, 0.737707
1, 0.0001, 0, 4, 61, 0.735116
1, 0.0001, 0.1, 1, 339, 0.733441
1, 0.0001, 0.1, 2, 181, 0.775702
1, 0.0001, 0.1, 3, 51, 0.73669
1, 0.0001, 0.1, 4, 39, 0.731952
1, 0.0001, 0.2, 1, 76, 0.738084
1, 0.0001, 0.2, 2, 264, 0.755483
1, 0.0001, 0.2, 3, 104, 0.733051
1, 0.0001, 0.2, 4, 146, 0.741418
1, 0.0001, 0.3, 1, 186, 0.739676
1, 0.0001, 0.3, 2, 394, 0.743203
1, 0.0001, 0.3, 3, 171, 0.746568
1, 0.0001, 0.3, 4, 268, 0.738427
1, 0.0001, 0.4, 1, 47, 0.734263
1, 0.0001, 0.4, 2, 550, 0.736332
1, 0.0001, 0.4, 3, 557, 0.738489
1, 0.0001, 0.4, 4, 441, 0.73836
1, 0.0001, 0.5, 1, 133, 0.741179
1, 0.0001, 0.5, 2, 498, 0.740013
1, 0.0001, 0.5, 3, 206, 0.738961
1, 0.0001, 0.5, 4, 349, 0.736259
1, 0.0001, 0.6, 1, 83, 0.738955
1, 0.0001, 0.6, 2, 540, 0.737909
1, 0.0001, 0.6, 3, 726, 0.73675
1, 0.0001, 0.6, 4, 332, 0.736042
1, 0.0005, 0, 1, 24, 0.74539
1, 0.0005, 0, 2, 6, 0.741522
1, 0.0005, 0, 3, 2, 0.732955
1, 0.0005, 0, 4, 43, 0.762224
1, 0.0005, 0.1, 1, 4, 0.744641
1, 0.0005, 0.1, 2, 13, 0.738763
1, 0.0005, 0.1, 3, 44, 0.733083
1, 0.0005, 0.1, 4, 123, 0.766636
1, 0.0005, 0.2, 1, 13, 0.745716
1, 0.0005, 0.2, 2, 63, 0.745322
1, 0.0005, 0.2, 3, 25, 0.738185
1, 0.0005, 0.2, 4, 61, 0.737599
1, 0.0005, 0.3, 1, 2, 0.75197
1, 0.0005, 0.3, 2, 62, 0.730732
1, 0.0005, 0.3, 3, 87, 0.74073
1, 0.0005, 0.3, 4, 126, 0.743095
1, 0.0005, 0.4, 1, 17, 0.738005
1, 0.0005, 0.4, 2, 123, 0.734522
1, 0.0005, 0.4, 3, 222, 0.73691
1, 0.0005, 0.4, 4, 21, 0.735054
1, 0.0005, 0.5, 1, 368, 0.799026
1, 0.0005, 0.5, 2, 354, 0.736301
1, 0.0005, 0.5, 3, 322, 0.743968
1, 0.0005, 0.5, 4, 118, 0.735778
1, 0.0005, 0.6, 1, 65, 0.738042
1, 0.0005, 0.6, 2, 272, 0.751788
1, 0.0005, 0.6, 3, 55, 0.736212
1, 0.0005, 0.6, 4, 207, 0.737489
1, 0.001, 0, 1, 8, 0.740267
1, 0.001, 0, 2, 13, 0.763641
1, 0.001, 0, 3, 14, 0.770598
1, 0.001, 0, 4, 31, 0.772784
1, 0.001, 0.1, 1, 5, 0.736549
1, 0.001, 0.1, 2, 19, 0.751865
1, 0.001, 0.1, 3, 109, 0.743645
1, 0.001, 0.1, 4, 25, 0.735058
1, 0.001, 0.2, 1, 78, 0.772979
1, 0.001, 0.2, 2, 94, 0.745515
1, 0.001, 0.2, 3, 37, 0.749933
1, 0.001, 0.2, 4, 41, 0.742032
1, 0.001, 0.3, 1, 31, 0.743833
1, 0.001, 0.3, 2, 21, 0.742863
1, 0.001, 0.3, 3, 59, 0.740153
1, 0.001, 0.3, 4, 183, 0.743844
1, 0.001, 0.4, 1, 88, 0.739166
1, 0.001, 0.4, 2, 60, 0.726436
1, 0.001, 0.4, 3, 116, 0.77045
1, 0.001, 0.4, 4, 217, 0.753364
1, 0.001, 0.5, 1, 139, 0.74091
1, 0.001, 0.5, 2, 76, 0.73395
1, 0.001, 0.5, 3, 495, 0.753846
1, 0.001, 0.5, 4, 39, 0.73698
1, 0.001, 0.6, 1, 113, 0.745383
1, 0.001, 0.6, 2, 174, 0.739786
1, 0.001, 0.6, 3, 138, 0.735299
1, 0.001, 0.6, 4, 235, 0.737621
1, 0.005, 0, 1, 6, 0.745902
1, 0.005, 0, 2, 23, 0.734985
1, 0.005, 0, 3, 5, 0.740376
1, 0.005, 0, 4, 1, 0.736463
1, 0.005, 0.1, 1, 53, 0.777482
1, 0.005, 0.1, 2, 24, 0.728617
1, 0.005, 0.1, 3, 33, 0.737583
1, 0.005, 0.1, 4, 1, 0.735665
1, 0.005, 0.2, 1, 2, 0.746847
1, 0.005, 0.2, 2, 0, 0.736454
1, 0.005, 0.2, 3, 1, 0.738065
1, 0.005, 0.2, 4, 24, 0.73674
1, 0.005, 0.3, 1, 98, 0.742069
1, 0.005, 0.3, 2, 3, 0.737412
1, 0.005, 0.3, 3, 0, 0.737853
1, 0.005, 0.3, 4, 50, 0.736426
1, 0.005, 0.4, 1, 47, 0.76809
1, 0.005, 0.4, 2, 7, 0.735782
1, 0.005, 0.4, 3, 0, 0.73716
1, 0.005, 0.4, 4, 147, 0.736735
1, 0.005, 0.5, 1, 90, 0.736437
1, 0.005, 0.5, 2, 6, 0.736862
1, 0.005, 0.5, 3, 63, 0.736648
1, 0.005, 0.5, 4, 2, 0.736774
1, 0.005, 0.6, 1, 22, 0.741986
1, 0.005, 0.6, 2, 0, 0.734761
1, 0.005, 0.6, 3, 100, 0.736549
1, 0.005, 0.6, 4, 50, 0.736789
1, 0.01, 0, 1, 9, 0.743096
1, 0.01, 0, 2, 74, 0.736413
1, 0.01, 0, 3, 127, 0.736811
1, 0.01, 0, 4, 121, 0.736632
1, 0.01, 0.1, 1, 145, 0.736844
1, 0.01, 0.1, 2, 35, 0.736973
1, 0.01, 0.1, 3, 47, 0.736769
1, 0.01, 0.1, 4, 1, 0.735704
1, 0.01, 0.2, 1, 11, 0.736454
1, 0.01, 0.2, 2, 146, 0.736734
1, 0.01, 0.2, 3, 51, 0.737633
1, 0.01, 0.2, 4, 42, 0.736644
1, 0.01, 0.3, 1, 5, 0.745095
1, 0.01, 0.3, 2, 5, 0.740995
1, 0.01, 0.3, 3, 57, 0.737114
1, 0.01, 0.3, 4, 83, 0.736709
1, 0.01, 0.4, 1, 3, 0.752819
1, 0.01, 0.4, 2, 82, 0.73673
1, 0.01, 0.4, 3, 135, 0.736838
1, 0.01, 0.4, 4, 179, 0.736901
1, 0.01, 0.5, 1, 19, 0.740013
1, 0.01, 0.5, 2, 110, 0.737429
1, 0.01, 0.5, 3, 0, 0.735733
1, 0.01, 0.5, 4, 92, 0.736289
1, 0.01, 0.6, 1, 4, 0.741588
1, 0.01, 0.6, 2, 69, 0.736613
1, 0.01, 0.6, 3, 56, 0.73688
1, 0.01, 0.6, 4, 63, 0.736535
1, 0.05, 0, 1, 186, 0.756321
1, 0.05, 0, 2, 94, 0.73653
1, 0.05, 0, 3, 134, 0.736821
1, 0.05, 0, 4, 41, 0.736422
1, 0.05, 0.1, 1, 2, 0.825348
1, 0.05, 0.1, 2, 94, 0.736775
1, 0.05, 0.1, 3, 5, 0.737802
1, 0.05, 0.1, 4, 210, 0.737241
1, 0.05, 0.2, 1, 4, 0.744516
1, 0.05, 0.2, 2, 161, 0.736382
1, 0.05, 0.2, 3, 11, 0.737408
1, 0.05, 0.2, 4, 50, 0.736493
1, 0.05, 0.3, 1, 31, 0.770037
1, 0.05, 0.3, 2, 37, 0.736771
1, 0.05, 0.3, 3, 11, 0.73718
1, 0.05, 0.3, 4, 77, 0.736552
1, 0.05, 0.4, 1, 109, 0.740421
1, 0.05, 0.4, 2, 140, 0.737989
1, 0.05, 0.4, 3, 39, 0.737379
1, 0.05, 0.4, 4, 6, 0.736968
1, 0.05, 0.5, 1, 20, 0.753682
1, 0.05, 0.5, 2, 160, 0.736702
1, 0.05, 0.5, 3, 28, 0.736321
1, 0.05, 0.5, 4, 128, 0.737702
1, 0.05, 0.6, 1, 199, 0.751465
1, 0.05, 0.6, 2, 40, 0.737456
1, 0.05, 0.6, 3, 36, 0.737105
1, 0.05, 0.6, 4, 346, 0.736703
2, 0.0001, 0, 1, 120, 0.741989
2, 0.0001, 0, 2, 96, 0.756177
2, 0.0001, 0, 3, 45, 0.745381
2, 0.0001, 0, 4, 73, 0.741997
2, 0.0001, 0.1, 1, 37, 0.747691
2, 0.0001, 0.1, 2, 186, 0.7361
2, 0.0001, 0.1, 3, 225, 0.739986
2, 0.0001, 0.1, 4, 96, 0.736399
2, 0.0001, 0.2, 1, 68, 0.736233
2, 0.0001, 0.2, 2, 202, 0.74389
2, 0.0001, 0.2, 3, 232, 0.74712
2, 0.0001, 0.2, 4, 68, 0.736432
2, 0.0001, 0.3, 1, 59, 0.741285
2, 0.0001, 0.3, 2, 281, 0.74245
2, 0.0001, 0.3, 3, 579, 0.734923
2, 0.0001, 0.3, 4, 123, 0.738197
2, 0.0001, 0.4, 1, 62, 0.740485
2, 0.0001, 0.4, 2, 202, 0.738412
2, 0.0001, 0.4, 3, 356, 0.745948
2, 0.0001, 0.4, 4, 451, 0.738961
2, 0.0001, 0.5, 1, 132, 0.73942
2, 0.0001, 0.5, 2, 221, 0.741213
2, 0.0001, 0.5, 3, 78, 0.736797
2, 0.0001, 0.5, 4, 689, 0.743078
2, 0.0001, 0.6, 1, 25, 0.736948
2, 0.0001, 0.6, 2, 424, 0.736388
2, 0.0001, 0.6, 3, 332, 0.736339
2, 0.0001, 0.6, 4, 258, 0.737024
2, 0.0005, 0, 1, 30, 0.742722
2, 0.0005, 0, 2, 8, 0.742943
2, 0.0005, 0, 3, 16, 0.751411
2, 0.0005, 0, 4, 13, 0.743081
2, 0.0005, 0.1, 1, 25, 0.735307
2, 0.0005, 0.1, 2, 131, 0.778615
2, 0.0005, 0.1, 3, 85, 0.773131
2, 0.0005, 0.1, 4, 156, 0.748643
2, 0.0005, 0.2, 1, 46, 0.738183
2, 0.0005, 0.2, 2, 226, 0.751217
2, 0.0005, 0.2, 3, 94, 0.745452
2, 0.0005, 0.2, 4, 111, 0.748222
2, 0.0005, 0.3, 1, 37, 0.745663
2, 0.0005, 0.3, 2, 117, 0.741735
2, 0.0005, 0.3, 3, 190, 0.732958
2, 0.0005, 0.3, 4, 313, 0.736271
2, 0.0005, 0.4, 1, 61, 0.739319
2, 0.0005, 0.4, 2, 141, 0.747188
2, 0.0005, 0.4, 3, 457, 0.745354
2, 0.0005, 0.4, 4, 86, 0.736261
2, 0.0005, 0.5, 1, 47, 0.734401
2, 0.0005, 0.5, 2, 98, 0.738808
2, 0.0005, 0.5, 3, 339, 0.744689
2, 0.0005, 0.5, 4, 142, 0.739133
2, 0.0005, 0.6, 1, 179, 0.734193
2, 0.0005, 0.6, 2, 39, 0.734256
2, 0.0005, 0.6, 3, 75, 0.735628
2, 0.0005, 0.6, 4, 14, 0.736809
2, 0.001, 0, 1, 5, 0.734728
2, 0.001, 0, 2, 13, 0.761245
2, 0.001, 0, 3, 7, 0.739609
2, 0.001, 0, 4, 23, 0.756566
2, 0.001, 0.1, 1, 16, 0.738995
2, 0.001, 0.1, 2, 54, 0.744703
2, 0.001, 0.1, 3, 35, 0.759337
2, 0.001, 0.1, 4, 33, 0.75258
2, 0.001, 0.2, 1, 18, 0.741754
2, 0.001, 0.2, 2, 28, 0.741227
2, 0.001, 0.2, 3, 34, 0.737229
2, 0.001, 0.2, 4, 43, 0.736665
2, 0.001, 0.3, 1, 25, 0.739527
2, 0.001, 0.3, 2, 122, 0.767752
2, 0.001, 0.3, 3, 72, 0.74147
2, 0.001, 0.3, 4, 132, 0.74067
2, 0.001, 0.4, 1, 16, 0.732755
2, 0.001, 0.4, 2, 108, 0.754713
2, 0.001, 0.4, 3, 126, 0.731835
2, 0.001, 0.4, 4, 263, 0.742321
2, 0.001, 0.5, 1, 15, 0.735932
2, 0.001, 0.5, 2, 161, 0.746016
2, 0.001, 0.5, 3, 256, 0.753799
2, 0.001, 0.5, 4, 184, 0.735345
2, 0.001, 0.6, 1, 105, 0.741183
2, 0.001, 0.6, 2, 256, 0.746698
2, 0.001, 0.6, 3, 33, 0.736125
2, 0.001, 0.6, 4, 99, 0.738248
2, 0.005, 0, 1, 9, 0.746079
2, 0.005, 0, 2, 5, 0.741773
2, 0.005, 0, 3, 11, 0.733145
2, 0.005, 0, 4, 5, 0.742718
2, 0.005, 0.1, 1, 1, 0.743189
2, 0.005, 0.1, 2, 99, 0.730679
2, 0.005, 0.1, 3, 24, 0.746866
2, 0.005, 0.1, 4, 102, 0.734775
2, 0.005, 0.2, 1, 20, 0.745457
2, 0.005, 0.2, 2, 36, 0.740512
2, 0.005, 0.2, 3, 207, 0.741716
2, 0.005, 0.2, 4, 4, 0.736319
2, 0.005, 0.3, 1, 37, 0.739409
2, 0.005, 0.3, 2, 79, 0.739355
2, 0.005, 0.3, 3, 4, 0.738029
2, 0.005, 0.3, 4, 12, 0.739943
2, 0.005, 0.4, 1, 95, 0.751214
2, 0.005, 0.4, 2, 23, 0.735557
2, 0.005, 0.4, 3, 6, 0.736769
2, 0.005, 0.4, 4, 0, 0.737037
2, 0.005, 0.5, 1, 48, 0.747741
2, 0.005, 0.5, 2, 8, 0.739715
2, 0.005, 0.5, 3, 0, 0.73814
2, 0.005, 0.5, 4, 144, 0.736682
2, 0.005, 0.6, 1, 27, 0.73775
2, 0.005, 0.6, 2, 0, 0.736589
2, 0.005, 0.6, 3, 2, 0.736723
2, 0.005, 0.6, 4, 21, 0.737146
2, 0.01, 0, 1, 8, 0.74844
2, 0.01, 0, 2, 11, 0.754802
2, 0.01, 0, 3, 117, 0.736834
2, 0.01, 0, 4, 134, 0.736558
2, 0.01, 0.1, 1, 133, 0.740714
2, 0.01, 0.1, 2, 65, 0.736815
2, 0.01, 0.1, 3, 60, 0.73709
2, 0.01, 0.1, 4, 64, 0.73641
2, 0.01, 0.2, 1, 91, 0.749708
2, 0.01, 0.2, 2, 203, 0.736997
2, 0.01, 0.2, 3, 40, 0.73696
2, 0.01, 0.2, 4, 3, 0.737097
2, 0.01, 0.3, 1, 0, 0.745214
2, 0.01, 0.3, 2, 1, 0.736896
2, 0.01, 0.3, 3, 248, 0.736718
2, 0.01, 0.3, 4, 1, 0.736979
2, 0.01, 0.4, 1, 2, 0.753589
2, 0.01, 0.4, 2, 0, 0.734217
2, 0.01, 0.4, 3, 129, 0.736748
2, 0.01, 0.4, 4, 94, 0.736783
2, 0.01, 0.5, 1, 10, 0.738921
2, 0.01, 0.5, 2, 91, 0.736744
2, 0.01, 0.5, 3, 111, 0.736797
2, 0.01, 0.5, 4, 147, 0.737331
2, 0.01, 0.6, 1, 14, 0.747773
2, 0.01, 0.6, 2, 21, 0.736363
2, 0.01, 0.6, 3, 3, 0.73704
2, 0.01, 0.6, 4, 50, 0.737063
2, 0.05, 0, 1, 6, 0.732459
2, 0.05, 0, 2, 65, 0.737783
2, 0.05, 0, 3, 31, 0.736761
2, 0.05, 0, 4, 26, 0.736394
2, 0.05, 0.1, 1, 32, 0.752983
2, 0.05, 0.1, 2, 2, 0.737877
2, 0.05, 0.1, 3, 34, 0.73597
2, 0.05, 0.1, 4, 69, 0.736786
2, 0.05, 0.2, 1, 139, 0.750852
2, 0.05, 0.2, 2, 150, 0.737044
2, 0.05, 0.2, 3, 84, 0.737558
2, 0.05, 0.2, 4, 114, 0.737073
2, 0.05, 0.3, 1, 18, 0.740923
2, 0.05, 0.3, 2, 46, 0.736958
2, 0.05, 0.3, 3, 80, 0.737184
2, 0.05, 0.3, 4, 70, 0.737414
2, 0.05, 0.4, 1, 33, 0.749682
2, 0.05, 0.4, 2, 5, 0.737041
2, 0.05, 0.4, 3, 11, 0.736499
2, 0.05, 0.4, 4, 2, 0.737463
2, 0.05, 0.5, 1, 2, 0.746556
2, 0.05, 0.5, 2, 18, 0.736431
2, 0.05, 0.5, 3, 128, 0.737363
2, 0.05, 0.5, 4, 0, 0.737183
2, 0.05, 0.6, 1, 57, 0.73921
2, 0.05, 0.6, 2, 129, 0.737156
2, 0.05, 0.6, 3, 48, 0.737251
2, 0.05, 0.6, 4, 97, 0.737158
4, 0.0001, 0, 1, 30, 0.742668
4, 0.0001, 0, 2, 70, 0.742746
4, 0.0001, 0, 3, 11, 0.73558
4, 0.0001, 0, 4, 196, 0.747277
4, 0.0001, 0.1, 1, 168, 0.740087
4, 0.0001, 0.1, 2, 231, 0.744516
4, 0.0001, 0.1, 3, 197, 0.752296
4, 0.0001, 0.1, 4, 72, 0.737644
4, 0.0001, 0.2, 1, 102, 0.74477
4, 0.0001, 0.2, 2, 372, 0.75436
4, 0.0001, 0.2, 3, 511, 0.739321
4, 0.0001, 0.2, 4, 429, 0.747032
4, 0.0001, 0.3, 1, 132, 0.739692
4, 0.0001, 0.3, 2, 331, 0.74715
4, 0.0001, 0.3, 3, 168, 0.740615
4, 0.0001, 0.3, 4, 113, 0.736892
4, 0.0001, 0.4, 1, 52, 0.741609
4, 0.0001, 0.4, 2, 600, 0.735613
4, 0.0001, 0.4, 3, 119, 0.737885
4, 0.0001, 0.4, 4, 930, 0.739922
4, 0.0001, 0.5, 1, 116, 0.74152
4, 0.0001, 0.5, 2, 241, 0.737915
4, 0.0001, 0.5, 3, 491, 0.736374
4, 0.0001, 0.5, 4, 327, 0.738036
4, 0.0001, 0.6, 1, 157, 0.738041
4, 0.0001, 0.6, 2, 226, 0.734657
4, 0.0001, 0.6, 3, 157, 0.73709
4, 0.0001, 0.6, 4, 96, 0.736149
4, 0.0005, 0, 1, 20, 0.736262
4, 0.0005, 0, 2, 29, 0.751315
4, 0.0005, 0, 3, 18, 0.746517
4, 0.0005, 0, 4, 6, 0.736676
4, 0.0005, 0.1, 1, 147, 0.737731
4, 0.0005, 0.1, 2, 52, 0.74002
4, 0.0005, 0.1, 3, 13, 0.741799
4, 0.0005, 0.1, 4, 23, 0.730853
4, 0.0005, 0.2, 1, 16, 0.732538
4, 0.0005, 0.2, 2, 178, 0.756931
4, 0.0005, 0.2, 3, 47, 0.732688
4, 0.0005, 0.2, 4, 56, 0.736107
4, 0.0005, 0.3, 1, 139, 0.746884
4, 0.0005, 0.3, 2, 34, 0.737264
4, 0.0005, 0.3, 3, 224, 0.741782
4, 0.0005, 0.3, 4, 165, 0.738359
4, 0.0005, 0.4, 1, 133, 0.737378
4, 0.0005, 0.4, 2, 223, 0.741628
4, 0.0005, 0.4, 3, 133, 0.736843
4, 0.0005, 0.4, 4, 36, 0.73606
4, 0.0005, 0.5, 1, 45, 0.737416
4, 0.0005, 0.5, 2, 183, 0.742484
4, 0.0005, 0.5, 3, 471, 0.740954
4, 0.0005, 0.5, 4, 386, 0.736877
4, 0.0005, 0.6, 1, 68, 0.736055
4, 0.0005, 0.6, 2, 168, 0.735198
4, 0.0005, 0.6, 3, 152, 0.736009
4, 0.0005, 0.6, 4, 229, 0.738649
4, 0.001, 0, 1, 11, 0.750886
4, 0.001, 0, 2, 7, 0.745227
4, 0.001, 0, 3, 11, 0.744361
4, 0.001, 0, 4, 33, 0.747393
4, 0.001, 0.1, 1, 14, 0.739117
4, 0.001, 0.1, 2, 24, 0.742072
4, 0.001, 0.1, 3, 22, 0.734454
4, 0.001, 0.1, 4, 60, 0.746223
4, 0.001, 0.2, 1, 27, 0.739565
4, 0.001, 0.2, 2, 71, 0.735325
4, 0.001, 0.2, 3, 69, 0.735537
4, 0.001, 0.2, 4, 192, 0.749753
4, 0.001, 0.3, 1, 15, 0.734386
4, 0.001, 0.3, 2, 39, 0.748576
4, 0.001, 0.3, 3, 167, 0.74737
4, 0.001, 0.3, 4, 208, 0.732778
4, 0.001, 0.4, 1, 34, 0.734402
4, 0.001, 0.4, 2, 193, 0.746986
4, 0.001, 0.4, 3, 75, 0.738271
4, 0.001, 0.4, 4, 86, 0.734513
4, 0.001, 0.5, 1, 45, 0.737179
4, 0.001, 0.5, 2, 176, 0.752727
4, 0.001, 0.5, 3, 367, 0.74683
4, 0.001, 0.5, 4, 439, 0.739887
4, 0.001, 0.6, 1, 22, 0.739108
4, 0.001, 0.6, 2, 270, 0.740084
4, 0.001, 0.6, 3, 175, 0.738665
4, 0.001, 0.6, 4, 357, 0.736476
4, 0.005, 0, 1, 3, 0.747265
4, 0.005, 0, 2, 3, 0.750359
4, 0.005, 0, 3, 7, 0.739495
4, 0.005, 0, 4, 14, 0.75889
4, 0.005, 0.1, 1, 33, 0.735459
4, 0.005, 0.1, 2, 61, 0.731952
4, 0.005, 0.1, 3, 103, 0.75507
4, 0.005, 0.1, 4, 101, 0.73891
4, 0.005, 0.2, 1, 5, 0.744119
4, 0.005, 0.2, 2, 71, 0.758734
4, 0.005, 0.2, 3, 281, 0.737934
4, 0.005, 0.2, 4, 198, 0.743777
4, 0.005, 0.3, 1, 76, 0.784264
4, 0.005, 0.3, 2, 53, 0.744659
4, 0.005, 0.3, 3, 7, 0.737669
4, 0.005, 0.3, 4, 129, 0.742411
4, 0.005, 0.4, 1, 92, 0.753643
4, 0.005, 0.4, 2, 320, 0.742325
4, 0.005, 0.4, 3, 12, 0.736891
4, 0.005, 0.4, 4, 27, 0.735894
4, 0.005, 0.5, 1, 98, 0.742411
4, 0.005, 0.5, 2, 16, 0.745195
4, 0.005, 0.5, 3, 2, 0.737193
4, 0.005, 0.5, 4, 85, 0.736744
4, 0.005, 0.6, 1, 83, 0.745613
4, 0.005, 0.6, 2, 11, 0.737381
4, 0.005, 0.6, 3, 119, 0.736455
4, 0.005, 0.6, 4, 220, 0.736924
4, 0.01, 0, 1, 40, 0.754001
4, 0.01, 0, 2, 12, 0.742707
4, 0.01, 0, 3, 1, 0.73753
4, 0.01, 0, 4, 69, 0.746888
4, 0.01, 0.1, 1, 55, 0.765004
4, 0.01, 0.1, 2, 29, 0.736057
4, 0.01, 0.1, 3, 16, 0.740704
4, 0.01, 0.1, 4, 31, 0.734885
4, 0.01, 0.2, 1, 78, 0.740458
4, 0.01, 0.2, 2, 7, 0.740054
4, 0.01, 0.2, 3, 0, 0.738868
4, 0.01, 0.2, 4, 51, 0.73591
4, 0.01, 0.3, 1, 48, 0.724793
4, 0.01, 0.3, 2, 38, 0.736665
4, 0.01, 0.3, 3, 168, 0.736541
4, 0.01, 0.3, 4, 9, 0.736959
4, 0.01, 0.4, 1, 56, 0.744468
4, 0.01, 0.4, 2, 4, 0.738694
4, 0.01, 0.4, 3, 142, 0.736963
4, 0.01, 0.4, 4, 48, 0.736759
4, 0.01, 0.5, 1, 46, 0.740724
4, 0.01, 0.5, 2, 2, 0.739615
4, 0.01, 0.5, 3, 90, 0.736667
4, 0.01, 0.5, 4, 182, 0.736611
4, 0.01, 0.6, 1, 21, 0.739968
4, 0.01, 0.6, 2, 1, 0.74086
4, 0.01, 0.6, 3, 96, 0.736972
4, 0.01, 0.6, 4, 15, 0.736739
4, 0.05, 0, 1, 100, 0.737293
4, 0.05, 0, 2, 5, 0.736795
4, 0.05, 0, 3, 25, 0.737179
4, 0.05, 0, 4, 83, 0.737106
4, 0.05, 0.1, 1, 11, 0.736747
4, 0.05, 0.1, 2, 17, 0.737164
4, 0.05, 0.1, 3, 26, 0.737236
4, 0.05, 0.1, 4, 60, 0.736993
4, 0.05, 0.2, 1, 100, 0.75522
4, 0.05, 0.2, 2, 7, 0.737145
4, 0.05, 0.2, 3, 75, 0.73663
4, 0.05, 0.2, 4, 76, 0.737151
4, 0.05, 0.3, 1, 189, 0.750805
4, 0.05, 0.3, 2, 232, 0.737039
4, 0.05, 0.3, 3, 78, 0.736853
4, 0.05, 0.3, 4, 41, 0.736353
4, 0.05, 0.4, 1, 86, 0.736717
4, 0.05, 0.4, 2, 228, 0.736967
4, 0.05, 0.4, 3, 60, 0.736902
4, 0.05, 0.4, 4, 6, 0.736493
4, 0.05, 0.5, 1, 10, 0.74377
4, 0.05, 0.5, 2, 1, 0.739353
4, 0.05, 0.5, 3, 79, 0.736704
4, 0.05, 0.5, 4, 2, 0.736939
4, 0.05, 0.6, 1, 47, 0.737403
4, 0.05, 0.6, 2, 153, 0.736815
4, 0.05, 0.6, 3, 192, 0.736923
4, 0.05, 0.6, 4, 226, 0.736503
8, 0.0001, 0, 1, 118, 0.7418
8, 0.0001, 0, 2, 121, 0.741833
8, 0.0001, 0, 3, 79, 0.743506
8, 0.0001, 0, 4, 328, 0.765482
8, 0.0001, 0.1, 1, 232, 0.744384
8, 0.0001, 0.1, 2, 35, 0.736755
8, 0.0001, 0.1, 3, 228, 0.749887
8, 0.0001, 0.1, 4, 9, 0.741268
8, 0.0001, 0.2, 1, 350, 0.737093
8, 0.0001, 0.2, 2, 53, 0.739108
8, 0.0001, 0.2, 3, 78, 0.736563
8, 0.0001, 0.2, 4, 1099, 0.741466
8, 0.0001, 0.3, 1, 151, 0.742822
8, 0.0001, 0.3, 2, 671, 0.751046
8, 0.0001, 0.3, 3, 719, 0.734331
8, 0.0001, 0.3, 4, 526, 0.741969
8, 0.0001, 0.4, 1, 293, 0.736922
8, 0.0001, 0.4, 2, 409, 0.735889
8, 0.0001, 0.4, 3, 551, 0.733686
8, 0.0001, 0.4, 4, 556, 0.734762
8, 0.0001, 0.5, 1, 102, 0.733891
8, 0.0001, 0.5, 2, 252, 0.733521
8, 0.0001, 0.5, 3, 404, 0.736824
8, 0.0001, 0.5, 4, 336, 0.736322
8, 0.0001, 0.6, 1, 318, 0.743051
8, 0.0001, 0.6, 2, 28, 0.736399
8, 0.0001, 0.6, 3, 524, 0.736139
8, 0.0001, 0.6, 4, 332, 0.736983
8, 0.0005, 0, 1, 109, 0.752129
8, 0.0005, 0, 2, 11, 0.742898
8, 0.0005, 0, 3, 21, 0.739183
8, 0.0005, 0, 4, 8, 0.73751
8, 0.0005, 0.1, 1, 81, 0.741063
8, 0.0005, 0.1, 2, 29, 0.740513
8, 0.0005, 0.1, 3, 46, 0.74425
8, 0.0005, 0.1, 4, 84, 0.736105
8, 0.0005, 0.2, 1, 51, 0.741483
8, 0.0005, 0.2, 2, 192, 0.743255
8, 0.0005, 0.2, 3, 173, 0.768464
8, 0.0005, 0.2, 4, 247, 0.736365
8, 0.0005, 0.3, 1, 61, 0.740914
8, 0.0005, 0.3, 2, 88, 0.744975
8, 0.0005, 0.3, 3, 219, 0.738254
8, 0.0005, 0.3, 4, 165, 0.733248
8, 0.0005, 0.4, 1, 149, 0.737463
8, 0.0005, 0.4, 2, 202, 0.750347
8, 0.0005, 0.4, 3, 93, 0.73862
8, 0.0005, 0.4, 4, 274, 0.741147
8, 0.0005, 0.5, 1, 29, 0.73621
8, 0.0005, 0.5, 2, 282, 0.746543
8, 0.0005, 0.5, 3, 178, 0.736127
8, 0.0005, 0.5, 4, 425, 0.735648
8, 0.0005, 0.6, 1, 291, 0.745764
8, 0.0005, 0.6, 2, 238, 0.737316
8, 0.0005, 0.6, 3, 374, 0.733936
8, 0.0005, 0.6, 4, 418, 0.738669
8, 0.001, 0, 1, 11, 0.753955
8, 0.001, 0, 2, 19, 0.745137
8, 0.001, 0, 3, 21, 0.757411
8, 0.001, 0, 4, 18, 0.743808
8, 0.001, 0.1, 1, 19, 0.744543
8, 0.001, 0.1, 2, 41, 0.743825
8, 0.001, 0.1, 3, 30, 0.764471
8, 0.001, 0.1, 4, 149, 0.764694
8, 0.001, 0.2, 1, 29, 0.738806
8, 0.001, 0.2, 2, 79, 0.744415
8, 0.001, 0.2, 3, 105, 0.729559
8, 0.001, 0.2, 4, 192, 0.743998
8, 0.001, 0.3, 1, 74, 0.747946
8, 0.001, 0.3, 2, 114, 0.752978
8, 0.001, 0.3, 3, 189, 0.751911
8, 0.001, 0.3, 4, 123, 0.74236
8, 0.001, 0.4, 1, 10, 0.73744
8, 0.001, 0.4, 2, 157, 0.738085
8, 0.001, 0.4, 3, 137, 0.736727
8, 0.001, 0.4, 4, 378, 0.737498
8, 0.001, 0.5, 1, 53, 0.74492
8, 0.001, 0.5, 2, 258, 0.743394
8, 0.001, 0.5, 3, 367, 0.73513
8, 0.001, 0.5, 4, 112, 0.747287
8, 0.001, 0.6, 1, 107, 0.741324
8, 0.001, 0.6, 2, 146, 0.737642
8, 0.001, 0.6, 3, 403, 0.749811
8, 0.001, 0.6, 4, 187, 0.73991
8, 0.005, 0, 1, 4, 0.744002
8, 0.005, 0, 2, 11, 0.74506
8, 0.005, 0, 3, 13, 0.748393
8, 0.005, 0, 4, 16, 0.755248
8, 0.005, 0.1, 1, 4, 0.740657
8, 0.005, 0.1, 2, 114, 0.72703
8, 0.005, 0.1, 3, 46, 0.738276
8, 0.005, 0.1, 4, 36, 0.740971
8, 0.005, 0.2, 1, 1, 0.745118
8, 0.005, 0.2, 2, 34, 0.758283
8, 0.005, 0.2, 3, 184, 0.734779
8, 0.005, 0.2, 4, 102, 0.73849
8, 0.005, 0.3, 1, 74, 0.752059
8, 0.005, 0.3, 2, 109, 0.744932
8, 0.005, 0.3, 3, 37, 0.751307
8, 0.005, 0.3, 4, 256, 0.749841
8, 0.005, 0.4, 1, 24, 0.734654
8, 0.005, 0.4, 2, 108, 0.741476
8, 0.005, 0.4, 3, 37, 0.73755
8, 0.005, 0.4, 4, 39, 0.736415
8, 0.005, 0.5, 1, 58, 0.74888
8, 0.005, 0.5, 2, 107, 0.740499
8, 0.005, 0.5, 3, 6, 0.737027
8, 0.005, 0.5, 4, 84, 0.737466
8, 0.005, 0.6, 1, 33, 0.74226
8, 0.005, 0.6, 2, 46, 0.738061
8, 0.005, 0.6, 3, 7, 0.736844
8, 0.005, 0.6, 4, 41, 0.736619
8, 0.01, 0, 1, 9, 0.743888
8, 0.01, 0, 2, 2, 0.738011
8, 0.01, 0, 3, 3, 0.735294
8, 0.01, 0, 4, 21, 0.738342
8, 0.01, 0.1, 1, 72, 0.777215
8, 0.01, 0.1, 2, 58, 0.73548
8, 0.01, 0.1, 3, 45, 0.755971
8, 0.01, 0.1, 4, 108, 0.750284
8, 0.01, 0.2, 1, 23, 0.741487
8, 0.01, 0.2, 2, 12, 0.734961
8, 0.01, 0.2, 3, 10, 0.738062
8, 0.01, 0.2, 4, 144, 0.738416
8, 0.01, 0.3, 1, 108, 0.78891
8, 0.01, 0.3, 2, 3, 0.737687
8, 0.01, 0.3, 3, 7, 0.73654
8, 0.01, 0.3, 4, 24, 0.738368
8, 0.01, 0.4, 1, 49, 0.742879
8, 0.01, 0.4, 2, 4, 0.740222
8, 0.01, 0.4, 3, 1, 0.738182
8, 0.01, 0.4, 4, 16, 0.737088
8, 0.01, 0.5, 1, 178, 0.759509
8, 0.01, 0.5, 2, 2, 0.735349
8, 0.01, 0.5, 3, 2, 0.736959
8, 0.01, 0.5, 4, 2, 0.737023
8, 0.01, 0.6, 1, 20, 0.737313
8, 0.01, 0.6, 2, 11, 0.738472
8, 0.01, 0.6, 3, 5, 0.737668
8, 0.01, 0.6, 4, 124, 0.736866
8, 0.05, 0, 1, 6, 0.741704
8, 0.05, 0, 2, 7, 0.736833
8, 0.05, 0, 3, 158, 0.737323
8, 0.05, 0, 4, 91, 0.736807
8, 0.05, 0.1, 1, 14, 0.758286
8, 0.05, 0.1, 2, 91, 0.736665
8, 0.05, 0.1, 3, 2, 0.736699
8, 0.05, 0.1, 4, 74, 0.736746
8, 0.05, 0.2, 1, 11, 0.736504
8, 0.05, 0.2, 2, 141, 0.736665
8, 0.05, 0.2, 3, 33, 0.737313
8, 0.05, 0.2, 4, 10, 0.736369
8, 0.05, 0.3, 1, 3, 0.744668
8, 0.05, 0.3, 2, 8, 0.737353
8, 0.05, 0.3, 3, 10, 0.736807
8, 0.05, 0.3, 4, 73, 0.737337
8, 0.05, 0.4, 1, 3, 0.738314
8, 0.05, 0.4, 2, 51, 0.735872
8, 0.05, 0.4, 3, 70, 0.736477
8, 0.05, 0.4, 4, 5, 0.736679
8, 0.05, 0.5, 1, 1, 0.758054
8, 0.05, 0.5, 2, 18, 0.736759
8, 0.05, 0.5, 3, 83, 0.737159
8, 0.05, 0.5, 4, 257, 0.737009
8, 0.05, 0.6, 1, 220, 0.734295
8, 0.05, 0.6, 2, 67, 0.736483
8, 0.05, 0.6, 3, 70, 0.736258
8, 0.05, 0.6, 4, 97, 0.736331
16, 0.0001, 0, 1, 342, 0.743673
16, 0.0001, 0, 2, 53, 0.740523
16, 0.0001, 0, 3, 22, 0.735424
16, 0.0001, 0, 4, 172, 0.742562
16, 0.0001, 0.1, 1, 476, 0.733797
16, 0.0001, 0.1, 2, 422, 0.743954
16, 0.0001, 0.1, 3, 536, 0.740192
16, 0.0001, 0.1, 4, 274, 0.740067
16, 0.0001, 0.2, 1, 170, 0.742572
16, 0.0001, 0.2, 2, 236, 0.735386
16, 0.0001, 0.2, 3, 363, 0.742267
16, 0.0001, 0.2, 4, 315, 0.734514
16, 0.0001, 0.3, 1, 378, 0.734858
16, 0.0001, 0.3, 2, 357, 0.739319
16, 0.0001, 0.3, 3, 418, 0.738416
16, 0.0001, 0.3, 4, 336, 0.736916
16, 0.0001, 0.4, 1, 877, 0.741497
16, 0.0001, 0.4, 2, 350, 0.739032
16, 0.0001, 0.4, 3, 1021, 0.739348
16, 0.0001, 0.4, 4, 517, 0.735844
16, 0.0001, 0.5, 1, 481, 0.736568
16, 0.0001, 0.5, 2, 387, 0.736251
16, 0.0001, 0.5, 3, 503, 0.737249
16, 0.0001, 0.5, 4, 111, 0.736481
16, 0.0001, 0.6, 1, 551, 0.735582
16, 0.0001, 0.6, 2, 728, 0.740023
16, 0.0001, 0.6, 3, 712, 0.737061
16, 0.0001, 0.6, 4, 748, 0.73697
16, 0.0005, 0, 1, 29, 0.744198
16, 0.0005, 0, 2, 31, 0.744374
16, 0.0005, 0, 3, 42, 0.746799
16, 0.0005, 0, 4, 34, 0.73666
16, 0.0005, 0.1, 1, 52, 0.740159
16, 0.0005, 0.1, 2, 82, 0.735847
16, 0.0005, 0.1, 3, 180, 0.749509
16, 0.0005, 0.1, 4, 242, 0.755477
16, 0.0005, 0.2, 1, 60, 0.73792
16, 0.0005, 0.2, 2, 176, 0.743669
16, 0.0005, 0.2, 3, 175, 0.758169
16, 0.0005, 0.2, 4, 189, 0.733244
16, 0.0005, 0.3, 1, 233, 0.749313
16, 0.0005, 0.3, 2, 350, 0.743275
16, 0.0005, 0.3, 3, 96, 0.741166
16, 0.0005, 0.3, 4, 424, 0.746482
16, 0.0005, 0.4, 1, 99, 0.737795
16, 0.0005, 0.4, 2, 148, 0.733935
16, 0.0005, 0.4, 3, 440, 0.746348
16, 0.0005, 0.4, 4, 145, 0.735929
16, 0.0005, 0.5, 1, 68, 0.738702
16, 0.0005, 0.5, 2, 525, 0.743113
16, 0.0005, 0.5, 3, 548, 0.742236
16, 0.0005, 0.5, 4, 461, 0.739236
16, 0.0005, 0.6, 1, 66, 0.735975
16, 0.0005, 0.6, 2, 337, 0.736313
16, 0.0005, 0.6, 3, 343, 0.733801
16, 0.0005, 0.6, 4, 264, 0.738142
16, 0.001, 0, 1, 19, 0.736342
16, 0.001, 0, 2, 36, 0.76397
16, 0.001, 0, 3, 31, 0.753522
16, 0.001, 0, 4, 22, 0.735011
16, 0.001, 0.1, 1, 38, 0.732828
16, 0.001, 0.1, 2, 77, 0.755671
16, 0.001, 0.1, 3, 65, 0.736465
16, 0.001, 0.1, 4, 18, 0.73449
16, 0.001, 0.2, 1, 145, 0.735406
16, 0.001, 0.2, 2, 201, 0.756537
16, 0.001, 0.2, 3, 102, 0.74566
16, 0.001, 0.2, 4, 223, 0.739547
16, 0.001, 0.3, 1, 121, 0.746706
16, 0.001, 0.3, 2, 102, 0.747204
16, 0.001, 0.3, 3, 160, 0.743361
16, 0.001, 0.3, 4, 155, 0.743547
16, 0.001, 0.4, 1, 255, 0.745348
16, 0.001, 0.4, 2, 95, 0.740641
16, 0.001, 0.4, 3, 232, 0.744688
16, 0.001, 0.4, 4, 270, 0.751481
16, 0.001, 0.5, 1, 48, 0.737532
16, 0.001, 0.5, 2, 559, 0.749876
16, 0.001, 0.5, 3, 352, 0.734995
16, 0.001, 0.5, 4, 235, 0.739348
16, 0.001, 0.6, 1, 97, 0.740611
16, 0.001, 0.6, 2, 309, 0.75383
16, 0.001, 0.6, 3, 271, 0.741172
16, 0.001, 0.6, 4, 266, 0.738137
16, 0.005, 0, 1, 17, 0.745952
16, 0.005, 0, 2, 3, 0.745004
16, 0.005, 0, 3, 11, 0.751037
16, 0.005, 0, 4, 16, 0.767971
16, 0.005, 0.1, 1, 28, 0.74223
16, 0.005, 0.1, 2, 16, 0.725055
16, 0.005, 0.1, 3, 73, 0.774941
16, 0.005, 0.1, 4, 121, 0.733364
16, 0.005, 0.2, 1, 4, 0.748354
16, 0.005, 0.2, 2, 6, 0.737802
16, 0.005, 0.2, 3, 49, 0.749542
16, 0.005, 0.2, 4, 283, 0.754071
16, 0.005, 0.3, 1, 13, 0.745418
16, 0.005, 0.3, 2, 304, 0.752642
16, 0.005, 0.3, 3, 82, 0.734137
16, 0.005, 0.3, 4, 259, 0.749754
16, 0.005, 0.4, 1, 157, 0.760033
16, 0.005, 0.4, 2, 164, 0.747096
16, 0.005, 0.4, 3, 64, 0.734251
16, 0.005, 0.4, 4, 46, 0.736865
16, 0.005, 0.5, 1, 77, 0.744225
16, 0.005, 0.5, 2, 65, 0.730328
16, 0.005, 0.5, 3, 138, 0.736828
16, 0.005, 0.5, 4, 40, 0.737876
16, 0.005, 0.6, 1, 172, 0.746191
16, 0.005, 0.6, 2, 88, 0.738206
16, 0.005, 0.6, 3, 33, 0.736843
16, 0.005, 0.6, 4, 51, 0.73695
16, 0.01, 0, 1, 1, 0.739083
16, 0.01, 0, 2, 30, 0.780997
16, 0.01, 0, 3, 7, 0.745161
16, 0.01, 0, 4, 6, 0.742698
16, 0.01, 0.1, 1, 47, 0.762361
16, 0.01, 0.1, 2, 7, 0.744491
16, 0.01, 0.1, 3, 113, 0.734562
16, 0.01, 0.1, 4, 13, 0.763693
16, 0.01, 0.2, 1, 5, 0.739609
16, 0.01, 0.2, 2, 204, 0.735449
16, 0.01, 0.2, 3, 81, 0.751655
16, 0.01, 0.2, 4, 37, 0.758381
16, 0.01, 0.3, 1, 73, 0.753403
16, 0.01, 0.3, 2, 74, 0.744448
16, 0.01, 0.3, 3, 4, 0.736158
16, 0.01, 0.3, 4, 10, 0.73214
16, 0.01, 0.4, 1, 142, 0.779527
16, 0.01, 0.4, 2, 15, 0.736672
16, 0.01, 0.4, 3, 4, 0.738534
16, 0.01, 0.4, 4, 18, 0.736864
16, 0.01, 0.5, 1, 46, 0.747698
16, 0.01, 0.5, 2, 3, 0.736517
16, 0.01, 0.5, 3, 41, 0.736531
16, 0.01, 0.5, 4, 36, 0.735301
16, 0.01, 0.6, 1, 225, 0.733161
16, 0.01, 0.6, 2, 4, 0.73845
16, 0.01, 0.6, 3, 132, 0.736617
16, 0.01, 0.6, 4, 124, 0.736635
16, 0.05, 0, 1, 19, 0.740541
16, 0.05, 0, 2, 21, 0.737056
16, 0.05, 0, 3, 0, 0.738662
16, 0.05, 0, 4, 77, 0.736262
16, 0.05, 0.1, 1, 6, 0.744309
16, 0.05, 0.1, 2, 12, 0.739736
16, 0.05, 0.1, 3, 38, 0.736592
16, 0.05, 0.1, 4, 23, 0.736403
16, 0.05, 0.2, 1, 1, 0.746089
16, 0.05, 0.2, 2, 145, 0.736562
16, 0.05, 0.2, 3, 10, 0.736637
16, 0.05, 0.2, 4, 1, 0.737153
16, 0.05, 0.3, 1, 2, 0.745745
16, 0.05, 0.3, 2, 10, 0.737005
16, 0.05, 0.3, 3, 61, 0.736939
16, 0.05, 0.3, 4, 40, 0.736657
16, 0.05, 0.4, 1, 13, 0.747241
16, 0.05, 0.4, 2, 153, 0.736586
16, 0.05, 0.4, 3, 68, 0.736999
16, 0.05, 0.4, 4, 7, 0.737157
16, 0.05, 0.5, 1, 17, 0.740665
16, 0.05, 0.5, 2, 50, 0.736816
16, 0.05, 0.5, 3, 50, 0.736612
16, 0.05, 0.5, 4, 50, 0.736818
16, 0.05, 0.6, 1, 11, 0.741287
16, 0.05, 0.6, 2, 79, 0.736556
16, 0.05, 0.6, 3, 145, 0.737008
16, 0.05, 0.6, 4, 6, 0.736933
32, 0.0001, 0, 1, 169, 0.743592
32, 0.0001, 0, 2, 107, 0.737606
32, 0.0001, 0, 3, 32, 0.732994
32, 0.0001, 0, 4, 94, 0.740087
32, 0.0001, 0.1, 1, 331, 0.747495
32, 0.0001, 0.1, 2, 383, 0.741248
32, 0.0001, 0.1, 3, 242, 0.740808
32, 0.0001, 0.1, 4, 302, 0.743227
32, 0.0001, 0.2, 1, 1557, 0.743057
32, 0.0001, 0.2, 2, 484, 0.737787
32, 0.0001, 0.2, 3, 411, 0.741448
32, 0.0001, 0.2, 4, 799, 0.743593
32, 0.0001, 0.3, 1, 266, 0.738442
32, 0.0001, 0.3, 2, 1025, 0.733913
32, 0.0001, 0.3, 3, 1706, 0.73976
32, 0.0001, 0.3, 4, 196, 0.737456
32, 0.0001, 0.4, 1, 287, 0.743821
32, 0.0001, 0.4, 2, 473, 0.73972
32, 0.0001, 0.4, 3, 398, 0.735461
32, 0.0001, 0.4, 4, 859, 0.740122
32, 0.0001, 0.5, 1, 489, 0.739704
32, 0.0001, 0.5, 2, 42, 0.73952
32, 0.0001, 0.5, 3, 455, 0.737263
32, 0.0001, 0.5, 4, 739, 0.735981
32, 0.0001, 0.6, 1, 566, 0.740515
32, 0.0001, 0.6, 2, 877, 0.738121
32, 0.0001, 0.6, 3, 1030, 0.737271
32, 0.0001, 0.6, 4, 123, 0.73748
32, 0.0005, 0, 1, 72, 0.742755
32, 0.0005, 0, 2, 55, 0.756137
32, 0.0005, 0, 3, 16, 0.738745
32, 0.0005, 0, 4, 120, 0.752731
32, 0.0005, 0.1, 1, 543, 0.756352
32, 0.0005, 0.1, 2, 40, 0.741751
32, 0.0005, 0.1, 3, 106, 0.751912
32, 0.0005, 0.1, 4, 50, 0.734606
32, 0.0005, 0.2, 1, 124, 0.731485
32, 0.0005, 0.2, 2, 175, 0.746374
32, 0.0005, 0.2, 3, 414, 0.751375
32, 0.0005, 0.2, 4, 55, 0.737049
32, 0.0005, 0.3, 1, 140, 0.735855
32, 0.0005, 0.3, 2, 20, 0.739515
32, 0.0005, 0.3, 3, 122, 0.736504
32, 0.0005, 0.3, 4, 170, 0.742392
32, 0.0005, 0.4, 1, 94, 0.736075
32, 0.0005, 0.4, 2, 135, 0.738738
32, 0.0005, 0.4, 3, 131, 0.738087
32, 0.0005, 0.4, 4, 187, 0.734029
32, 0.0005, 0.5, 1, 155, 0.738688
32, 0.0005, 0.5, 2, 151, 0.736243
32, 0.0005, 0.5, 3, 429, 0.741585
32, 0.0005, 0.5, 4, 406, 0.734873
32, 0.0005, 0.6, 1, 82, 0.734836
32, 0.0005, 0.6, 2, 296, 0.734805
32, 0.0005, 0.6, 3, 562, 0.737796
32, 0.0005, 0.6, 4, 161, 0.73719
32, 0.001, 0, 1, 32, 0.739204
32, 0.001, 0, 2, 3, 0.739683
32, 0.001, 0, 3, 45, 0.783559
32, 0.001, 0, 4, 48, 0.745623
32, 0.001, 0.1, 1, 58, 0.738912
32, 0.001, 0.1, 2, 41, 0.742923
32, 0.001, 0.1, 3, 73, 0.753642
32, 0.001, 0.1, 4, 66, 0.732046
32, 0.001, 0.2, 1, 237, 0.746496
32, 0.001, 0.2, 2, 157, 0.74568
32, 0.001, 0.2, 3, 42, 0.738052
32, 0.001, 0.2, 4, 27, 0.736344
32, 0.001, 0.3, 1, 66, 0.744882
32, 0.001, 0.3, 2, 272, 0.736751
32, 0.001, 0.3, 3, 184, 0.748653
32, 0.001, 0.3, 4, 273, 0.738237
32, 0.001, 0.4, 1, 77, 0.732165
32, 0.001, 0.4, 2, 18, 0.737964
32, 0.001, 0.4, 3, 162, 0.738797
32, 0.001, 0.4, 4, 128, 0.7368
32, 0.001, 0.5, 1, 224, 0.740268
32, 0.001, 0.5, 2, 53, 0.735618
32, 0.001, 0.5, 3, 245, 0.741093
32, 0.001, 0.5, 4, 149, 0.738244
32, 0.001, 0.6, 1, 99, 0.733955
32, 0.001, 0.6, 2, 256, 0.735312
32, 0.001, 0.6, 3, 372, 0.737098
32, 0.001, 0.6, 4, 12, 0.735732
32, 0.005, 0, 1, 2, 0.734511
32, 0.005, 0, 2, 2, 0.743503
32, 0.005, 0, 3, 5, 0.739918
32, 0.005, 0, 4, 10, 0.745858
32, 0.005, 0.1, 1, 12, 0.738774
32, 0.005, 0.1, 2, 18, 0.740798
32, 0.005, 0.1, 3, 23, 0.747356
32, 0.005, 0.1, 4, 111, 0.761711
32, 0.005, 0.2, 1, 16, 0.73331
32, 0.005, 0.2, 2, 50, 0.760178
32, 0.005, 0.2, 3, 162, 0.747331
32, 0.005, 0.2, 4, 163, 0.732513
32, 0.005, 0.3, 1, 10, 0.741128
32, 0.005, 0.3, 2, 143, 0.744171
32, 0.005, 0.3, 3, 38, 0.732672
32, 0.005, 0.3, 4, 258, 0.735485
32, 0.005, 0.4, 1, 215, 0.766701
32, 0.005, 0.4, 2, 74, 0.734664
32, 0.005, 0.4, 3, 191, 0.743601
32, 0.005, 0.4, 4, 122, 0.737351
32, 0.005, 0.5, 1, 29, 0.739847
32, 0.005, 0.5, 2, 199, 0.739468
32, 0.005, 0.5, 3, 162, 0.745563
32, 0.005, 0.5, 4, 182, 0.73477
32, 0.005, 0.6, 1, 10, 0.73716
32, 0.005, 0.6, 2, 130, 0.738596
32, 0.005, 0.6, 3, 27, 0.735707
32, 0.005, 0.6, 4, 114, 0.737562
32, 0.01, 0, 1, 1, 0.738751
32, 0.01, 0, 2, 0, 0.738452
32, 0.01, 0, 3, 11, 0.756942
32, 0.01, 0, 4, 4, 0.734562
32, 0.01, 0.1, 1, 4, 0.744903
32, 0.01, 0.1, 2, 25, 0.75568
32, 0.01, 0.1, 3, 9, 0.740744
32, 0.01, 0.1, 4, 57, 0.742518
32, 0.01, 0.2, 1, 12, 0.744867
32, 0.01, 0.2, 2, 62, 0.736407
32, 0.01, 0.2, 3, 92, 0.747883
32, 0.01, 0.2, 4, 93, 0.741504
32, 0.01, 0.3, 1, 93, 0.750605
32, 0.01, 0.3, 2, 85, 0.746354
32, 0.01, 0.3, 3, 6, 0.734189
32, 0.01, 0.3, 4, 75, 0.735729
32, 0.01, 0.4, 1, 64, 0.745878
32, 0.01, 0.4, 2, 44, 0.727401
32, 0.01, 0.4, 3, 20, 0.735599
32, 0.01, 0.4, 4, 22, 0.735441
32, 0.01, 0.5, 1, 82, 0.736988
32, 0.01, 0.5, 2, 31, 0.739131
32, 0.01, 0.5, 3, 21, 0.736306
32, 0.01, 0.5, 4, 39, 0.736521
32, 0.01, 0.6, 1, 66, 0.73437
32, 0.01, 0.6, 2, 4, 0.735554
32, 0.01, 0.6, 3, 7, 0.737068
32, 0.01, 0.6, 4, 46, 0.737021
32, 0.05, 0, 1, 22, 0.792576
32, 0.05, 0, 2, 15, 0.738004
32, 0.05, 0, 3, 12, 0.735202
32, 0.05, 0, 4, 7, 0.742373
32, 0.05, 0.1, 1, 24, 0.739215
32, 0.05, 0.1, 2, 69, 0.736817
32, 0.05, 0.1, 3, 1, 0.733789
32, 0.05, 0.1, 4, 43, 0.736379
32, 0.05, 0.2, 1, 28, 0.744346
32, 0.05, 0.2, 2, 72, 0.736688
32, 0.05, 0.2, 3, 6, 0.736886
32, 0.05, 0.2, 4, 10, 0.732593
32, 0.05, 0.3, 1, 3, 0.742611
32, 0.05, 0.3, 2, 55, 0.736648
32, 0.05, 0.3, 3, 149, 0.736664
32, 0.05, 0.3, 4, 36, 0.736975
32, 0.05, 0.4, 1, 11, 0.744637
32, 0.05, 0.4, 2, 0, 0.738236
32, 0.05, 0.4, 3, 148, 0.737255
32, 0.05, 0.4, 4, 177, 0.736698
32, 0.05, 0.5, 1, 9, 0.747492
32, 0.05, 0.5, 2, 35, 0.736267
32, 0.05, 0.5, 3, 43, 0.736642
32, 0.05, 0.5, 4, 38, 0.73684
32, 0.05, 0.6, 1, 10, 0.738638
32, 0.05, 0.6, 2, 73, 0.73667
32, 0.05, 0.6, 3, 153, 0.736677
32, 0.05, 0.6, 4, 275, 0.736553
64, 0.0001, 0, 1, 526, 0.749217
64, 0.0001, 0, 2, 100, 0.734602
64, 0.0001, 0, 3, 99, 0.746401
64, 0.0001, 0, 4, 66, 0.739151
64, 0.0001, 0.1, 1, 933, 0.740714
64, 0.0001, 0.1, 2, 281, 0.743708
64, 0.0001, 0.1, 3, 255, 0.737319
64, 0.0001, 0.1, 4, 1191, 0.736973
64, 0.0001, 0.2, 1, 716, 0.73835
64, 0.0001, 0.2, 2, 1027, 0.754101
64, 0.0001, 0.2, 3, 346, 0.737979
64, 0.0001, 0.2, 4, 452, 0.738892
64, 0.0001, 0.3, 1, 272, 0.74198
64, 0.0001, 0.3, 2, 255, 0.739727
64, 0.0001, 0.3, 3, 1144, 0.740595
64, 0.0001, 0.3, 4, 1158, 0.733859
64, 0.0001, 0.4, 1, 1197, 0.74247
64, 0.0001, 0.4, 2, 278, 0.738232
64, 0.0001, 0.4, 3, 562, 0.735289
64, 0.0001, 0.4, 4, 1542, 0.73737
64, 0.0001, 0.5, 1, 844, 0.739886
64, 0.0001, 0.5, 2, 413, 0.736211
64, 0.0001, 0.5, 3, 1669, 0.738309
64, 0.0001, 0.5, 4, 1467, 0.737159
64, 0.0001, 0.6, 1, 790, 0.734756
64, 0.0001, 0.6, 2, 1108, 0.736933
64, 0.0001, 0.6, 3, 146, 0.738471
64, 0.0001, 0.6, 4, 767, 0.736893
64, 0.0005, 0, 1, 57, 0.752938
64, 0.0005, 0, 2, 71, 0.750361
64, 0.0005, 0, 3, 45, 0.739434
64, 0.0005, 0, 4, 69, 0.741049
64, 0.0005, 0.1, 1, 75, 0.750341
64, 0.0005, 0.1, 2, 382, 0.754628
64, 0.0005, 0.1, 3, 325, 0.757664
64, 0.0005, 0.1, 4, 241, 0.738899
64, 0.0005, 0.2, 1, 66, 0.7535
64, 0.0005, 0.2, 2, 443, 0.742747
64, 0.0005, 0.2, 3, 335, 0.734738
64, 0.0005, 0.2, 4, 500, 0.755428
64, 0.0005, 0.3, 1, 54, 0.741983
64, 0.0005, 0.3, 2, 387, 0.736295
64, 0.0005, 0.3, 3, 231, 0.744391
64, 0.0005, 0.3, 4, 183, 0.736175
64, 0.0005, 0.4, 1, 240, 0.739119
64, 0.0005, 0.4, 2, 107, 0.737024
64, 0.0005, 0.4, 3, 638, 0.743636
64, 0.0005, 0.4, 4, 297, 0.744926
64, 0.0005, 0.5, 1, 180, 0.734644
64, 0.0005, 0.5, 2, 579, 0.743629
64, 0.0005, 0.5, 3, 396, 0.738679
64, 0.0005, 0.5, 4, 53, 0.73756
64, 0.0005, 0.6, 1, 246, 0.737419
64, 0.0005, 0.6, 2, 9, 0.736068
64, 0.0005, 0.6, 3, 107, 0.736206
64, 0.0005, 0.6, 4, 211, 0.736877
64, 0.001, 0, 1, 27, 0.74723
64, 0.001, 0, 2, 44, 0.741921
64, 0.001, 0, 3, 48, 0.736341
64, 0.001, 0, 4, 61, 0.745693
64, 0.001, 0.1, 1, 95, 0.738674
64, 0.001, 0.1, 2, 48, 0.745107
64, 0.001, 0.1, 3, 57, 0.747234
64, 0.001, 0.1, 4, 49, 0.734367
64, 0.001, 0.2, 1, 47, 0.741395
64, 0.001, 0.2, 2, 55, 0.737367
64, 0.001, 0.2, 3, 240, 0.747515
64, 0.001, 0.2, 4, 365, 0.755455
64, 0.001, 0.3, 1, 73, 0.741509
64, 0.001, 0.3, 2, 378, 0.739624
64, 0.001, 0.3, 3, 200, 0.732739
64, 0.001, 0.3, 4, 186, 0.733797
64, 0.001, 0.4, 1, 43, 0.742486
64, 0.001, 0.4, 2, 294, 0.747828
64, 0.001, 0.4, 3, 407, 0.735613
64, 0.001, 0.4, 4, 203, 0.735932
64, 0.001, 0.5, 1, 127, 0.737365
64, 0.001, 0.5, 2, 541, 0.745119
64, 0.001, 0.5, 3, 363, 0.749251
64, 0.001, 0.5, 4, 227, 0.738334
64, 0.001, 0.6, 1, 43, 0.74371
64, 0.001, 0.6, 2, 580, 0.749341
64, 0.001, 0.6, 3, 345, 0.736901
64, 0.001, 0.6, 4, 501, 0.734811
64, 0.005, 0, 1, 139, 0.77071
64, 0.005, 0, 2, 3, 0.739144
64, 0.005, 0, 3, 14, 0.755387
64, 0.005, 0, 4, 30, 0.75887
64, 0.005, 0.1, 1, 11, 0.7387
64, 0.005, 0.1, 2, 14, 0.732641
64, 0.005, 0.1, 3, 23, 0.759357
64, 0.005, 0.1, 4, 92, 0.753709
64, 0.005, 0.2, 1, 24, 0.73355
64, 0.005, 0.2, 2, 72, 0.731787
64, 0.005, 0.2, 3, 43, 0.742071
64, 0.005, 0.2, 4, 50, 0.736746
64, 0.005, 0.3, 1, 77, 0.745244
64, 0.005, 0.3, 2, 65, 0.737968
64, 0.005, 0.3, 3, 69, 0.741394
64, 0.005, 0.3, 4, 115, 0.732216
64, 0.005, 0.4, 1, 10, 0.735223
64, 0.005, 0.4, 2, 156, 0.734243
64, 0.005, 0.4, 3, 311, 0.745673
64, 0.005, 0.4, 4, 202, 0.739051
64, 0.005, 0.5, 1, 180, 0.751505
64, 0.005, 0.5, 2, 274, 0.74166
64, 0.005, 0.5, 3, 27, 0.735617
64, 0.005, 0.5, 4, 233, 0.740172
64, 0.005, 0.6, 1, 115, 0.746391
64, 0.005, 0.6, 2, 109, 0.736273
64, 0.005, 0.6, 3, 127, 0.736534
64, 0.005, 0.6, 4, 336, 0.735829
64, 0.01, 0, 1, 16, 0.744574
64, 0.01, 0, 2, 20, 0.757293
64, 0.01, 0, 3, 45, 0.81247
64, 0.01, 0, 4, 23, 0.753288
64, 0.01, 0.1, 1, 11, 0.743311
64, 0.01, 0.1, 2, 27, 0.74798
64, 0.01, 0.1, 3, 34, 0.750203
64, 0.01, 0.1, 4, 199, 0.795302
64, 0.01, 0.2, 1, 16, 0.739995
64, 0.01, 0.2, 2, 62, 0.73794
64, 0.01, 0.2, 3, 44, 0.742767
64, 0.01, 0.2, 4, 116, 0.747483
64, 0.01, 0.3, 1, 69, 0.740045
64, 0.01, 0.3, 2, 89, 0.739476
64, 0.01, 0.3, 3, 107, 0.741842
64, 0.01, 0.3, 4, 325, 0.749665
64, 0.01, 0.4, 1, 148, 0.734585
64, 0.01, 0.4, 2, 164, 0.739382
64, 0.01, 0.4, 3, 78, 0.736366
64, 0.01, 0.4, 4, 82, 0.739066
64, 0.01, 0.5, 1, 99, 0.738776
64, 0.01, 0.5, 2, 116, 0.746608
64, 0.01, 0.5, 3, 0, 0.738252
64, 0.01, 0.5, 4, 89, 0.737406
64, 0.01, 0.6, 1, 48, 0.744923
64, 0.01, 0.6, 2, 35, 0.738041
64, 0.01, 0.6, 3, 28, 0.73741
64, 0.01, 0.6, 4, 72, 0.736571
64, 0.05, 0, 1, 58, 0.747765
64, 0.05, 0, 2, 15, 0.738906
64, 0.05, 0, 3, 161, 0.75699
64, 0.05, 0, 4, 18, 0.739371
64, 0.05, 0.1, 1, 48, 0.754452
64, 0.05, 0.1, 2, 78, 0.737097
64, 0.05, 0.1, 3, 110, 0.737931
64, 0.05, 0.1, 4, 3, 0.736725
64, 0.05, 0.2, 1, 38, 0.738926
64, 0.05, 0.2, 2, 19, 0.741695
64, 0.05, 0.2, 3, 86, 0.736596
64, 0.05, 0.2, 4, 0, 0.739965
64, 0.05, 0.3, 1, 7, 0.744515
64, 0.05, 0.3, 2, 21, 0.736867
64, 0.05, 0.3, 3, 24, 0.736786
64, 0.05, 0.3, 4, 175, 0.736461
64, 0.05, 0.4, 1, 161, 0.737229
64, 0.05, 0.4, 2, 116, 0.736678
64, 0.05, 0.4, 3, 111, 0.736893
64, 0.05, 0.4, 4, 7, 0.737658
64, 0.05, 0.5, 1, 1, 0.739269
64, 0.05, 0.5, 2, 3, 0.736493
64, 0.05, 0.5, 3, 0, 0.736834
64, 0.05, 0.5, 4, 14, 0.736653
64, 0.05, 0.6, 1, 34, 0.753727
64, 0.05, 0.6, 2, 52, 0.737001
64, 0.05, 0.6, 3, 115, 0.736493
64, 0.05, 0.6, 4, 67, 0.736603
128, 0.0001, 0, 1, 814, 0.751884
128, 0.0001, 0, 2, 220, 0.742579
128, 0.0001, 0, 3, 228, 0.736381
128, 0.0001, 0, 4, 344, 0.737984
128, 0.0001, 0.1, 1, 930, 0.732917
128, 0.0001, 0.1, 2, 525, 0.741513
128, 0.0001, 0.1, 3, 611, 0.728393
128, 0.0001, 0.1, 4, 733, 0.737326
128, 0.0001, 0.2, 1, 994, 0.739539
128, 0.0001, 0.2, 2, 136, 0.738362
128, 0.0001, 0.2, 3, 257, 0.736175
128, 0.0001, 0.2, 4, 2628, 0.737613
128, 0.0001, 0.3, 1, 836, 0.735487
128, 0.0001, 0.3, 2, 1985, 0.751365
128, 0.0001, 0.3, 3, 720, 0.734441
128, 0.0001, 0.3, 4, 876, 0.737514
128, 0.0001, 0.4, 1, 976, 0.733314
128, 0.0001, 0.4, 2, 248, 0.737582
128, 0.0001, 0.4, 3, 811, 0.738133
128, 0.0001, 0.4, 4, 1302, 0.736641
128, 0.0001, 0.5, 1, 704, 0.738083
128, 0.0001, 0.5, 2, 231, 0.73502
128, 0.0001, 0.5, 3, 1502, 0.736639
128, 0.0001, 0.5, 4, 1045, 0.736556
128, 0.0001, 0.6, 1, 1125, 0.737733
128, 0.0001, 0.6, 2, 1358, 0.737924
128, 0.0001, 0.6, 3, 868, 0.737729
128, 0.0001, 0.6, 4, 1120, 0.736492
128, 0.0005, 0, 1, 230, 0.742935
128, 0.0005, 0, 2, 119, 0.743996
128, 0.0005, 0, 3, 106, 0.74365
128, 0.0005, 0, 4, 102, 0.735488
128, 0.0005, 0.1, 1, 70, 0.74735
128, 0.0005, 0.1, 2, 397, 0.74186
128, 0.0005, 0.1, 3, 358, 0.743
128, 0.0005, 0.1, 4, 173, 0.740191
128, 0.0005, 0.2, 1, 241, 0.742992
128, 0.0005, 0.2, 2, 41, 0.739366
128, 0.0005, 0.2, 3, 53, 0.73655
128, 0.0005, 0.2, 4, 133, 0.738665
128, 0.0005, 0.3, 1, 343, 0.738889
128, 0.0005, 0.3, 2, 289, 0.738623
128, 0.0005, 0.3, 3, 358, 0.740191
128, 0.0005, 0.3, 4, 215, 0.736919
128, 0.0005, 0.4, 1, 375, 0.733746
128, 0.0005, 0.4, 2, 678, 0.734132
128, 0.0005, 0.4, 3, 150, 0.734255
128, 0.0005, 0.4, 4, 203, 0.737749
128, 0.0005, 0.5, 1, 405, 0.738514
128, 0.0005, 0.5, 2, 218, 0.736147
128, 0.0005, 0.5, 3, 264, 0.735636
128, 0.0005, 0.5, 4, 370, 0.735852
128, 0.0005, 0.6, 1, 561, 0.737402
128, 0.0005, 0.6, 2, 696, 0.737762
128, 0.0005, 0.6, 3, 1294, 0.739859
128, 0.0005, 0.6, 4, 163, 0.737625
128, 0.001, 0, 1, 71, 0.74253
128, 0.001, 0, 2, 9, 0.736142
128, 0.001, 0, 3, 71, 0.754937
128, 0.001, 0, 4, 30, 0.734514
128, 0.001, 0.1, 1, 72, 0.744804
128, 0.001, 0.1, 2, 31, 0.740884
128, 0.001, 0.1, 3, 59, 0.733729
128, 0.001, 0.1, 4, 190, 0.738216
128, 0.001, 0.2, 1, 219, 0.734832
128, 0.001, 0.2, 2, 257, 0.737688
128, 0.001, 0.2, 3, 188, 0.744117
128, 0.001, 0.2, 4, 173, 0.741759
128, 0.001, 0.3, 1, 114, 0.749545
128, 0.001, 0.3, 2, 157, 0.740401
128, 0.001, 0.3, 3, 300, 0.741568
128, 0.001, 0.3, 4, 358, 0.737654
128, 0.001, 0.4, 1, 101, 0.734471
128, 0.001, 0.4, 2, 35, 0.732963
128, 0.001, 0.4, 3, 577, 0.738626
128, 0.001, 0.4, 4, 306, 0.738157
128, 0.001, 0.5, 1, 137, 0.737696
128, 0.001, 0.5, 2, 14, 0.737407
128, 0.001, 0.5, 3, 699, 0.735857
128, 0.001, 0.5, 4, 140, 0.736554
128, 0.001, 0.6, 1, 234, 0.737425
128, 0.001, 0.6, 2, 186, 0.736845
128, 0.001, 0.6, 3, 728, 0.7386
128, 0.001, 0.6, 4, 202, 0.736829
128, 0.005, 0, 1, 53, 0.744568
128, 0.005, 0, 2, 24, 0.755369
128, 0.005, 0, 3, 39, 0.765465
128, 0.005, 0, 4, 6, 0.734242
128, 0.005, 0.1, 1, 96, 0.744957
128, 0.005, 0.1, 2, 31, 0.739968
128, 0.005, 0.1, 3, 30, 0.741468
128, 0.005, 0.1, 4, 99, 0.766859
128, 0.005, 0.2, 1, 22, 0.735605
128, 0.005, 0.2, 2, 92, 0.746195
128, 0.005, 0.2, 3, 129, 0.753902
128, 0.005, 0.2, 4, 110, 0.741695
128, 0.005, 0.3, 1, 35, 0.739433
128, 0.005, 0.3, 2, 147, 0.764867
128, 0.005, 0.3, 3, 117, 0.731703
128, 0.005, 0.3, 4, 147, 0.735454
128, 0.005, 0.4, 1, 29, 0.737103
128, 0.005, 0.4, 2, 326, 0.746351
128, 0.005, 0.4, 3, 173, 0.740314
128, 0.005, 0.4, 4, 270, 0.751808
128, 0.005, 0.5, 1, 132, 0.744464
128, 0.005, 0.5, 2, 406, 0.753799
128, 0.005, 0.5, 3, 159, 0.737667
128, 0.005, 0.5, 4, 284, 0.734204
128, 0.005, 0.6, 1, 40, 0.73632
128, 0.005, 0.6, 2, 96, 0.737728
128, 0.005, 0.6, 3, 226, 0.737277
128, 0.005, 0.6, 4, 187, 0.736461
128, 0.01, 0, 1, 35, 0.75049
128, 0.01, 0, 2, 56, 0.800185
128, 0.01, 0, 3, 47, 0.767533
128, 0.01, 0, 4, 70, 0.755529
128, 0.01, 0.1, 1, 10, 0.739774
128, 0.01, 0.1, 2, 39, 0.742338
128, 0.01, 0.1, 3, 57, 0.765123
128, 0.01, 0.1, 4, 47, 0.743247
128, 0.01, 0.2, 1, 26, 0.739744
128, 0.01, 0.2, 2, 27, 0.752921
128, 0.01, 0.2, 3, 96, 0.733591
128, 0.01, 0.2, 4, 76, 0.733151
128, 0.01, 0.3, 1, 24, 0.738327
128, 0.01, 0.3, 2, 133, 0.732894
128, 0.01, 0.3, 3, 121, 0.738792
128, 0.01, 0.3, 4, 137, 0.741114
128, 0.01, 0.4, 1, 138, 0.744818
128, 0.01, 0.4, 2, 121, 0.744085
128, 0.01, 0.4, 3, 34, 0.737556
128, 0.01, 0.4, 4, 28, 0.73714
128, 0.01, 0.5, 1, 21, 0.738133
128, 0.01, 0.5, 2, 104, 0.745518
128, 0.01, 0.5, 3, 56, 0.735923
128, 0.01, 0.5, 4, 45, 0.735875
128, 0.01, 0.6, 1, 71, 0.730122
128, 0.01, 0.6, 2, 153, 0.738848
128, 0.01, 0.6, 3, 24, 0.737913
128, 0.01, 0.6, 4, 30, 0.736486
128, 0.05, 0, 1, 120, 0.769396
128, 0.05, 0, 2, 66, 0.736946
128, 0.05, 0, 3, 99, 0.740311
128, 0.05, 0, 4, 56, 0.744776
128, 0.05, 0.1, 1, 95, 0.806223
128, 0.05, 0.1, 2, 22, 0.736794
128, 0.05, 0.1, 3, 81, 0.736432
128, 0.05, 0.1, 4, 190, 0.73694
128, 0.05, 0.2, 1, 109, 0.726378
128, 0.05, 0.2, 2, 33, 0.736785
128, 0.05, 0.2, 3, 59, 0.737088
128, 0.05, 0.2, 4, 90, 0.736964
128, 0.05, 0.3, 1, 98, 0.747388
128, 0.05, 0.3, 2, 15, 0.737638
128, 0.05, 0.3, 3, 101, 0.736717
128, 0.05, 0.3, 4, 167, 0.736654
128, 0.05, 0.4, 1, 38, 0.751763
128, 0.05, 0.4, 2, 2, 0.736506
128, 0.05, 0.4, 3, 29, 0.736391
128, 0.05, 0.4, 4, 56, 0.736578
128, 0.05, 0.5, 1, 132, 0.737768
128, 0.05, 0.5, 2, 119, 0.736673
128, 0.05, 0.5, 3, 6, 0.737073
128, 0.05, 0.5, 4, 195, 0.736498
128, 0.05, 0.6, 1, 10, 0.740156
128, 0.05, 0.6, 2, 71, 0.736879
128, 0.05, 0.6, 3, 15, 0.736442
128, 0.05, 0.6, 4, 16, 0.736619
