1, 0.0001, 0, 1, 25, 4.37652
1, 0.0001, 0, 2, 19, 4.45299
1, 0.0001, 0, 3, 88, 4.42356
1, 0.0001, 0, 4, 109, 4.51618
1, 0.0001, 0.1, 1, 93, 4.41168
1, 0.0001, 0.1, 2, 29, 4.44479
1, 0.0001, 0.1, 3, 108, 4.39936
1, 0.0001, 0.1, 4, 203, 4.45083
1, 0.0001, 0.2, 1, 38, 4.4388
1, 0.0001, 0.2, 2, 275, 4.49776
1, 0.0001, 0.2, 3, 334, 4.44363
1, 0.0001, 0.2, 4, 192, 4.42079
1, 0.0001, 0.3, 1, 147, 4.40503
1, 0.0001, 0.3, 2, 113, 4.38454
1, 0.0001, 0.3, 3, 141, 4.44596
1, 0.0001, 0.3, 4, 200, 4.37743
1, 0.0001, 0.4, 1, 15, 4.46315
1, 0.0001, 0.4, 2, 82, 4.44595
1, 0.0001, 0.4, 3, 86, 4.41772
1, 0.0001, 0.4, 4, 286, 4.46533
1, 0.0001, 0.5, 1, 179, 4.41619
1, 0.0001, 0.5, 2, 83, 4.42849
1, 0.0001, 0.5, 3, 134, 4.44634
1, 0.0001, 0.5, 4, 76, 4.45518
1, 0.0001, 0.6, 1, 179, 4.37794
1, 0.0001, 0.6, 2, 181, 4.44946
1, 0.0001, 0.6, 3, 308, 4.46193
1, 0.0001, 0.6, 4, 0, 4.48499
1, 0.0005, 0, 1, 18, 4.35643
1, 0.0005, 0, 2, 6, 4.43126
1, 0.0005, 0, 3, 31, 4.52605
1, 0.0005, 0, 4, 69, 4.51227
1, 0.0005, 0.1, 1, 2, 4.45245
1, 0.0005, 0.1, 2, 139, 4.82231
1, 0.0005, 0.1, 3, 192, 4.3435
1, 0.0005, 0.1, 4, 21, 4.41452
1, 0.0005, 0.2, 1, 9, 4.43646
1, 0.0005, 0.2, 2, 171, 4.66946
1, 0.0005, 0.2, 3, 89, 4.41267
1, 0.0005, 0.2, 4, 91, 4.45656
1, 0.0005, 0.3, 1, 7, 4.44246
1, 0.0005, 0.3, 2, 18, 4.47694
1, 0.0005, 0.3, 3, 77, 4.42934
1, 0.0005, 0.3, 4, 56, 4.41254
1, 0.0005, 0.4, 1, 30, 4.41908
1, 0.0005, 0.4, 2, 34, 4.39392
1, 0.0005, 0.4, 3, 103, 4.54053
1, 0.0005, 0.4, 4, 72, 4.42778
1, 0.0005, 0.5, 1, 47, 4.36372
1, 0.0005, 0.5, 2, 19, 4.39212
1, 0.0005, 0.5, 3, 161, 4.45132
1, 0.0005, 0.5, 4, 94, 4.45611
1, 0.0005, 0.6, 1, 109, 4.45027
1, 0.0005, 0.6, 2, 181, 4.47208
1, 0.0005, 0.6, 3, 97, 4.44759
1, 0.0005, 0.6, 4, 58, 4.46414
1, 0.001, 0, 1, 4, 4.41203
1, 0.001, 0, 2, 6, 4.40087
1, 0.001, 0, 3, 76, 4.5616
1, 0.001, 0, 4, 88, 4.54382
1, 0.001, 0.1, 1, 48, 4.45483
1, 0.001, 0.1, 2, 92, 4.34196
1, 0.001, 0.1, 3, 77, 4.34462
1, 0.001, 0.1, 4, 136, 4.46159
1, 0.001, 0.2, 1, 5, 4.47377
1, 0.001, 0.2, 2, 238, 4.48087
1, 0.001, 0.2, 3, 38, 4.42387
1, 0.001, 0.2, 4, 317, 4.49087
1, 0.001, 0.3, 1, 1, 4.45507
1, 0.001, 0.3, 2, 35, 4.44483
1, 0.001, 0.3, 3, 85, 4.43794
1, 0.001, 0.3, 4, 61, 4.49105
1, 0.001, 0.4, 1, 22, 4.32853
1, 0.001, 0.4, 2, 28, 4.39367
1, 0.001, 0.4, 3, 9, 4.43426
1, 0.001, 0.4, 4, 63, 4.43498
1, 0.001, 0.5, 1, 30, 4.45196
1, 0.001, 0.5, 2, 84, 4.47007
1, 0.001, 0.5, 3, 61, 4.46238
1, 0.001, 0.5, 4, 14, 4.46046
1, 0.001, 0.6, 1, 75, 4.46277
1, 0.001, 0.6, 2, 18, 4.46485
1, 0.001, 0.6, 3, 3, 4.46296
1, 0.001, 0.6, 4, 0, 4.47866
1, 0.005, 0, 1, 0, 4.51381
1, 0.005, 0, 2, 67, 4.90782
1, 0.005, 0, 3, 4, 4.49633
1, 0.005, 0, 4, 20, 4.52125
1, 0.005, 0.1, 1, 3, 4.45486
1, 0.005, 0.1, 2, 47, 4.57162
1, 0.005, 0.1, 3, 30, 4.47797
1, 0.005, 0.1, 4, 0, 4.48387
1, 0.005, 0.2, 1, 4, 4.43788
1, 0.005, 0.2, 2, 17, 4.45946
1, 0.005, 0.2, 3, 3, 4.48829
1, 0.005, 0.2, 4, 7, 4.46452
1, 0.005, 0.3, 1, 1, 4.47946
1, 0.005, 0.3, 2, 6, 4.45224
1, 0.005, 0.3, 3, 6, 4.49326
1, 0.005, 0.3, 4, 165, 4.49367
1, 0.005, 0.4, 1, 0, 4.41719
1, 0.005, 0.4, 2, 0, 4.44106
1, 0.005, 0.4, 3, 6, 4.504
1, 0.005, 0.4, 4, 56, 4.46022
1, 0.005, 0.5, 1, 0, 5.15033
1, 0.005, 0.5, 2, 0, 4.47735
1, 0.005, 0.5, 3, 6, 4.49411
1, 0.005, 0.5, 4, 7, 4.47758
1, 0.005, 0.6, 1, 0, nan
1, 0.005, 0.6, 2, 0, nan
1, 0.005, 0.6, 3, 1, 4.46432
1, 0.005, 0.6, 4, 23, 4.47481
1, 0.01, 0, 1, 0, 5.23961
1, 0.01, 0, 2, 5, 4.47301
1, 0.01, 0, 3, 157, 4.50571
1, 0.01, 0, 4, 83, 4.48519
1, 0.01, 0.1, 1, 0, nan
1, 0.01, 0.1, 2, 0, 4.44671
1, 0.01, 0.1, 3, 19, 4.48881
1, 0.01, 0.1, 4, 18, 4.46155
1, 0.01, 0.2, 1, 0, nan
1, 0.01, 0.2, 2, 7, 4.4583
1, 0.01, 0.2, 3, 4, 4.47702
1, 0.01, 0.2, 4, 38, 4.4893
1, 0.01, 0.3, 1, 0, nan
1, 0.01, 0.3, 2, 0, 4.49997
1, 0.01, 0.3, 3, 3, 4.48137
1, 0.01, 0.3, 4, 176, 4.47315
1, 0.01, 0.4, 1, 0, nan
1, 0.01, 0.4, 2, 0, nan
1, 0.01, 0.4, 3, 5, 4.46513
1, 0.01, 0.4, 4, 1, 4.48868
1, 0.01, 0.5, 1, 0, nan
1, 0.01, 0.5, 2, 0, nan
1, 0.01, 0.5, 3, 0, 4.45597
1, 0.01, 0.5, 4, 49, 4.46508
1, 0.01, 0.6, 1, 0, nan
1, 0.01, 0.6, 2, 0, nan
1, 0.01, 0.6, 3, 0, nan
1, 0.01, 0.6, 4, 0, nan
1, 0.05, 0, 1, 0, nan
1, 0.05, 0, 2, 0, nan
1, 0.05, 0, 3, 53, 4.48006
1, 0.05, 0, 4, 138, 4.46572
1, 0.05, 0.1, 1, 0, nan
1, 0.05, 0.1, 2, 0, nan
1, 0.05, 0.1, 3, 41, 4.46011
1, 0.05, 0.1, 4, 4, 4.48129
1, 0.05, 0.2, 1, 0, nan
1, 0.05, 0.2, 2, 0, nan
1, 0.05, 0.2, 3, 0, nan
1, 0.05, 0.2, 4, 10, 4.46715
1, 0.05, 0.3, 1, 0, nan
1, 0.05, 0.3, 2, 0, nan
1, 0.05, 0.3, 3, 0, nan
1, 0.05, 0.3, 4, 0, nan
1, 0.05, 0.4, 1, 0, nan
1, 0.05, 0.4, 2, 0, nan
1, 0.05, 0.4, 3, 0, nan
1, 0.05, 0.4, 4, 0, nan
1, 0.05, 0.5, 1, 0, nan
1, 0.05, 0.5, 2, 0, nan
1, 0.05, 0.5, 3, 0, nan
1, 0.05, 0.5, 4, 0, nan
1, 0.05, 0.6, 1, 0, nan
1, 0.05, 0.6, 2, 0, nan
1, 0.05, 0.6, 3, 0, nan
1, 0.05, 0.6, 4, 0, nan
2, 0.0001, 0, 1, 51, 4.40229
2, 0.0001, 0, 2, 46, 4.44891
2, 0.0001, 0, 3, 165, 4.42119
2, 0.0001, 0, 4, 131, 4.43412
2, 0.0001, 0.1, 1, 44, 4.44456
2, 0.0001, 0.1, 2, 127, 4.43203
2, 0.0001, 0.1, 3, 175, 4.39508
2, 0.0001, 0.1, 4, 294, 4.41126
2, 0.0001, 0.2, 1, 48, 4.50827
2, 0.0001, 0.2, 2, 254, 4.39656
2, 0.0001, 0.2, 3, 171, 4.41986
2, 0.0001, 0.2, 4, 222, 4.45777
2, 0.0001, 0.3, 1, 156, 4.42194
2, 0.0001, 0.3, 2, 235, 4.40138
2, 0.0001, 0.3, 3, 311, 4.40915
2, 0.0001, 0.3, 4, 318, 4.4501
2, 0.0001, 0.4, 1, 137, 4.3979
2, 0.0001, 0.4, 2, 107, 4.43
2, 0.0001, 0.4, 3, 310, 4.40709
2, 0.0001, 0.4, 4, 431, 4.45559
2, 0.0001, 0.5, 1, 67, 4.43245
2, 0.0001, 0.5, 2, 290, 4.439
2, 0.0001, 0.5, 3, 194, 4.45364
2, 0.0001, 0.5, 4, 32, 4.47118
2, 0.0001, 0.6, 1, 59, 4.44775
2, 0.0001, 0.6, 2, 123, 4.41272
2, 0.0001, 0.6, 3, 19, 4.46853
2, 0.0001, 0.6, 4, 684, 4.46079
2, 0.0005, 0, 1, 4, 4.45617
2, 0.0005, 0, 2, 12, 4.46051
2, 0.0005, 0, 3, 17, 4.41986
2, 0.0005, 0, 4, 33, 4.46635
2, 0.0005, 0.1, 1, 10, 4.44731
2, 0.0005, 0.1, 2, 97, 4.69979
2, 0.0005, 0.1, 3, 62, 4.36758
2, 0.0005, 0.1, 4, 64, 4.38719
2, 0.0005, 0.2, 1, 9, 4.3887
2, 0.0005, 0.2, 2, 299, 4.69159
2, 0.0005, 0.2, 3, 57, 4.44401
2, 0.0005, 0.2, 4, 109, 4.42972
2, 0.0005, 0.3, 1, 14, 4.41818
2, 0.0005, 0.3, 2, 57, 4.41757
2, 0.0005, 0.3, 3, 141, 4.47948
2, 0.0005, 0.3, 4, 173, 4.43256
2, 0.0005, 0.4, 1, 98, 4.40154
2, 0.0005, 0.4, 2, 50, 4.39405
2, 0.0005, 0.4, 3, 196, 4.4387
2, 0.0005, 0.4, 4, 285, 4.46359
2, 0.0005, 0.5, 1, 55, 4.46316
2, 0.0005, 0.5, 2, 37, 4.41451
2, 0.0005, 0.5, 3, 67, 4.4425
2, 0.0005, 0.5, 4, 220, 4.45387
2, 0.0005, 0.6, 1, 76, 4.4327
2, 0.0005, 0.6, 2, 0, 4.45655
2, 0.0005, 0.6, 3, 242, 4.43992
2, 0.0005, 0.6, 4, 74, 4.45381
2, 0.001, 0, 1, 8, 4.46501
2, 0.001, 0, 2, 23, 4.50659
2, 0.001, 0, 3, 19, 4.4653
2, 0.001, 0, 4, 19, 4.4069
2, 0.001, 0.1, 1, 6, 4.40431
2, 0.001, 0.1, 2, 6, 4.3893
2, 0.001, 0.1, 3, 26, 4.43572
2, 0.001, 0.1, 4, 122, 4.42143
2, 0.001, 0.2, 1, 52, 4.46753
2, 0.001, 0.2, 2, 197, 4.5258
2, 0.001, 0.2, 3, 76, 4.444
2, 0.001, 0.2, 4, 56, 4.44997
2, 0.001, 0.3, 1, 14, 4.41757
2, 0.001, 0.3, 2, 21, 4.42555
2, 0.001, 0.3, 3, 122, 4.48814
2, 0.001, 0.3, 4, 138, 4.46986
2, 0.001, 0.4, 1, 50, 4.37002
2, 0.001, 0.4, 2, 37, 4.3616
2, 0.001, 0.4, 3, 47, 4.39639
2, 0.001, 0.4, 4, 115, 4.46619
2, 0.001, 0.5, 1, 57, 4.4231
2, 0.001, 0.5, 2, 109, 4.44029
2, 0.001, 0.5, 3, 126, 4.44721
2, 0.001, 0.5, 4, 60, 4.47262
2, 0.001, 0.6, 1, 46, 4.41078
2, 0.001, 0.6, 2, 17, 4.45505
2, 0.001, 0.6, 3, 161, 4.43838
2, 0.001, 0.6, 4, 69, 4.46871
2, 0.005, 0, 1, 8, 4.39461
2, 0.005, 0, 2, 53, 4.72793
2, 0.005, 0, 3, 56, 4.5226
2, 0.005, 0, 4, 51, 4.48319
2, 0.005, 0.1, 1, 16, 4.49121
2, 0.005, 0.1, 2, 93, 4.45452
2, 0.005, 0.1, 3, 12, 4.39052
2, 0.005, 0.1, 4, 17, 4.39247
2, 0.005, 0.2, 1, 185, 4.75816
2, 0.005, 0.2, 2, 58, 4.48834
2, 0.005, 0.2, 3, 22, 4.43873
2, 0.005, 0.2, 4, 25, 4.41188
2, 0.005, 0.3, 1, 40, 4.34814
2, 0.005, 0.3, 2, 8, 4.43539
2, 0.005, 0.3, 3, 1, 4.48997
2, 0.005, 0.3, 4, 12, 4.44786
2, 0.005, 0.4, 1, 8, 4.44943
2, 0.005, 0.4, 2, 8, 4.42736
2, 0.005, 0.4, 3, 11, 4.4831
2, 0.005, 0.4, 4, 13, 4.45039
2, 0.005, 0.5, 1, 106, 4.48279
2, 0.005, 0.5, 2, 70, 4.47584
2, 0.005, 0.5, 3, 9, 4.46312
2, 0.005, 0.5, 4, 4, 4.47479
2, 0.005, 0.6, 1, 0, 4.50118
2, 0.005, 0.6, 2, 0, 4.49239
2, 0.005, 0.6, 3, 29, 4.47516
2, 0.005, 0.6, 4, 0, 4.48606
2, 0.01, 0, 1, 74, 4.90396
2, 0.01, 0, 2, 13, 4.57615
2, 0.01, 0, 3, 8, 4.484
2, 0.01, 0, 4, 1, 4.49609
2, 0.01, 0.1, 1, 6, 4.46516
2, 0.01, 0.1, 2, 14, 4.53735
2, 0.01, 0.1, 3, 30, 4.38735
2, 0.01, 0.1, 4, 7, 4.45131
2, 0.01, 0.2, 1, 60, 5.15147
2, 0.01, 0.2, 2, 2, 4.44839
2, 0.01, 0.2, 3, 6, 4.49733
2, 0.01, 0.2, 4, 31, 4.49336
2, 0.01, 0.3, 1, 4, 4.45229
2, 0.01, 0.3, 2, 1, 4.40751
2, 0.01, 0.3, 3, 30, 4.46261
2, 0.01, 0.3, 4, 1, 4.4648
2, 0.01, 0.4, 1, 0, nan
2, 0.01, 0.4, 2, 0, 4.46567
2, 0.01, 0.4, 3, 18, 4.45639
2, 0.01, 0.4, 4, 124, 4.473
2, 0.01, 0.5, 1, 2, 4.49138
2, 0.01, 0.5, 2, 66, 4.47475
2, 0.01, 0.5, 3, 5, 4.48299
2, 0.01, 0.5, 4, 9, 4.45889
2, 0.01, 0.6, 1, 1, 4.51225
2, 0.01, 0.6, 2, 0, nan
2, 0.01, 0.6, 3, 1, 4.47769
2, 0.01, 0.6, 4, 13, 4.46669
2, 0.05, 0, 1, 0, nan
2, 0.05, 0, 2, 117, 4.48441
2, 0.05, 0, 3, 105, 4.47585
2, 0.05, 0, 4, 28, 4.48134
2, 0.05, 0.1, 1, 0, nan
2, 0.05, 0.1, 2, 39, 4.47405
2, 0.05, 0.1, 3, 27, 4.47276
2, 0.05, 0.1, 4, 296, 4.47419
2, 0.05, 0.2, 1, 0, nan
2, 0.05, 0.2, 2, 0, 4.47677
2, 0.05, 0.2, 3, 66, 4.48479
2, 0.05, 0.2, 4, 48, 4.48801
2, 0.05, 0.3, 1, 0, nan
2, 0.05, 0.3, 2, 0, nan
2, 0.05, 0.3, 3, 8, 4.47889
2, 0.05, 0.3, 4, 0, nan
2, 0.05, 0.4, 1, 0, nan
2, 0.05, 0.4, 2, 0, nan
2, 0.05, 0.4, 3, 0, 4.4941
2, 0.05, 0.4, 4, 3, 4.47181
2, 0.05, 0.5, 1, 0, nan
2, 0.05, 0.5, 2, 0, nan
2, 0.05, 0.5, 3, 0, nan
2, 0.05, 0.5, 4, 0, 4.51316
2, 0.05, 0.6, 1, 0, nan
2, 0.05, 0.6, 2, 0, nan
2, 0.05, 0.6, 3, 0, nan
2, 0.05, 0.6, 4, 0, nan
4, 0.0001, 0, 1, 132, 4.37574
4, 0.0001, 0, 2, 36, 4.46434
4, 0.0001, 0, 3, 108, 4.457
4, 0.0001, 0, 4, 9, 4.47084
4, 0.0001, 0.1, 1, 408, 4.43586
4, 0.0001, 0.1, 2, 138, 4.40768
4, 0.0001, 0.1, 3, 246, 4.46233
4, 0.0001, 0.1, 4, 275, 4.427
4, 0.0001, 0.2, 1, 166, 4.39729
4, 0.0001, 0.2, 2, 158, 4.42808
4, 0.0001, 0.2, 3, 426, 4.47012
4, 0.0001, 0.2, 4, 281, 4.43783
4, 0.0001, 0.3, 1, 95, 4.45483
4, 0.0001, 0.3, 2, 140, 4.41105
4, 0.0001, 0.3, 3, 504, 4.4263
4, 0.0001, 0.3, 4, 402, 4.42138
4, 0.0001, 0.4, 1, 519, 4.44086
4, 0.0001, 0.4, 2, 156, 4.4455
4, 0.0001, 0.4, 3, 7, 4.47046
4, 0.0001, 0.4, 4, 545, 4.44739
4, 0.0001, 0.5, 1, 265, 4.41734
4, 0.0001, 0.5, 2, 186, 4.43878
4, 0.0001, 0.5, 3, 5, 4.49483
4, 0.0001, 0.5, 4, 471, 4.45833
4, 0.0001, 0.6, 1, 213, 4.38935
4, 0.0001, 0.6, 2, 509, 4.43986
4, 0.0001, 0.6, 3, 591, 4.45577
4, 0.0001, 0.6, 4, 153, 4.47487
4, 0.0005, 0, 1, 16, 4.44759
4, 0.0005, 0, 2, 57, 4.44445
4, 0.0005, 0, 3, 108, 4.48514
4, 0.0005, 0, 4, 179, 4.70045
4, 0.0005, 0.1, 1, 39, 4.37544
4, 0.0005, 0.1, 2, 44, 4.39234
4, 0.0005, 0.1, 3, 88, 4.4341
4, 0.0005, 0.1, 4, 154, 4.42175
4, 0.0005, 0.2, 1, 49, 4.44122
4, 0.0005, 0.2, 2, 155, 4.43517
4, 0.0005, 0.2, 3, 102, 4.43035
4, 0.0005, 0.2, 4, 99, 4.42256
4, 0.0005, 0.3, 1, 33, 4.41716
4, 0.0005, 0.3, 2, 148, 4.39618
4, 0.0005, 0.3, 3, 42, 4.46331
4, 0.0005, 0.3, 4, 105, 4.45064
4, 0.0005, 0.4, 1, 50, 4.45109
4, 0.0005, 0.4, 2, 140, 4.41788
4, 0.0005, 0.4, 3, 193, 4.42394
4, 0.0005, 0.4, 4, 126, 4.43827
4, 0.0005, 0.5, 1, 120, 4.39011
4, 0.0005, 0.5, 2, 74, 4.37561
4, 0.0005, 0.5, 3, 278, 4.4475
4, 0.0005, 0.5, 4, 152, 4.44903
4, 0.0005, 0.6, 1, 102, 4.37746
4, 0.0005, 0.6, 2, 22, 4.44812
4, 0.0005, 0.6, 3, 192, 4.46125
4, 0.0005, 0.6, 4, 210, 4.46616
4, 0.001, 0, 1, 4, 4.45078
4, 0.001, 0, 2, 12, 4.45026
4, 0.001, 0, 3, 24, 4.40362
4, 0.001, 0, 4, 42, 4.40348
4, 0.001, 0.1, 1, 5, 4.45031
4, 0.001, 0.1, 2, 18, 4.36841
4, 0.001, 0.1, 3, 102, 4.67546
4, 0.001, 0.1, 4, 27, 4.42274
4, 0.001, 0.2, 1, 78, 4.45267
4, 0.001, 0.2, 2, 126, 4.49493
4, 0.001, 0.2, 3, 104, 4.47915
4, 0.001, 0.2, 4, 95, 4.41506
4, 0.001, 0.3, 1, 99, 4.42776
4, 0.001, 0.3, 2, 292, 4.46642
4, 0.001, 0.3, 3, 47, 4.41449
4, 0.001, 0.3, 4, 118, 4.42859
4, 0.001, 0.4, 1, 38, 4.43181
4, 0.001, 0.4, 2, 139, 4.51326
4, 0.001, 0.4, 3, 204, 4.44249
4, 0.001, 0.4, 4, 130, 4.42608
4, 0.001, 0.5, 1, 134, 4.47285
4, 0.001, 0.5, 2, 206, 4.49192
4, 0.001, 0.5, 3, 239, 4.42107
4, 0.001, 0.5, 4, 146, 4.46288
4, 0.001, 0.6, 1, 40, 4.46565
4, 0.001, 0.6, 2, 11, 4.44974
4, 0.001, 0.6, 3, 139, 4.45861
4, 0.001, 0.6, 4, 80, 4.46366
4, 0.005, 0, 1, 2, 4.399
4, 0.005, 0, 2, 39, 4.67241
4, 0.005, 0, 3, 84, 4.44539
4, 0.005, 0, 4, 157, 4.36956
4, 0.005, 0.1, 1, 10, 4.42648
4, 0.005, 0.1, 2, 65, 4.50727
4, 0.005, 0.1, 3, 63, 4.42602
4, 0.005, 0.1, 4, 74, 4.41441
4, 0.005, 0.2, 1, 15, 4.46468
4, 0.005, 0.2, 2, 22, 4.43329
4, 0.005, 0.2, 3, 140, 4.48356
4, 0.005, 0.2, 4, 223, 4.49677
4, 0.005, 0.3, 1, 32, 4.45673
4, 0.005, 0.3, 2, 50, 4.47913
4, 0.005, 0.3, 3, 84, 4.48584
4, 0.005, 0.3, 4, 21, 4.48092
4, 0.005, 0.4, 1, 75, 4.42219
4, 0.005, 0.4, 2, 13, 4.40086
4, 0.005, 0.4, 3, 10, 4.43044
4, 0.005, 0.4, 4, 31, 4.45562
4, 0.005, 0.5, 1, 78, 4.46379
4, 0.005, 0.5, 2, 3, 4.43227
4, 0.005, 0.5, 3, 23, 4.46376
4, 0.005, 0.5, 4, 1, 4.46165
4, 0.005, 0.6, 1, 29, 4.45358
4, 0.005, 0.6, 2, 9, 4.44992
4, 0.005, 0.6, 3, 1, 4.46234
4, 0.005, 0.6, 4, 17, 4.47114
4, 0.01, 0, 1, 2, 4.41161
4, 0.01, 0, 2, 28, 4.47035
4, 0.01, 0, 3, 5, 4.46638
4, 0.01, 0, 4, 18, 4.52624
4, 0.01, 0.1, 1, 2, 4.3945
4, 0.01, 0.1, 2, 124, 4.49143
4, 0.01, 0.1, 3, 16, 4.48814
4, 0.01, 0.1, 4, 6, 4.43834
4, 0.01, 0.2, 1, 71, 4.69989
4, 0.01, 0.2, 2, 107, 4.47121
4, 0.01, 0.2, 3, 4, 4.41043
4, 0.01, 0.2, 4, 47, 4.45864
4, 0.01, 0.3, 1, 5, 4.46199
4, 0.01, 0.3, 2, 12, 4.43603
4, 0.01, 0.3, 3, 14, 4.41291
4, 0.01, 0.3, 4, 54, 4.44444
4, 0.01, 0.4, 1, 6, 4.41393
4, 0.01, 0.4, 2, 26, 4.49389
4, 0.01, 0.4, 3, 20, 4.41374
4, 0.01, 0.4, 4, 5, 4.47763
4, 0.01, 0.5, 1, 0, 4.45149
4, 0.01, 0.5, 2, 6, 4.519
4, 0.01, 0.5, 3, 29, 4.47459
4, 0.01, 0.5, 4, 28, 4.42351
4, 0.01, 0.6, 1, 63, 4.61194
4, 0.01, 0.6, 2, 0, 4.49072
4, 0.01, 0.6, 3, 1, 4.44951
4, 0.01, 0.6, 4, 116, 4.47489
4, 0.05, 0, 1, 0, 4.67191
4, 0.05, 0, 2, 3, 4.47747
4, 0.05, 0, 3, 34, 4.47455
4, 0.05, 0, 4, 36, 4.47768
4, 0.05, 0.1, 1, 0, 9.50669
4, 0.05, 0.1, 2, 31, 4.42975
4, 0.05, 0.1, 3, 18, 4.48314
4, 0.05, 0.1, 4, 199, 4.48059
4, 0.05, 0.2, 1, 0, 12.3956
4, 0.05, 0.2, 2, 0, 4.49601
4, 0.05, 0.2, 3, 22, 4.45357
4, 0.05, 0.2, 4, 8, 4.48363
4, 0.05, 0.3, 1, 0, nan
4, 0.05, 0.3, 2, 0, nan
4, 0.05, 0.3, 3, 7, 4.46291
4, 0.05, 0.3, 4, 26, 4.47038
4, 0.05, 0.4, 1, 0, inf
4, 0.05, 0.4, 2, 0, nan
4, 0.05, 0.4, 3, 0, 4.47162
4, 0.05, 0.4, 4, 10, 4.46812
4, 0.05, 0.5, 1, 0, nan
4, 0.05, 0.5, 2, 0, 4.73632
4, 0.05, 0.5, 3, 2, 4.48447
4, 0.05, 0.5, 4, 1, 4.50385
4, 0.05, 0.6, 1, 0, nan
4, 0.05, 0.6, 2, 0, nan
4, 0.05, 0.6, 3, 0, nan
4, 0.05, 0.6, 4, 0, nan
8, 0.0001, 0, 1, 149, 4.42905
8, 0.0001, 0, 2, 610, 4.51219
8, 0.0001, 0, 3, 22, 4.49665
8, 0.0001, 0, 4, 17, 4.48915
8, 0.0001, 0.1, 1, 139, 4.46553
8, 0.0001, 0.1, 2, 141, 4.45696
8, 0.0001, 0.1, 3, 325, 4.44989
8, 0.0001, 0.1, 4, 892, 4.38571
8, 0.0001, 0.2, 1, 362, 4.37924
8, 0.0001, 0.2, 2, 160, 4.4747
8, 0.0001, 0.2, 3, 322, 4.44542
8, 0.0001, 0.2, 4, 370, 4.44133
8, 0.0001, 0.3, 1, 322, 4.41126
8, 0.0001, 0.3, 2, 311, 4.42274
8, 0.0001, 0.3, 3, 5, 4.46061
8, 0.0001, 0.3, 4, 22, 4.4666
8, 0.0001, 0.4, 1, 99, 4.45393
8, 0.0001, 0.4, 2, 558, 4.40407
8, 0.0001, 0.4, 3, 768, 4.43056
8, 0.0001, 0.4, 4, 1483, 4.45835
8, 0.0001, 0.5, 1, 269, 4.4093
8, 0.0001, 0.5, 2, 678, 4.40216
8, 0.0001, 0.5, 3, 1420, 4.46587
8, 0.0001, 0.5, 4, 91, 4.47501
8, 0.0001, 0.6, 1, 135, 4.429
8, 0.0001, 0.6, 2, 4, 4.5295
8, 0.0001, 0.6, 3, 4, 4.48394
8, 0.0001, 0.6, 4, 836, 4.46995
8, 0.0005, 0, 1, 31, 4.43669
8, 0.0005, 0, 2, 30, 4.42947
8, 0.0005, 0, 3, 218, 4.50337
8, 0.0005, 0, 4, 135, 4.47633
8, 0.0005, 0.1, 1, 170, 4.40019
8, 0.0005, 0.1, 2, 207, 4.4499
8, 0.0005, 0.1, 3, 146, 4.43179
8, 0.0005, 0.1, 4, 237, 4.50121
8, 0.0005, 0.2, 1, 120, 4.392
8, 0.0005, 0.2, 2, 104, 4.40349
8, 0.0005, 0.2, 3, 160, 4.45979
8, 0.0005, 0.2, 4, 67, 4.46112
8, 0.0005, 0.3, 1, 108, 4.42489
8, 0.0005, 0.3, 2, 396, 4.43873
8, 0.0005, 0.3, 3, 118, 4.43594
8, 0.0005, 0.3, 4, 283, 4.39995
8, 0.0005, 0.4, 1, 49, 4.44643
8, 0.0005, 0.4, 2, 67, 4.41736
8, 0.0005, 0.4, 3, 373, 4.43244
8, 0.0005, 0.4, 4, 364, 4.46718
8, 0.0005, 0.5, 1, 69, 4.41508
8, 0.0005, 0.5, 2, 245, 4.38944
8, 0.0005, 0.5, 3, 159, 4.46074
8, 0.0005, 0.5, 4, 259, 4.45386
8, 0.0005, 0.6, 1, 165, 4.46534
8, 0.0005, 0.6, 2, 133, 4.44535
8, 0.0005, 0.6, 3, 513, 4.4461
8, 0.0005, 0.6, 4, 95, 4.47064
8, 0.001, 0, 1, 18, 4.44094
8, 0.001, 0, 2, 22, 4.43767
8, 0.001, 0, 3, 70, 4.47167
8, 0.001, 0, 4, 100, 4.31366
8, 0.001, 0.1, 1, 41, 4.42513
8, 0.001, 0.1, 2, 31, 4.39314
8, 0.001, 0.1, 3, 326, 4.90277
8, 0.001, 0.1, 4, 115, 4.4159
8, 0.001, 0.2, 1, 21, 4.41404
8, 0.001, 0.2, 2, 22, 4.43937
8, 0.001, 0.2, 3, 145, 4.41794
8, 0.001, 0.2, 4, 315, 4.53897
8, 0.001, 0.3, 1, 78, 4.45124
8, 0.001, 0.3, 2, 321, 4.4386
8, 0.001, 0.3, 3, 121, 4.40345
8, 0.001, 0.3, 4, 133, 4.40733
8, 0.001, 0.4, 1, 67, 4.45383
8, 0.001, 0.4, 2, 138, 4.37287
8, 0.001, 0.4, 3, 251, 4.43583
8, 0.001, 0.4, 4, 94, 4.43573
8, 0.001, 0.5, 1, 93, 4.43496
8, 0.001, 0.5, 2, 167, 4.39184
8, 0.001, 0.5, 3, 204, 4.45599
8, 0.001, 0.5, 4, 340, 4.44744
8, 0.001, 0.6, 1, 139, 4.46146
8, 0.001, 0.6, 2, 105, 4.42913
8, 0.001, 0.6, 3, 348, 4.47886
8, 0.001, 0.6, 4, 334, 4.46934
8, 0.005, 0, 1, 3, 4.4393
8, 0.005, 0, 2, 25, 4.45736
8, 0.005, 0, 3, 11, 4.4279
8, 0.005, 0, 4, 20, 4.43069
8, 0.005, 0.1, 1, 26, 4.46575
8, 0.005, 0.1, 2, 46, 4.4101
8, 0.005, 0.1, 3, 237, 4.3733
8, 0.005, 0.1, 4, 70, 4.53045
8, 0.005, 0.2, 1, 2, 4.45204
8, 0.005, 0.2, 2, 185, 4.61246
8, 0.005, 0.2, 3, 88, 4.36074
8, 0.005, 0.2, 4, 88, 4.3956
8, 0.005, 0.3, 1, 8, 4.37222
8, 0.005, 0.3, 2, 15, 4.42898
8, 0.005, 0.3, 3, 16, 4.43155
8, 0.005, 0.3, 4, 84, 4.51891
8, 0.005, 0.4, 1, 44, 4.40594
8, 0.005, 0.4, 2, 33, 4.4022
8, 0.005, 0.4, 3, 30, 4.44661
8, 0.005, 0.4, 4, 42, 4.4344
8, 0.005, 0.5, 1, 13, 4.41348
8, 0.005, 0.5, 2, 19, 4.4645
8, 0.005, 0.5, 3, 79, 4.45659
8, 0.005, 0.5, 4, 122, 4.46346
8, 0.005, 0.6, 1, 3, 4.43348
8, 0.005, 0.6, 2, 24, 4.43335
8, 0.005, 0.6, 3, 94, 4.45241
8, 0.005, 0.6, 4, 206, 4.46476
8, 0.01, 0, 1, 4, 4.32356
8, 0.01, 0, 2, 17, 4.42549
8, 0.01, 0, 3, 30, 4.69618
8, 0.01, 0, 4, 43, 4.45106
8, 0.01, 0.1, 1, 10, 4.40917
8, 0.01, 0.1, 2, 39, 4.38053
8, 0.01, 0.1, 3, 22, 4.52318
8, 0.01, 0.1, 4, 14, 4.41265
8, 0.01, 0.2, 1, 27, 4.48824
8, 0.01, 0.2, 2, 186, 4.50865
8, 0.01, 0.2, 3, 39, 4.52119
8, 0.01, 0.2, 4, 69, 4.48706
8, 0.01, 0.3, 1, 25, 4.45806
8, 0.01, 0.3, 2, 13, 4.37414
8, 0.01, 0.3, 3, 64, 4.489
8, 0.01, 0.3, 4, 86, 4.45294
8, 0.01, 0.4, 1, 47, 4.44511
8, 0.01, 0.4, 2, 37, 4.44271
8, 0.01, 0.4, 3, 27, 4.46709
8, 0.01, 0.4, 4, 120, 4.46983
8, 0.01, 0.5, 1, 17, 4.38123
8, 0.01, 0.5, 2, 211, 4.46176
8, 0.01, 0.5, 3, 29, 4.46991
8, 0.01, 0.5, 4, 32, 4.45292
8, 0.01, 0.6, 1, 137, 4.58964
8, 0.01, 0.6, 2, 6, 4.44863
8, 0.01, 0.6, 3, 4, 4.47706
8, 0.01, 0.6, 4, 39, 4.46854
8, 0.05, 0, 1, 5, 4.47882
8, 0.05, 0, 2, 0, 4.42619
8, 0.05, 0, 3, 57, 4.40035
8, 0.05, 0, 4, 1, 4.47428
8, 0.05, 0.1, 1, 13, 4.47571
8, 0.05, 0.1, 2, 33, 4.45076
8, 0.05, 0.1, 3, 6, 4.48777
8, 0.05, 0.1, 4, 130, 4.4275
8, 0.05, 0.2, 1, 12, 4.48443
8, 0.05, 0.2, 2, 58, 4.46272
8, 0.05, 0.2, 3, 2, 4.4667
8, 0.05, 0.2, 4, 19, 4.4635
8, 0.05, 0.3, 1, 0, 4.46144
8, 0.05, 0.3, 2, 76, 4.46768
8, 0.05, 0.3, 3, 6, 4.45911
8, 0.05, 0.3, 4, 131, 4.45263
8, 0.05, 0.4, 1, 0, inf
8, 0.05, 0.4, 2, 1, 4.58539
8, 0.05, 0.4, 3, 28, 4.48733
8, 0.05, 0.4, 4, 107, 4.46552
8, 0.05, 0.5, 1, 0, 4.61911
8, 0.05, 0.5, 2, 1, 4.46995
8, 0.05, 0.5, 3, 0, 4.4832
8, 0.05, 0.5, 4, 17, 4.44148
8, 0.05, 0.6, 1, 0, 5.6757
8, 0.05, 0.6, 2, 0, nan
8, 0.05, 0.6, 3, 5, 4.49828
8, 0.05, 0.6, 4, 52, 4.47415
16, 0.0001, 0, 1, 428, 4.39343
16, 0.0001, 0, 2, 779, 4.39327
16, 0.0001, 0, 3, 779, 4.42134
16, 0.0001, 0, 4, 550, 4.45575
16, 0.0001, 0.1, 1, 307, 4.45074
16, 0.0001, 0.1, 2, 418, 4.43403
16, 0.0001, 0.1, 3, 1842, 4.44997
16, 0.0001, 0.1, 4, 386, 4.46334
16, 0.0001, 0.2, 1, 451, 4.42518
16, 0.0001, 0.2, 2, 571, 4.42101
16, 0.0001, 0.2, 3, 44, 4.4695
16, 0.0001, 0.2, 4, 896, 4.46367
16, 0.0001, 0.3, 1, 548, 4.4605
16, 0.0001, 0.3, 2, 1553, 4.44609
16, 0.0001, 0.3, 3, 25, 4.46078
16, 0.0001, 0.3, 4, 1328, 4.46137
16, 0.0001, 0.4, 1, 58, 4.46616
16, 0.0001, 0.4, 2, 575, 4.45576
16, 0.0001, 0.4, 3, 1047, 4.44777
16, 0.0001, 0.4, 4, 29, 4.45429
16, 0.0001, 0.5, 1, 361, 4.46672
16, 0.0001, 0.5, 2, 751, 4.41444
16, 0.0001, 0.5, 3, 2884, 4.45641
16, 0.0001, 0.5, 4, 373, 4.47366
16, 0.0001, 0.6, 1, 849, 4.43334
16, 0.0001, 0.6, 2, 882, 4.45549
16, 0.0001, 0.6, 3, 2917, 4.45916
16, 0.0001, 0.6, 4, 54, 4.45683
16, 0.0005, 0, 1, 67, 4.47024
16, 0.0005, 0, 2, 76, 4.42577
16, 0.0005, 0, 3, 217, 4.4079
16, 0.0005, 0, 4, 413, 4.39051
16, 0.0005, 0.1, 1, 66, 4.38887
16, 0.0005, 0.1, 2, 231, 4.43041
16, 0.0005, 0.1, 3, 447, 4.30288
16, 0.0005, 0.1, 4, 430, 4.41496
16, 0.0005, 0.2, 1, 70, 4.42464
16, 0.0005, 0.2, 2, 214, 4.43195
16, 0.0005, 0.2, 3, 441, 4.40139
16, 0.0005, 0.2, 4, 82, 4.44255
16, 0.0005, 0.3, 1, 114, 4.45057
16, 0.0005, 0.3, 2, 315, 4.40758
16, 0.0005, 0.3, 3, 530, 4.46821
16, 0.0005, 0.3, 4, 263, 4.43436
16, 0.0005, 0.4, 1, 136, 4.39466
16, 0.0005, 0.4, 2, 385, 4.42515
16, 0.0005, 0.4, 3, 717, 4.40551
16, 0.0005, 0.4, 4, 480, 4.46184
16, 0.0005, 0.5, 1, 104, 4.43576
16, 0.0005, 0.5, 2, 1, 4.50716
16, 0.0005, 0.5, 3, 5, 4.48755
16, 0.0005, 0.5, 4, 5, 4.45283
16, 0.0005, 0.6, 1, 453, 4.43468
16, 0.0005, 0.6, 2, 412, 4.45935
16, 0.0005, 0.6, 3, 11, 4.47352
16, 0.0005, 0.6, 4, 7, 4.45735
16, 0.001, 0, 1, 46, 4.40184
16, 0.001, 0, 2, 43, 4.40907
16, 0.001, 0, 3, 156, 4.29919
16, 0.001, 0, 4, 156, 4.42455
16, 0.001, 0.1, 1, 56, 4.39672
16, 0.001, 0.1, 2, 22, 4.4561
16, 0.001, 0.1, 3, 164, 4.39849
16, 0.001, 0.1, 4, 344, 4.37955
16, 0.001, 0.2, 1, 34, 4.41368
16, 0.001, 0.2, 2, 108, 4.4428
16, 0.001, 0.2, 3, 155, 4.40554
16, 0.001, 0.2, 4, 384, 4.42226
16, 0.001, 0.3, 1, 126, 4.46236
16, 0.001, 0.3, 2, 30, 4.46049
16, 0.001, 0.3, 3, 136, 4.41489
16, 0.001, 0.3, 4, 522, 4.49327
16, 0.001, 0.4, 1, 70, 4.40635
16, 0.001, 0.4, 2, 141, 4.43478
16, 0.001, 0.4, 3, 135, 4.47189
16, 0.001, 0.4, 4, 241, 4.44198
16, 0.001, 0.5, 1, 148, 4.42193
16, 0.001, 0.5, 2, 440, 4.46691
16, 0.001, 0.5, 3, 328, 4.44702
16, 0.001, 0.5, 4, 361, 4.472
16, 0.001, 0.6, 1, 91, 4.42349
16, 0.001, 0.6, 2, 142, 4.43179
16, 0.001, 0.6, 3, 365, 4.45739
16, 0.001, 0.6, 4, 4, 4.46958
16, 0.005, 0, 1, 19, 4.48704
16, 0.005, 0, 2, 6, 4.3887
16, 0.005, 0, 3, 25, 4.35552
16, 0.005, 0, 4, 20, 4.44323
16, 0.005, 0.1, 1, 52, 4.42251
16, 0.005, 0.1, 2, 26, 4.40787
16, 0.005, 0.1, 3, 141, 4.67132
16, 0.005, 0.1, 4, 81, 4.48859
16, 0.005, 0.2, 1, 11, 4.38587
16, 0.005, 0.2, 2, 74, 4.42626
16, 0.005, 0.2, 3, 89, 4.40107
16, 0.005, 0.2, 4, 187, 4.43478
16, 0.005, 0.3, 1, 23, 4.35323
16, 0.005, 0.3, 2, 258, 4.59848
16, 0.005, 0.3, 3, 139, 4.42508
16, 0.005, 0.3, 4, 273, 4.42737
16, 0.005, 0.4, 1, 33, 4.45995
16, 0.005, 0.4, 2, 135, 4.47068
16, 0.005, 0.4, 3, 52, 4.46273
16, 0.005, 0.4, 4, 45, 4.45475
16, 0.005, 0.5, 1, 95, 4.4597
16, 0.005, 0.5, 2, 142, 4.43131
16, 0.005, 0.5, 3, 165, 4.44857
16, 0.005, 0.5, 4, 169, 4.4379
16, 0.005, 0.6, 1, 75, 4.45806
16, 0.005, 0.6, 2, 205, 4.44008
16, 0.005, 0.6, 3, 3, 4.46612
16, 0.005, 0.6, 4, 118, 4.45949
16, 0.01, 0, 1, 2, 4.39653
16, 0.01, 0, 2, 4, 4.37644
16, 0.01, 0, 3, 12, 4.39876
16, 0.01, 0, 4, 23, 4.34057
16, 0.01, 0.1, 1, 3, 4.43557
16, 0.01, 0.1, 2, 2, 4.44785
16, 0.01, 0.1, 3, 52, 4.61207
16, 0.01, 0.1, 4, 83, 4.58258
16, 0.01, 0.2, 1, 18, 4.38
16, 0.01, 0.2, 2, 177, 4.8303
16, 0.01, 0.2, 3, 136, 4.48479
16, 0.01, 0.2, 4, 173, 4.54138
16, 0.01, 0.3, 1, 47, 4.43176
16, 0.01, 0.3, 2, 20, 4.34949
16, 0.01, 0.3, 3, 46, 4.42646
16, 0.01, 0.3, 4, 149, 4.44943
16, 0.01, 0.4, 1, 49, 4.40334
16, 0.01, 0.4, 2, 169, 4.49143
16, 0.01, 0.4, 3, 77, 4.43935
16, 0.01, 0.4, 4, 152, 4.42437
16, 0.01, 0.5, 1, 45, 4.38856
16, 0.01, 0.5, 2, 92, 4.46683
16, 0.01, 0.5, 3, 82, 4.48851
16, 0.01, 0.5, 4, 159, 4.44531
16, 0.01, 0.6, 1, 53, 4.38679
16, 0.01, 0.6, 2, 15, 4.44938
16, 0.01, 0.6, 3, 16, 4.46249
16, 0.01, 0.6, 4, 8, 4.47065
16, 0.05, 0, 1, 1, 4.44174
16, 0.05, 0, 2, 53, 4.70167
16, 0.05, 0, 3, 23, 4.42648
16, 0.05, 0, 4, 23, 4.32696
16, 0.05, 0.1, 1, 85, 4.7828
16, 0.05, 0.1, 2, 50, 4.46192
16, 0.05, 0.1, 3, 31, 4.4348
16, 0.05, 0.1, 4, 19, 4.42031
16, 0.05, 0.2, 1, 30, 4.52815
16, 0.05, 0.2, 2, 19, 4.41684
16, 0.05, 0.2, 3, 2, 4.44914
16, 0.05, 0.2, 4, 22, 4.45864
16, 0.05, 0.3, 1, 185, 5.18937
16, 0.05, 0.3, 2, 54, 4.52488
16, 0.05, 0.3, 3, 24, 4.42623
16, 0.05, 0.3, 4, 5, 4.48587
16, 0.05, 0.4, 1, 73, 4.53382
16, 0.05, 0.4, 2, 80, 4.4556
16, 0.05, 0.4, 3, 28, 4.45817
16, 0.05, 0.4, 4, 86, 4.47699
16, 0.05, 0.5, 1, 5, 4.42965
16, 0.05, 0.5, 2, 0, 4.44214
16, 0.05, 0.5, 3, 33, 4.47915
16, 0.05, 0.5, 4, 8, 4.47441
16, 0.05, 0.6, 1, 0, 4.47753
16, 0.05, 0.6, 2, 1, 4.48488
16, 0.05, 0.6, 3, 11, 4.52912
16, 0.05, 0.6, 4, 29, 4.47814
32, 0.0001, 0, 1, 79, 4.44617
32, 0.0001, 0, 2, 878, 4.41396
32, 0.0001, 0, 3, 126, 4.46475
32, 0.0001, 0, 4, 100, 4.45923
32, 0.0001, 0.1, 1, 346, 4.45668
32, 0.0001, 0.1, 2, 1162, 4.39042
32, 0.0001, 0.1, 3, 2508, 4.41917
32, 0.0001, 0.1, 4, 3532, 4.40476
32, 0.0001, 0.2, 1, 411, 4.41681
32, 0.0001, 0.2, 2, 180, 4.41749
32, 0.0001, 0.2, 3, 2188, 4.42034
32, 0.0001, 0.2, 4, 54, 4.48601
32, 0.0001, 0.3, 1, 344, 4.42806
32, 0.0001, 0.3, 2, 1163, 4.39318
32, 0.0001, 0.3, 3, 47, 4.47504
32, 0.0001, 0.3, 4, 43, 4.46249
32, 0.0001, 0.4, 1, 682, 4.44019
32, 0.0001, 0.4, 2, 37, 4.44897
32, 0.0001, 0.4, 3, 2004, 4.45629
32, 0.0001, 0.4, 4, 340, 4.47307
32, 0.0001, 0.5, 1, 1423, 4.42517
32, 0.0001, 0.5, 2, 25, 4.48267
32, 0.0001, 0.5, 3, 2074, 4.46325
32, 0.0001, 0.5, 4, 667, 4.46892
32, 0.0001, 0.6, 1, 2061, 4.43561
32, 0.0001, 0.6, 2, 1054, 4.4299
32, 0.0001, 0.6, 3, 1213, 4.46221
32, 0.0001, 0.6, 4, 311, 4.46202
32, 0.0005, 0, 1, 121, 4.45086
32, 0.0005, 0, 2, 552, 4.43315
32, 0.0005, 0, 3, 427, 4.42191
32, 0.0005, 0, 4, 596, 4.40569
32, 0.0005, 0.1, 1, 136, 4.41037
32, 0.0005, 0.1, 2, 126, 4.40508
32, 0.0005, 0.1, 3, 442, 4.43717
32, 0.0005, 0.1, 4, 698, 4.3303
32, 0.0005, 0.2, 1, 103, 4.37392
32, 0.0005, 0.2, 2, 102, 4.42925
32, 0.0005, 0.2, 3, 563, 4.44368
32, 0.0005, 0.2, 4, 594, 4.38479
32, 0.0005, 0.3, 1, 234, 4.44286
32, 0.0005, 0.3, 2, 164, 4.42601
32, 0.0005, 0.3, 3, 638, 4.43239
32, 0.0005, 0.3, 4, 700, 4.45923
32, 0.0005, 0.4, 1, 173, 4.4133
32, 0.0005, 0.4, 2, 206, 4.4677
32, 0.0005, 0.4, 3, 3, 4.45888
32, 0.0005, 0.4, 4, 0, 4.46216
32, 0.0005, 0.5, 1, 253, 4.41455
32, 0.0005, 0.5, 2, 488, 4.42149
32, 0.0005, 0.5, 3, 1172, 4.45758
32, 0.0005, 0.5, 4, 300, 4.4732
32, 0.0005, 0.6, 1, 118, 4.4379
32, 0.0005, 0.6, 2, 925, 4.43141
32, 0.0005, 0.6, 3, 707, 4.46763
32, 0.0005, 0.6, 4, 38, 4.47019
32, 0.001, 0, 1, 35, 4.50284
32, 0.001, 0, 2, 153, 4.39163
32, 0.001, 0, 3, 258, 4.35401
32, 0.001, 0, 4, 291, 4.42717
32, 0.001, 0.1, 1, 65, 4.45277
32, 0.001, 0.1, 2, 53, 4.41443
32, 0.001, 0.1, 3, 217, 4.41242
32, 0.001, 0.1, 4, 705, 4.47817
32, 0.001, 0.2, 1, 102, 4.44413
32, 0.001, 0.2, 2, 282, 4.41934
32, 0.001, 0.2, 3, 223, 4.42213
32, 0.001, 0.2, 4, 141, 4.44596
32, 0.001, 0.3, 1, 148, 4.37378
32, 0.001, 0.3, 2, 284, 4.41077
32, 0.001, 0.3, 3, 712, 4.39024
32, 0.001, 0.3, 4, 131, 4.45746
32, 0.001, 0.4, 1, 99, 4.41498
32, 0.001, 0.4, 2, 63, 4.44187
32, 0.001, 0.4, 3, 456, 4.41446
32, 0.001, 0.4, 4, 607, 4.44707
32, 0.001, 0.5, 1, 153, 4.40092
32, 0.001, 0.5, 2, 216, 4.44117
32, 0.001, 0.5, 3, 1, 4.48495
32, 0.001, 0.5, 4, 2, 4.48533
32, 0.001, 0.6, 1, 662, 4.40773
32, 0.001, 0.6, 2, 448, 4.41917
32, 0.001, 0.6, 3, 254, 4.4672
32, 0.001, 0.6, 4, 220, 4.46574
32, 0.005, 0, 1, 7, 4.38554
32, 0.005, 0, 2, 43, 4.37382
32, 0.005, 0, 3, 29, 4.4751
32, 0.005, 0, 4, 71, 4.43
32, 0.005, 0.1, 1, 11, 4.46511
32, 0.005, 0.1, 2, 38, 4.39277
32, 0.005, 0.1, 3, 560, 4.69495
32, 0.005, 0.1, 4, 61, 4.45015
32, 0.005, 0.2, 1, 31, 4.40906
32, 0.005, 0.2, 2, 35, 4.42713
32, 0.005, 0.2, 3, 177, 4.53034
32, 0.005, 0.2, 4, 98, 4.49498
32, 0.005, 0.3, 1, 5, 4.47593
32, 0.005, 0.3, 2, 200, 4.33146
32, 0.005, 0.3, 3, 211, 4.48725
32, 0.005, 0.3, 4, 69, 4.42115
32, 0.005, 0.4, 1, 28, 4.41809
32, 0.005, 0.4, 2, 228, 4.47323
32, 0.005, 0.4, 3, 67, 4.44632
32, 0.005, 0.4, 4, 144, 4.42872
32, 0.005, 0.5, 1, 30, 4.42962
32, 0.005, 0.5, 2, 227, 4.44477
32, 0.005, 0.5, 3, 135, 4.41996
32, 0.005, 0.5, 4, 112, 4.45684
32, 0.005, 0.6, 1, 51, 4.45668
32, 0.005, 0.6, 2, 69, 4.43202
32, 0.005, 0.6, 3, 142, 4.45477
32, 0.005, 0.6, 4, 255, 4.44264
32, 0.01, 0, 1, 7, 4.44868
32, 0.01, 0, 2, 7, 4.40165
32, 0.01, 0, 3, 47, 4.53237
32, 0.01, 0, 4, 29, 4.41034
32, 0.01, 0.1, 1, 15, 4.41027
32, 0.01, 0.1, 2, 53, 4.43217
32, 0.01, 0.1, 3, 107, 4.39934
32, 0.01, 0.1, 4, 50, 4.36018
32, 0.01, 0.2, 1, 16, 4.45309
32, 0.01, 0.2, 2, 107, 4.36087
32, 0.01, 0.2, 3, 168, 4.52598
32, 0.01, 0.2, 4, 56, 4.38785
32, 0.01, 0.3, 1, 28, 4.39091
32, 0.01, 0.3, 2, 122, 4.74211
32, 0.01, 0.3, 3, 38, 4.44069
32, 0.01, 0.3, 4, 115, 4.46358
32, 0.01, 0.4, 1, 111, 4.49026
32, 0.01, 0.4, 2, 41, 4.44626
32, 0.01, 0.4, 3, 58, 4.43436
32, 0.01, 0.4, 4, 67, 4.42259
32, 0.01, 0.5, 1, 101, 4.42109
32, 0.01, 0.5, 2, 60, 4.40835
32, 0.01, 0.5, 3, 126, 4.45933
32, 0.01, 0.5, 4, 140, 4.46903
32, 0.01, 0.6, 1, 15, 4.47452
32, 0.01, 0.6, 2, 56, 4.44187
32, 0.01, 0.6, 3, 89, 4.45354
32, 0.01, 0.6, 4, 187, 4.45248
32, 0.05, 0, 1, 1, 4.43534
32, 0.05, 0, 2, 2, 4.4747
32, 0.05, 0, 3, 35, 4.46473
32, 0.05, 0, 4, 98, 4.63806
32, 0.05, 0.1, 1, 2, 4.3986
32, 0.05, 0.1, 2, 165, 4.45556
32, 0.05, 0.1, 3, 102, 4.48763
32, 0.05, 0.1, 4, 5, 4.45226
32, 0.05, 0.2, 1, 10, 4.39199
32, 0.05, 0.2, 2, 4, 4.42394
32, 0.05, 0.2, 3, 57, 4.48606
32, 0.05, 0.2, 4, 284, 4.47505
32, 0.05, 0.3, 1, 4, 4.35862
32, 0.05, 0.3, 2, 23, 4.41314
32, 0.05, 0.3, 3, 15, 4.41474
32, 0.05, 0.3, 4, 79, 4.47469
32, 0.05, 0.4, 1, 1, 4.42043
32, 0.05, 0.4, 2, 124, 4.46908
32, 0.05, 0.4, 3, 249, 4.46182
32, 0.05, 0.4, 4, 1, 4.46662
32, 0.05, 0.5, 1, 23, 4.40378
32, 0.05, 0.5, 2, 116, 4.46981
32, 0.05, 0.5, 3, 40, 4.46669
32, 0.05, 0.5, 4, 147, 4.43959
32, 0.05, 0.6, 1, 40, 4.47925
32, 0.05, 0.6, 2, 149, 4.48174
32, 0.05, 0.6, 3, 21, 4.47108
32, 0.05, 0.6, 4, 37, 4.4684
64, 0.0001, 0, 1, 1065, 4.51932
64, 0.0001, 0, 2, 661, 4.47227
64, 0.0001, 0, 3, 3979, 4.41985
64, 0.0001, 0, 4, 1681, 4.44503
64, 0.0001, 0.1, 1, 1278, 4.49017
64, 0.0001, 0.1, 2, 2175, 4.4487
64, 0.0001, 0.1, 3, 2773, 4.43361
64, 0.0001, 0.1, 4, 1913, 4.45888
64, 0.0001, 0.2, 1, 918, 4.35795
64, 0.0001, 0.2, 2, 2206, 4.45775
64, 0.0001, 0.2, 3, 3426, 4.40695
64, 0.0001, 0.2, 4, 145, 4.49142
64, 0.0001, 0.3, 1, 2081, 4.43818
64, 0.0001, 0.3, 2, 1579, 4.40884
64, 0.0001, 0.3, 3, 115, 4.45443
64, 0.0001, 0.3, 4, 226, 4.45407
64, 0.0001, 0.4, 1, 554, 4.47532
64, 0.0001, 0.4, 2, 672, 4.43747
64, 0.0001, 0.4, 3, 2142, 4.447
64, 0.0001, 0.4, 4, 685, 4.45768
64, 0.0001, 0.5, 1, 536, 4.45451
64, 0.0001, 0.5, 2, 2353, 4.44572
64, 0.0001, 0.5, 3, 2032, 4.453
64, 0.0001, 0.5, 4, 169, 4.4814
64, 0.0001, 0.6, 1, 1999, 4.43288
64, 0.0001, 0.6, 2, 1508, 4.43623
64, 0.0001, 0.6, 3, 1044, 4.46829
64, 0.0001, 0.6, 4, 889, 4.47485
64, 0.0005, 0, 1, 499, 4.39659
64, 0.0005, 0, 2, 181, 4.449
64, 0.0005, 0, 3, 27, 4.48017
64, 0.0005, 0, 4, 813, 4.47583
64, 0.0005, 0.1, 1, 151, 4.47024
64, 0.0005, 0.1, 2, 357, 4.41231
64, 0.0005, 0.1, 3, 498, 4.4264
64, 0.0005, 0.1, 4, 1577, 4.36786
64, 0.0005, 0.2, 1, 362, 4.45986
64, 0.0005, 0.2, 2, 284, 4.47811
64, 0.0005, 0.2, 3, 1, 4.49674
64, 0.0005, 0.2, 4, 622, 4.41843
64, 0.0005, 0.3, 1, 386, 4.45629
64, 0.0005, 0.3, 2, 356, 4.4265
64, 0.0005, 0.3, 3, 8, 4.47047
64, 0.0005, 0.3, 4, 726, 4.44471
64, 0.0005, 0.4, 1, 448, 4.45975
64, 0.0005, 0.4, 2, 617, 4.39954
64, 0.0005, 0.4, 3, 159, 4.46409
64, 0.0005, 0.4, 4, 0, 4.49191
64, 0.0005, 0.5, 1, 49, 4.50678
64, 0.0005, 0.5, 2, 463, 4.46091
64, 0.0005, 0.5, 3, 285, 4.46225
64, 0.0005, 0.5, 4, 102, 4.46689
64, 0.0005, 0.6, 1, 176, 4.45538
64, 0.0005, 0.6, 2, 549, 4.43794
64, 0.0005, 0.6, 3, 720, 4.46772
64, 0.0005, 0.6, 4, 321, 4.46425
64, 0.001, 0, 1, 73, 4.4347
64, 0.001, 0, 2, 242, 4.44228
64, 0.001, 0, 3, 507, 4.43873
64, 0.001, 0, 4, 10, 4.47117
64, 0.001, 0.1, 1, 48, 4.42804
64, 0.001, 0.1, 2, 222, 4.39196
64, 0.001, 0.1, 3, 220, 4.42918
64, 0.001, 0.1, 4, 430, 4.43087
64, 0.001, 0.2, 1, 189, 4.37783
64, 0.001, 0.2, 2, 194, 4.41608
64, 0.001, 0.2, 3, 357, 4.42146
64, 0.001, 0.2, 4, 428, 4.41731
64, 0.001, 0.3, 1, 387, 4.37395
64, 0.001, 0.3, 2, 137, 4.45014
64, 0.001, 0.3, 3, 869, 4.40368
64, 0.001, 0.3, 4, 917, 4.41585
64, 0.001, 0.4, 1, 386, 4.41928
64, 0.001, 0.4, 2, 430, 4.43161
64, 0.001, 0.4, 3, 323, 4.447
64, 0.001, 0.4, 4, 20, 4.46428
64, 0.001, 0.5, 1, 456, 4.43917
64, 0.001, 0.5, 2, 636, 4.42367
64, 0.001, 0.5, 3, 878, 4.43965
64, 0.001, 0.5, 4, 90, 4.47156
64, 0.001, 0.6, 1, 12, 4.44328
64, 0.001, 0.6, 2, 329, 4.4507
64, 0.001, 0.6, 3, 330, 4.47603
64, 0.001, 0.6, 4, 690, 4.46332
64, 0.005, 0, 1, 21, 4.44235
64, 0.005, 0, 2, 40, 4.42383
64, 0.005, 0, 3, 2, 4.48562
64, 0.005, 0, 4, 80, 4.40387
64, 0.005, 0.1, 1, 117, 4.33301
64, 0.005, 0.1, 2, 28, 4.43026
64, 0.005, 0.1, 3, 50, 4.44993
64, 0.005, 0.1, 4, 115, 4.41673
64, 0.005, 0.2, 1, 30, 4.40222
64, 0.005, 0.2, 2, 131, 4.3528
64, 0.005, 0.2, 3, 102, 4.40428
64, 0.005, 0.2, 4, 161, 4.40861
64, 0.005, 0.3, 1, 41, 4.36081
64, 0.005, 0.3, 2, 73, 4.44184
64, 0.005, 0.3, 3, 113, 4.45483
64, 0.005, 0.3, 4, 196, 4.40374
64, 0.005, 0.4, 1, 4, 4.47907
64, 0.005, 0.4, 2, 279, 4.38372
64, 0.005, 0.4, 3, 125, 4.42997
64, 0.005, 0.4, 4, 284, 4.45812
64, 0.005, 0.5, 1, 84, 4.40819
64, 0.005, 0.5, 2, 107, 4.40192
64, 0.005, 0.5, 3, 348, 4.45436
64, 0.005, 0.5, 4, 371, 4.46834
64, 0.005, 0.6, 1, 37, 4.44967
64, 0.005, 0.6, 2, 201, 4.43477
64, 0.005, 0.6, 3, 351, 4.47204
64, 0.005, 0.6, 4, 7, 4.46878
64, 0.01, 0, 1, 20, 4.49903
64, 0.01, 0, 2, 40, 4.4534
64, 0.01, 0, 3, 191, 5.17915
64, 0.01, 0, 4, 80, 4.35197
64, 0.01, 0.1, 1, 15, 4.45512
64, 0.01, 0.1, 2, 63, 4.43796
64, 0.01, 0.1, 3, 417, 5.32555
64, 0.01, 0.1, 4, 265, 4.33573
64, 0.01, 0.2, 1, 43, 4.43852
64, 0.01, 0.2, 2, 16, 4.43087
64, 0.01, 0.2, 3, 172, 4.46596
64, 0.01, 0.2, 4, 262, 4.7563
64, 0.01, 0.3, 1, 73, 4.44419
64, 0.01, 0.3, 2, 18, 4.43908
64, 0.01, 0.3, 3, 51, 4.43718
64, 0.01, 0.3, 4, 44, 4.46596
64, 0.01, 0.4, 1, 28, 4.46604
64, 0.01, 0.4, 2, 98, 4.38304
64, 0.01, 0.4, 3, 74, 4.43397
64, 0.01, 0.4, 4, 115, 4.45172
64, 0.01, 0.5, 1, 65, 4.41472
64, 0.01, 0.5, 2, 123, 4.45084
64, 0.01, 0.5, 3, 141, 4.4184
64, 0.01, 0.5, 4, 77, 4.46668
64, 0.01, 0.6, 1, 16, 4.45779
64, 0.01, 0.6, 2, 95, 4.42253
64, 0.01, 0.6, 3, 150, 4.47236
64, 0.01, 0.6, 4, 65, 4.46663
64, 0.05, 0, 1, 2, 4.43434
64, 0.05, 0, 2, 1, 4.4472
64, 0.05, 0, 3, 36, 4.56562
64, 0.05, 0, 4, 14, 4.54117
64, 0.05, 0.1, 1, 3, 4.49284
64, 0.05, 0.1, 2, 114, 4.46916
64, 0.05, 0.1, 3, 29, 4.43558
64, 0.05, 0.1, 4, 55, 4.38408
64, 0.05, 0.2, 1, 10, 4.35522
64, 0.05, 0.2, 2, 81, 4.48688
64, 0.05, 0.2, 3, 124, 4.49801
64, 0.05, 0.2, 4, 61, 4.5191
64, 0.05, 0.3, 1, 7, 4.49028
64, 0.05, 0.3, 2, 4, 4.46617
64, 0.05, 0.3, 3, 71, 4.3975
64, 0.05, 0.3, 4, 86, 4.44849
64, 0.05, 0.4, 1, 22, 4.45882
64, 0.05, 0.4, 2, 73, 4.44425
64, 0.05, 0.4, 3, 28, 4.44581
64, 0.05, 0.4, 4, 31, 4.44895
64, 0.05, 0.5, 1, 8, 4.43841
64, 0.05, 0.5, 2, 15, 4.47007
64, 0.05, 0.5, 3, 68, 4.47804
64, 0.05, 0.5, 4, 65, 4.47658
64, 0.05, 0.6, 1, 15, 4.42517
64, 0.05, 0.6, 2, 15, 4.41441
64, 0.05, 0.6, 3, 93, 4.46474
64, 0.05, 0.6, 4, 163, 4.45485
128, 0.0001, 0, 1, 2251, 4.38841
128, 0.0001, 0, 2, 802, 4.4428
128, 0.0001, 0, 3, 1784, 4.45418
128, 0.0001, 0, 4, 2090, 4.48307
128, 0.0001, 0.1, 1, 1054, 4.44242
128, 0.0001, 0.1, 2, 1246, 4.43934
128, 0.0001, 0.1, 3, 2208, 4.45723
128, 0.0001, 0.1, 4, 176, 4.47582
128, 0.0001, 0.2, 1, 1804, 4.45336
128, 0.0001, 0.2, 2, 1774, 4.4312
128, 0.0001, 0.2, 3, 159, 4.46584
128, 0.0001, 0.2, 4, 935, 4.4746
128, 0.0001, 0.3, 1, 655, 4.4226
128, 0.0001, 0.3, 2, 174, 4.48715
128, 0.0001, 0.3, 3, 52, 4.46532
128, 0.0001, 0.3, 4, 592, 4.47747
128, 0.0001, 0.4, 1, 3611, 4.41335
128, 0.0001, 0.4, 2, 94, 4.50997
128, 0.0001, 0.4, 3, 1016, 4.4763
128, 0.0001, 0.4, 4, 1167, 4.48036
128, 0.0001, 0.5, 1, 1289, 4.44597
128, 0.0001, 0.5, 2, 876, 4.45212
128, 0.0001, 0.5, 3, 576, 4.47296
128, 0.0001, 0.5, 4, 760, 4.47183
128, 0.0001, 0.6, 1, 1758, 4.45524
128, 0.0001, 0.6, 2, 28, 4.48411
128, 0.0001, 0.6, 3, 785, 4.45518
128, 0.0001, 0.6, 4, 267, 4.47294
128, 0.0005, 0, 1, 377, 4.49881
128, 0.0005, 0, 2, 678, 4.41047
128, 0.0005, 0, 3, 1160, 4.37673
128, 0.0005, 0, 4, 444, 4.45384
128, 0.0005, 0.1, 1, 616, 4.41663
128, 0.0005, 0.1, 2, 710, 4.43303
128, 0.0005, 0.1, 3, 942, 4.4403
128, 0.0005, 0.1, 4, 101, 4.4823
128, 0.0005, 0.2, 1, 438, 4.44219
128, 0.0005, 0.2, 2, 608, 4.42385
128, 0.0005, 0.2, 3, 901, 4.41534
128, 0.0005, 0.2, 4, 371, 4.4698
128, 0.0005, 0.3, 1, 402, 4.44667
128, 0.0005, 0.3, 2, 223, 4.43526
128, 0.0005, 0.3, 3, 19, 4.45171
128, 0.0005, 0.3, 4, 408, 4.47428
128, 0.0005, 0.4, 1, 653, 4.45023
128, 0.0005, 0.4, 2, 172, 4.44508
128, 0.0005, 0.4, 3, 883, 4.45299
128, 0.0005, 0.4, 4, 313, 4.47656
128, 0.0005, 0.5, 1, 562, 4.46205
128, 0.0005, 0.5, 2, 546, 4.46002
128, 0.0005, 0.5, 3, 94, 4.47716
128, 0.0005, 0.5, 4, 77, 4.47464
128, 0.0005, 0.6, 1, 294, 4.49149
128, 0.0005, 0.6, 2, 883, 4.43092
128, 0.0005, 0.6, 3, 223, 4.47472
128, 0.0005, 0.6, 4, 326, 4.47347
128, 0.001, 0, 1, 211, 4.44179
128, 0.001, 0, 2, 344, 4.39192
128, 0.001, 0, 3, 17, 4.4692
128, 0.001, 0, 4, 306, 4.44718
128, 0.001, 0.1, 1, 83, 4.42113
128, 0.001, 0.1, 2, 336, 4.40998
128, 0.001, 0.1, 3, 824, 4.41353
128, 0.001, 0.1, 4, 581, 4.41478
128, 0.001, 0.2, 1, 209, 4.41914
128, 0.001, 0.2, 2, 480, 4.42446
128, 0.001, 0.2, 3, 534, 4.45267
128, 0.001, 0.2, 4, 13, 4.45647
128, 0.001, 0.3, 1, 61, 4.46961
128, 0.001, 0.3, 2, 298, 4.43905
128, 0.001, 0.3, 3, 261, 4.44462
128, 0.001, 0.3, 4, 86, 4.45419
128, 0.001, 0.4, 1, 622, 4.46782
128, 0.001, 0.4, 2, 579, 4.41918
128, 0.001, 0.4, 3, 426, 4.44751
128, 0.001, 0.4, 4, 22, 4.46991
128, 0.001, 0.5, 1, 285, 4.45975
128, 0.001, 0.5, 2, 369, 4.4764
128, 0.001, 0.5, 3, 395, 4.47012
128, 0.001, 0.5, 4, 79, 4.46498
128, 0.001, 0.6, 1, 179, 4.46755
128, 0.001, 0.6, 2, 513, 4.43204
128, 0.001, 0.6, 3, 400, 4.46661
128, 0.001, 0.6, 4, 134, 4.4694
128, 0.005, 0, 1, 110, 4.45203
128, 0.005, 0, 2, 55, 4.3965
128, 0.005, 0, 3, 130, 4.40907
128, 0.005, 0, 4, 5, 4.4679
128, 0.005, 0.1, 1, 107, 4.44496
128, 0.005, 0.1, 2, 40, 4.4259
128, 0.005, 0.1, 3, 322, 4.33733
128, 0.005, 0.1, 4, 245, 4.46999
128, 0.005, 0.2, 1, 15, 4.48402
128, 0.005, 0.2, 2, 62, 4.46871
128, 0.005, 0.2, 3, 294, 4.447
128, 0.005, 0.2, 4, 6, 4.47439
128, 0.005, 0.3, 1, 181, 4.44142
128, 0.005, 0.3, 2, 49, 4.43203
128, 0.005, 0.3, 3, 165, 4.42587
128, 0.005, 0.3, 4, 327, 4.43389
128, 0.005, 0.4, 1, 125, 4.44235
128, 0.005, 0.4, 2, 337, 4.4457
128, 0.005, 0.4, 3, 237, 4.46336
128, 0.005, 0.4, 4, 109, 4.4691
128, 0.005, 0.5, 1, 5, 4.48667
128, 0.005, 0.5, 2, 255, 4.41261
128, 0.005, 0.5, 3, 241, 4.46241
128, 0.005, 0.5, 4, 75, 4.467
128, 0.005, 0.6, 1, 51, 4.42599
128, 0.005, 0.6, 2, 381, 4.42418
128, 0.005, 0.6, 3, 244, 4.45556
128, 0.005, 0.6, 4, 73, 4.47313
128, 0.01, 0, 1, 25, 4.37582
128, 0.01, 0, 2, 17, 4.4247
128, 0.01, 0, 3, 91, 4.43927
128, 0.01, 0, 4, 97, 4.45834
128, 0.01, 0.1, 1, 73, 4.43321
128, 0.01, 0.1, 2, 61, 4.41697
128, 0.01, 0.1, 3, 101, 4.35364
128, 0.01, 0.1, 4, 195, 4.46243
128, 0.01, 0.2, 1, 42, 4.46584
128, 0.01, 0.2, 2, 37, 4.41776
128, 0.01, 0.2, 3, 92, 4.42293
128, 0.01, 0.2, 4, 180, 4.43577
128, 0.01, 0.3, 1, 32, 4.4573
128, 0.01, 0.3, 2, 83, 4.40994
128, 0.01, 0.3, 3, 196, 4.49492
128, 0.01, 0.3, 4, 175, 4.44392
128, 0.01, 0.4, 1, 235, 4.41586
128, 0.01, 0.4, 2, 120, 4.46397
128, 0.01, 0.4, 3, 132, 4.45555
128, 0.01, 0.4, 4, 337, 4.39424
128, 0.01, 0.5, 1, 174, 4.395
128, 0.01, 0.5, 2, 9, 4.47631
128, 0.01, 0.5, 3, 164, 4.44185
128, 0.01, 0.5, 4, 3, 4.46093
128, 0.01, 0.6, 1, 6, 4.43475
128, 0.01, 0.6, 2, 102, 4.48284
128, 0.01, 0.6, 3, 154, 4.46229
128, 0.01, 0.6, 4, 165, 4.45876
128, 0.05, 0, 1, 18, 4.33709
128, 0.05, 0, 2, 36, 4.50491
128, 0.05, 0, 3, 26, 4.4656
128, 0.05, 0, 4, 107, 4.32879
128, 0.05, 0.1, 1, 11, 4.42495
128, 0.05, 0.1, 2, 40, 4.45871
128, 0.05, 0.1, 3, 27, 4.42212
128, 0.05, 0.1, 4, 133, 4.75253
128, 0.05, 0.2, 1, 37, 4.34711
128, 0.05, 0.2, 2, 69, 4.38432
128, 0.05, 0.2, 3, 15, 4.43224
128, 0.05, 0.2, 4, 31, 4.4269
128, 0.05, 0.3, 1, 46, 4.49107
128, 0.05, 0.3, 2, 73, 4.54129
128, 0.05, 0.3, 3, 154, 4.42905
128, 0.05, 0.3, 4, 59, 4.4383
128, 0.05, 0.4, 1, 24, 4.41462
128, 0.05, 0.4, 2, 43, 4.47608
128, 0.05, 0.4, 3, 199, 4.42904
128, 0.05, 0.4, 4, 51, 4.48185
128, 0.05, 0.5, 1, 43, 4.38696
128, 0.05, 0.5, 2, 8, 4.50001
128, 0.05, 0.5, 3, 98, 4.45599
128, 0.05, 0.5, 4, 176, 4.4444
128, 0.05, 0.6, 1, 152, 4.47862
128, 0.05, 0.6, 2, 38, 4.45248
128, 0.05, 0.6, 3, 185, 4.44829
128, 0.05, 0.6, 4, 71, 4.46544
